Case,Limit_Flag,Day,Mach,Alt,Tds,Tt1,Tt2,Tt3,Tt4,Tt5,Tt9,Pt1,Pt2,Pt3,Pt4,Pt5,Pt9,Fn,Fg,Fr,PercFn,WFuel,TSFC,CmpH_Nc,N
1,NONE,STD,0,0,0,518.67,518.667,968.757,1300,869.835,869.835,14.696,13.961,111.688,106.103,20.552,20.552,200,200,0,1,111.9,0.5595,1.00E+04,1.00E+04
2,NONE,STD,0,0,0,518.67,518.667,951.145,1266.018,851.438,851.438,14.696,13.961,105.397,100.127,19.913,19.913,180,180,0,0.9,101,0.56102,9.88E+03,9.88E+03
3,NONE,STD,0,0,0,518.67,518.667,932.058,1230.239,832.746,832.746,14.696,13.961,98.818,93.878,19.282,19.282,160,160,0,0.8,90.2,0.56398,9.76E+03,9.76E+03
4,NONE,STD,0,0,0,518.67,518.667,911.285,1192.756,814.088,814.088,14.696,13.961,91.86,87.267,18.663,18.663,140,140,0,0.7,79.7,0.56959,9.63E+03,9.63E+03
5,NONE,STD,0,0,0,518.67,518.667,888.838,1161.449,803.765,803.765,14.696,13.961,83.683,79.499,18.06,18.06,120,120,0,0.6,71.2,0.59346,9.48E+03,9.48E+03
6,NONE,STD,0,0,0,518.67,518.667,862.973,1128.615,795.359,795.359,14.696,13.961,74.936,71.19,17.476,17.476,100,100,0,0.5,63,0.62986,9.31E+03,9.31E+03
7,NONE,STD,0,0,0,518.67,518.667,832.216,1095.17,791.327,791.327,14.696,13.961,65.347,62.08,16.901,16.901,80,80,0,0.4,55.3,0.69098,9.10E+03,9.10E+03
8,NONE,STD,0,0,0,518.67,518.667,792.457,1067.038,801.9,801.9,14.696,13.961,53.944,51.247,16.33,16.33,60,60,0,0.3,49.1,0.81823,8.80E+03,8.80E+03
9,NONE,STD,0,0,0,518.67,518.667,736.499,1058.637,848.767,848.767,14.696,13.961,40.377,38.358,15.788,15.788,40,40,0,0.2,45.2,1.12996,8.35E+03,8.35E+03
10,NONE,STD,0,0,0,518.67,518.667,610.682,1608.606,1528.645,1528.645,14.696,13.961,20.472,19.449,15.239,15.239,20,20,0,0.1,75.8,3.78885,6.52E+03,6.52E+03
11,NONE,STD,0.1,0,0,518.67,519.704,970.705,1300,868.864,868.864,14.696,14.06,112.509,106.884,20.611,20.611,178.9,201.9,23,1,111.9,0.62568,1.00E+04,1.00E+04
12,NONE,STD,0.1,0,0,518.67,519.704,954.28,1268.115,851.498,851.498,14.696,14.06,106.605,101.275,20.006,20.006,161,183,22,0.9,101.6,0.63126,9.89E+03,9.90E+03
13,NONE,STD,0.1,0,0,518.67,519.704,936.501,1234.556,833.833,833.833,14.696,14.06,100.419,95.398,19.408,19.408,143.1,164.1,21,0.8,91.4,0.63911,9.78E+03,9.79E+03
14,NONE,STD,0.1,0,0,518.67,519.704,917.168,1198.395,815.111,815.111,14.696,14.06,93.984,89.285,18.816,18.816,125.2,145,19.8,0.7,81.2,0.64888,9.65E+03,9.66E+03
15,NONE,STD,0.1,0,0,518.67,519.704,896.298,1168.122,804.266,804.266,14.696,14.06,86.309,81.994,18.232,18.232,107.3,125.8,18.5,0.6,72.9,0.67932,9.51E+03,9.52E+03
16,NONE,STD,0.1,0,0,518.67,519.704,872.367,1136.661,795.338,795.338,14.696,14.06,78.004,74.104,17.663,17.663,89.4,106.4,17,0.5,64.9,0.72538,9.35E+03,9.36E+03
17,NONE,STD,0.1,0,0,518.67,519.704,844.204,1103.159,788.622,788.622,14.696,14.06,69.011,65.561,17.1,17.1,71.5,86.9,15.3,0.4,57,0.7972,9.17E+03,9.18E+03
18,NONE,STD,0.1,0,0,518.67,519.704,808.158,1073.36,793.771,793.771,14.696,14.06,58.192,55.282,16.529,16.529,53.7,67,13.3,0.3,50.5,0.94209,8.91E+03,8.91E+03
19,NONE,STD,0.1,0,0,518.67,519.704,758.51,1052.847,822.01,822.01,14.696,14.06,45.369,43.101,15.975,15.975,35.8,46.6,10.8,0.2,45.5,1.27092,8.53E+03,8.53E+03
20,NONE,STD,0.1,0,0,518.67,519.704,663.838,1160.323,1024.751,1024.751,14.696,14.06,27.091,25.737,15.374,15.374,17.9,24.9,7,0.1,49.8,2.78538,7.55E+03,7.55E+03
21,NONE,STD,0.2,0,0,518.67,522.814,976.455,1300,866.038,866.038,14.696,14.36,114.965,109.217,20.789,20.789,160.7,207.6,46.9,1,111.9,0.69639,1.00E+04,1.00E+04
22,NONE,STD,0.2,0,0,518.67,522.814,961.346,1270.19,849.557,849.557,14.696,14.36,109.442,103.97,20.212,20.212,144.6,189.6,45,0.9,102.2,0.70653,9.90E+03,9.94E+03
23,NONE,STD,0.2,0,0,518.67,522.814,945.068,1238.791,832.664,832.664,14.696,14.36,103.66,98.477,19.639,19.639,128.6,171.6,43,0.8,92.5,0.71972,9.79E+03,9.83E+03
24,NONE,STD,0.2,0,0,518.67,522.814,927.431,1205.284,815.015,815.015,14.696,14.36,97.61,92.73,19.071,19.071,112.5,153.4,40.9,0.7,82.9,0.73665,9.68E+03,9.72E+03
25,NONE,STD,0.2,0,0,518.67,522.814,908.268,1174.767,802.189,802.189,14.696,14.36,90.609,86.078,18.503,18.503,96.4,134.9,38.5,0.6,74.4,0.77181,9.55E+03,9.59E+03
26,NONE,STD,0.2,0,0,518.67,522.814,886.511,1144.86,792.701,792.701,14.696,14.36,82.749,78.612,17.948,17.948,80.3,116,35.7,0.5,66.6,0.82937,9.41E+03,9.45E+03
27,NONE,STD,0.2,0,0,518.67,522.814,861.121,1112.283,784.154,784.154,14.696,14.36,74.249,70.537,17.392,17.392,64.3,96.8,32.6,0.4,58.9,0.91601,9.25E+03,9.28E+03
28,NONE,STD,0.2,0,0,518.67,522.814,829.607,1079.864,782.04,782.04,14.696,14.36,64.313,61.097,16.824,16.824,48.2,77.1,28.9,0.3,51.8,1.07534,9.03E+03,9.06E+03
29,NONE,STD,0.2,0,0,518.67,522.814,787.384,1048.996,792.301,792.301,14.696,14.36,52.433,49.812,16.236,16.236,32.1,56.6,24.4,0.2,45.6,1.41763,8.71E+03,8.75E+03
30,NONE,STD,0.2,0,0,518.67,522.814,717.537,1047.54,860.063,860.063,14.696,14.36,36.314,34.498,15.624,15.624,16.1,34.1,18,0.1,42.3,2.63013,8.14E+03,8.18E+03
31,NONE,STD,0.3,0,0,518.67,527.997,985.776,1300,861.585,861.585,14.696,14.871,119.044,113.092,21.089,21.089,144.7,217,72.3,1,111.8,0.77244,9.99E+03,1.01E+04
32,NONE,STD,0.3,0,0,518.67,527.997,972.094,1272.331,845.949,845.949,14.696,14.871,113.907,108.212,20.537,20.537,130.3,200,69.7,0.9,102.6,0.78785,9.90E+03,9.99E+03
33,NONE,STD,0.3,0,0,518.67,527.997,957.487,1243.122,829.69,829.69,14.696,14.871,108.563,103.135,19.987,19.987,115.8,182.7,66.9,0.8,93.5,0.80704,9.81E+03,9.90E+03
34,NONE,STD,0.3,0,0,518.67,527.997,941.669,1212.154,812.884,812.884,14.696,14.871,102.943,97.796,19.438,19.438,101.3,165.3,64,0.7,84.3,0.83194,9.71E+03,9.80E+03
35,NONE,STD,0.3,0,0,518.67,527.997,924.361,1182.15,798.706,798.706,14.696,14.871,96.584,91.754,18.889,18.889,86.8,147.5,60.7,0.6,75.9,0.87367,9.60E+03,9.68E+03
36,NONE,STD,0.3,0,0,518.67,527.997,905.16,1154.022,788.518,788.518,14.696,14.871,89.287,84.822,18.345,18.345,72.4,129.2,56.9,0.5,68.4,0.94468,9.47E+03,9.55E+03
37,NONE,STD,0.3,0,0,518.67,527.997,882.856,1123.24,778.741,778.741,14.696,14.871,81.337,77.271,17.797,17.797,57.9,110.5,52.6,0.4,60.8,1.05052,9.32E+03,9.41E+03
38,NONE,STD,0.3,0,0,518.67,527.997,856.254,1088.902,769.676,769.676,14.696,14.871,72.589,68.96,17.237,17.237,43.4,91.2,47.8,0.3,53.2,1.2253,9.16E+03,9.24E+03
39,NONE,STD,0.3,0,0,518.67,527.997,820.905,1055.208,770.199,770.199,14.696,14.871,61.472,58.398,16.647,16.647,28.9,70.7,41.8,0.2,46.6,1.61034,8.90E+03,8.98E+03
40,NONE,STD,0.3,0,0,518.67,527.997,769.968,1020.978,785.774,785.774,14.696,14.871,47.838,45.446,16.012,16.012,14.5,48.4,33.9,0.1,40.4,2.78934,8.51E+03,8.59E+03
41,NONE,STD,0.4,0,0,518.67,535.254,998.322,1300,855.834,855.834,14.696,15.605,124.732,118.496,21.516,21.516,130.3,230.3,100,1,111.5,0.85564,9.98E+03,1.01E+04
42,NONE,STD,0.4,0,0,518.67,535.254,986.155,1274.571,841.065,841.065,14.696,15.605,119.996,113.997,20.988,20.988,117.3,214.1,96.9,0.9,102.9,0.87724,9.90E+03,1.01E+04
43,NONE,STD,0.4,0,0,518.67,535.254,973.346,1247.728,825.502,825.502,14.696,15.605,115.126,109.37,20.46,20.46,104.2,197.8,93.5,0.8,94.2,0.90357,9.82E+03,9.98E+03
44,NONE,STD,0.4,0,0,518.67,535.254,959.478,1219.51,809.631,809.631,14.696,15.605,109.982,104.483,19.932,19.932,91.2,181.2,90,0.7,85.6,0.93811,9.73E+03,9.89E+03
45,NONE,STD,0.4,0,0,518.67,535.254,944.134,1190.249,794.236,794.236,14.696,15.605,104.389,99.169,19.41,19.41,78.2,164.3,86.1,0.6,77.2,0.98741,9.64E+03,9.79E+03
46,NONE,STD,0.4,0,0,518.67,535.254,927.556,1164.752,784.16,784.16,14.696,15.605,97.578,92.699,18.876,18.876,65.2,146.6,81.4,0.5,70.1,1.07637,9.53E+03,9.68E+03
47,NONE,STD,0.4,0,0,518.67,535.254,908.726,1136.355,773.381,773.381,14.696,15.605,90.372,85.853,18.335,18.335,52.1,128.5,76.3,0.4,62.9,1.20622,9.40E+03,9.55E+03
48,NONE,STD,0.4,0,0,518.67,535.254,886.546,1104.636,762.585,762.585,14.696,15.605,82.422,78.301,17.784,17.784,39.1,109.7,70.6,0.3,55.5,1.41951,9.26E+03,9.41E+03
49,NONE,STD,0.4,0,0,518.67,535.254,859.129,1069.575,753.698,753.698,14.696,15.605,73.19,69.531,17.21,17.21,26.1,90,63.9,0.2,48.2,1.85097,9.09E+03,9.23E+03
50,NONE,STD,0.4,0,0,518.67,535.254,821.439,1031.433,752.078,752.078,14.696,15.605,61.307,58.241,16.589,16.589,13,68.4,55.4,0.1,41.5,3.18467,8.81E+03,8.95E+03
51,NONE,STD,0.5,0,0,518.67,544.583,1013.738,1300,849.149,849.149,14.696,16.585,132.029,125.427,22.078,22.078,116.7,247.5,130.8,1,110.8,0.94921,9.97E+03,1.02E+04
52,NONE,STD,0.5,0,0,518.67,544.583,1003.247,1276.955,835.224,835.224,14.696,16.585,127.768,121.38,21.575,21.575,105.1,232.3,127.2,0.9,102.7,0.97804,9.90E+03,1.01E+04
53,NONE,STD,0.5,0,0,518.67,544.583,992.229,1252.771,820.675,820.675,14.696,16.585,123.377,117.208,21.072,21.072,93.4,216.9,123.5,0.8,94.6,1.01357,9.83E+03,1.01E+04
54,NONE,STD,0.5,0,0,518.67,544.583,980.347,1227.584,806,806,14.696,16.585,118.724,112.788,20.567,20.567,81.7,201.2,119.5,0.7,86.6,1.06037,9.76E+03,1.00E+04
55,NONE,STD,0.5,0,0,518.67,544.583,967.3,1201.271,791.385,791.385,14.696,16.585,113.738,108.051,20.071,20.071,70,185.3,115.2,0.6,78.8,1.12483,9.67E+03,9.91E+03
56,NONE,STD,0.5,0,0,518.67,544.583,953.18,1176.68,779.75,779.75,14.696,16.585,107.847,102.455,19.56,19.56,58.4,168.6,110.2,0.5,71.7,1.2292,9.58E+03,9.82E+03
57,NONE,STD,0.5,0,0,518.67,544.583,937.64,1151.678,769.199,769.199,14.696,16.585,101.307,96.241,19.033,19.033,46.7,151.3,104.6,0.4,65,1.39188,9.48E+03,9.71E+03
58,NONE,STD,0.5,0,0,518.67,544.583,919.966,1123.899,757.965,757.965,14.696,16.585,94.312,89.596,18.496,18.496,35,133.5,98.4,0.3,58.1,1.65842,9.37E+03,9.60E+03
59,NONE,STD,0.5,0,0,518.67,544.583,899.043,1092.317,746.122,746.122,14.696,16.585,86.586,82.257,17.944,17.944,23.3,114.9,91.5,0.2,51,2.18258,9.24E+03,9.47E+03
60,NONE,STD,0.5,0,0,518.67,544.583,872.645,1056.875,735.905,735.905,14.696,16.585,77.285,73.421,17.358,17.358,11.7,94.9,83.2,0.1,44,3.76575,9.07E+03,9.29E+03
61,NONE,STD,0.6,0,0,518.67,555.986,1031.63,1300,841.879,841.879,14.696,17.837,140.937,133.89,22.784,22.784,103.4,268.8,165.3,1,109.5,1.05885,9.94E+03,1.03E+04
62,NONE,STD,0.6,0,0,518.67,555.986,1022.916,1279.582,828.963,828.963,14.696,17.837,137.209,130.349,22.312,22.312,93.1,254.6,161.6,0.9,102.1,1.09677,9.89E+03,1.02E+04
63,NONE,STD,0.6,0,0,518.67,555.986,1013.693,1258.426,815.821,815.821,14.696,17.837,133.32,126.654,21.838,21.838,82.7,240.3,157.6,0.8,94.7,1.14465,9.83E+03,1.02E+04
64,NONE,STD,0.6,0,0,518.67,555.986,1003.831,1236.443,802.497,802.497,14.696,17.837,129.229,122.767,21.361,21.361,72.4,225.8,153.4,0.7,87.4,1.207,9.77E+03,1.01E+04
65,NONE,STD,0.6,0,0,518.67,555.986,993.048,1213.659,789.3,789.3,14.696,17.837,124.841,118.599,20.895,20.895,62.1,211,148.9,0.6,80.2,1.29254,9.70E+03,1.00E+04
66,NONE,STD,0.6,0,0,518.67,555.986,981.42,1190.435,776.558,776.558,14.696,17.837,120.032,114.03,20.42,20.42,51.7,195.7,144,0.5,73.3,1.41659,9.63E+03,9.97E+03
67,NONE,STD,0.6,0,0,518.67,555.986,968.972,1168.691,766.286,766.286,14.696,17.837,114.319,108.603,19.918,19.918,41.4,179.6,138.2,0.4,67,1.61955,9.55E+03,9.88E+03
68,NONE,STD,0.6,0,0,518.67,555.986,955.233,1145.156,755.491,755.491,14.696,17.837,108.268,102.854,19.402,19.402,31,163,132,0.3,60.7,1.95499,9.46E+03,9.79E+03
69,NONE,STD,0.6,0,0,518.67,555.986,939.82,1119.137,743.852,743.852,14.696,17.837,101.793,96.704,18.867,18.867,20.7,145.9,125.2,0.2,54.1,2.61775,9.36E+03,9.69E+03
70,NONE,STD,0.6,0,0,518.67,555.986,921.848,1089.727,731.342,731.342,14.696,17.837,94.699,89.964,18.314,18.314,10.3,128,117.6,0.1,47.5,4.58821,9.25E+03,9.58E+03
71,NONE,STD,0.7,0,0,518.67,569.463,1051.885,1300,834.145,834.145,14.696,19.392,151.644,144.062,23.658,23.658,90.1,294.4,204.4,1,107.4,1.19265,9.91E+03,1.04E+04
72,NONE,STD,0.7,0,0,518.67,569.463,1044.906,1282.683,822.78,822.78,14.696,19.392,148.453,141.03,23.22,23.22,81,281.6,200.6,0.9,100.8,1.24388,9.87E+03,1.03E+04
73,NONE,STD,0.7,0,0,518.67,569.463,1037.435,1264.774,811.313,811.313,14.696,19.392,145.079,137.825,22.781,22.781,72,268.6,196.6,0.8,94.3,1.30836,9.82E+03,1.03E+04
74,NONE,STD,0.7,0,0,518.67,569.463,1029.522,1246.24,799.666,799.666,14.696,19.392,141.559,134.481,22.339,22.339,63,255.4,192.4,0.7,87.7,1.39183,9.77E+03,1.02E+04
75,NONE,STD,0.7,0,0,518.67,569.463,1020.938,1227.07,788.059,788.059,14.696,19.392,137.828,130.936,21.911,21.911,54,242,187.9,0.6,81.3,1.50513,9.72E+03,1.02E+04
76,NONE,STD,0.7,0,0,518.67,569.463,1011.902,1206.982,775.976,775.976,14.696,19.392,133.961,127.263,21.47,21.47,45,228.3,183.3,0.5,74.9,1.66277,9.66E+03,1.01E+04
77,NONE,STD,0.7,0,0,518.67,569.463,1002.395,1187.696,765.28,765.28,14.696,19.392,129.45,122.977,21,21,36,214,178,0.4,68.9,1.91222,9.60E+03,1.01E+04
78,NONE,STD,0.7,0,0,518.67,569.463,992.119,1168.184,755.171,755.171,14.696,19.392,124.454,118.231,20.517,20.517,27,199.1,172.1,0.3,63.1,2.33646,9.54E+03,9.99E+03
79,NONE,STD,0.7,0,0,518.67,569.463,980.85,1147.341,744.715,744.715,14.696,19.392,119.128,113.171,20.024,20.024,18,183.7,165.7,0.2,57.3,3.18349,9.46E+03,9.92E+03
80,NONE,STD,0.7,0,0,518.67,569.463,968.328,1124.665,733.66,733.66,14.696,19.392,113.439,107.767,19.521,19.521,9,167.9,158.9,0.1,51.5,5.71472,9.39E+03,9.83E+03
81,NONE,STD,0.8,0,0,518.67,585.012,1073.665,1300,826.809,826.809,14.696,21.287,163.952,155.755,24.731,24.731,76.3,324.6,248.3,1,104.3,1.36723,9.87E+03,1.05E+04
82,NONE,STD,0.8,0,0,518.67,585.012,1068.41,1285.911,817.12,817.12,14.696,21.287,161.397,153.327,24.334,24.334,68.7,313.5,244.8,0.9,98.7,1.4368,9.83E+03,1.04E+04
83,NONE,STD,0.8,0,0,518.67,585.012,1062.91,1271.47,807.337,807.337,14.696,21.287,158.745,150.808,23.936,23.936,61,302.2,241.2,0.8,93,1.52426,9.80E+03,1.04E+04
84,NONE,STD,0.8,0,0,518.67,585.012,1057.144,1256.655,797.446,797.446,14.696,21.287,155.991,148.192,23.536,23.536,53.4,290.8,237.4,0.7,87.4,1.63732,9.76E+03,1.04E+04
85,NONE,STD,0.8,0,0,518.67,585.012,1050.795,1241.172,787.46,787.46,14.696,21.287,152.988,145.338,23.138,23.138,45.8,279.1,233.3,0.6,81.8,1.7878,9.73E+03,1.03E+04
86,NONE,STD,0.8,0,0,518.67,585.012,1044.113,1225.137,777.258,777.258,14.696,21.287,149.869,142.375,22.735,22.735,38.1,267.2,229,0.5,76.2,1.99854,9.69E+03,1.03E+04
87,NONE,STD,0.8,0,0,518.67,585.012,1037.083,1208.607,766.914,766.914,14.696,21.287,146.601,139.271,22.327,22.327,30.5,255,224.5,0.4,70.7,2.31574,9.64E+03,1.02E+04
88,NONE,STD,0.8,0,0,518.67,585.012,1029.684,1193.352,758.34,758.34,14.696,21.287,142.557,135.43,21.896,21.896,22.9,242.1,219.2,0.3,65.7,2.87045,9.59E+03,1.02E+04
89,NONE,STD,0.8,0,0,518.67,585.012,1021.752,1177.188,749.381,749.381,14.696,21.287,138.383,131.464,21.459,21.459,15.3,228.8,213.6,0.2,60.7,3.97661,9.54E+03,1.01E+04
90,NONE,STD,0.8,0,0,518.67,585.012,1013.201,1160.091,740.101,740.101,14.696,21.287,133.988,127.288,21.016,21.016,7.6,215.3,207.6,0.1,55.6,7.29182,9.49E+03,1.01E+04
91,NONE,STD,0.9,0,0,518.67,602.625,1096.741,1300,820.055,820.055,14.696,23.574,177.888,168.993,25.989,25.989,61.4,359.2,297.8,1,100,1.62764,9.81E+03,1.06E+04
92,NONE,STD,0.9,0,0,518.67,602.625,1093.004,1289.066,812.197,812.197,14.696,23.574,175.936,167.139,25.639,25.639,55.3,350,294.7,0.9,95.3,1.72429,9.79E+03,1.06E+04
93,NONE,STD,0.9,0,0,518.67,602.625,1089.125,1277.94,804.291,804.291,14.696,23.574,173.922,165.226,25.288,25.288,49.1,340.7,291.6,0.8,90.7,1.84566,9.77E+03,1.05E+04
94,NONE,STD,0.9,0,0,518.67,602.625,1085.03,1266.635,796.425,796.425,14.696,23.574,171.811,163.221,24.943,24.943,43,331.3,288.3,0.7,86.1,2.0031,9.74E+03,1.05E+04
95,NONE,STD,0.9,0,0,518.67,602.625,1080.714,1255.096,788.548,788.548,14.696,23.574,169.609,161.128,24.604,24.604,36.9,321.7,284.9,0.6,81.6,2.21423,9.72E+03,1.05E+04
96,NONE,STD,0.9,0,0,518.67,602.625,1076.244,1243.284,780.554,780.554,14.696,23.574,167.345,158.978,24.263,24.263,30.7,312,281.3,0.5,77.1,2.51002,9.69E+03,1.04E+04
97,NONE,STD,0.9,0,0,518.67,602.625,1071.608,1231.177,772.431,772.431,14.696,23.574,165.015,156.764,23.918,23.918,24.6,302.2,277.7,0.4,72.6,2.95394,9.66E+03,1.04E+04
98,NONE,STD,0.9,0,0,518.67,602.625,1066.837,1219.257,764.665,764.665,14.696,23.574,162.427,154.306,23.565,23.565,18.4,292.1,273.7,0.3,68.2,3.70287,9.63E+03,1.04E+04
99,NONE,STD,0.9,0,0,518.67,602.625,1061.7,1207.453,757.419,757.419,14.696,23.574,159.376,151.408,23.2,23.2,12.3,281.4,269.1,0.2,64.1,5.21521,9.60E+03,1.03E+04
100,NONE,STD,0.9,0,0,518.67,602.625,1056.256,1195.193,750.023,750.023,14.696,23.574,156.2,148.39,22.831,22.831,6.1,270.5,264.4,0.1,59.9,9.7515,9.56E+03,1.03E+04
101,NONE,STD,0,5000,0,500.839,500.839,957.62,1300,863.859,863.859,12.228,11.616,99.703,94.718,17.818,17.818,188.9,188.9,0,1,103.6,0.5485,1.01E+04,9.97E+03
102,NONE,STD,0,5000,0,500.839,500.839,939.865,1263.742,843.134,843.134,12.228,11.616,94.098,89.393,17.204,17.204,170.1,170.1,0,0.9,93.1,0.54761,1.00E+04,9.85E+03
103,NONE,STD,0,5000,0,500.839,500.839,920.849,1225.58,821.803,821.803,12.228,11.616,88.288,83.874,16.6,16.6,151.2,151.2,0,0.8,82.7,0.54739,9.90E+03,9.73E+03
104,NONE,STD,0,5000,0,500.839,500.839,899.885,1185.643,800.711,800.711,12.228,11.616,82.125,78.019,16.007,16.007,132.3,132.3,0,0.7,72.7,0.54959,9.76E+03,9.59E+03
105,NONE,STD,0,5000,0,500.839,500.839,876.537,1146.73,783.25,783.25,12.228,11.616,75.253,71.49,15.445,15.445,113.4,113.4,0,0.6,63.6,0.56099,9.60E+03,9.44E+03
106,NONE,STD,0,5000,0,500.839,500.839,850.954,1112.327,772.933,772.933,12.228,11.616,67.354,63.986,14.886,14.886,94.5,94.5,0,0.5,55.9,0.59144,9.42E+03,9.26E+03
107,NONE,STD,0,5000,0,500.839,500.839,820.612,1075.609,765.108,765.108,12.228,11.616,58.84,55.898,14.336,14.336,75.6,75.6,0,0.4,48.4,0.64046,9.22E+03,9.06E+03
108,NONE,STD,0,5000,0,500.839,500.839,782.078,1040.909,767.683,767.683,12.228,11.616,48.896,46.452,13.791,13.791,56.7,56.7,0,0.3,41.9,0.73992,8.93E+03,8.78E+03
109,NONE,STD,0,5000,0,500.839,500.839,728.86,1017.566,796.618,796.618,12.228,11.616,37.058,35.205,13.249,13.249,37.8,37.8,0,0.2,37,0.97978,8.51E+03,8.36E+03
110,NONE,STD,0,5000,0,500.839,500.839,623.94,1196.536,1081.818,1081.818,12.228,11.616,20.534,19.508,12.74,12.74,18.9,18.9,0,0.1,44.4,2.35074,7.30E+03,7.17E+03
111,NONE,STD,0.1,5000,0,500.839,501.841,959.414,1300,863.004,863.004,12.228,11.699,100.392,95.372,17.874,17.874,170.4,190.7,20.3,1,103.7,0.60859,1.01E+04,9.98E+03
112,NONE,STD,0.1,5000,0,500.839,501.841,942.791,1265.836,843.373,843.373,12.228,11.699,95.113,90.357,17.291,17.291,153.3,172.8,19.4,0.9,93.7,0.61128,1.00E+04,9.87E+03
113,NONE,STD,0.1,5000,0,500.839,501.841,925.049,1230.049,823.268,823.268,12.228,11.699,89.639,85.158,16.715,16.715,136.3,154.8,18.5,0.8,83.9,0.61553,9.91E+03,9.75E+03
114,NONE,STD,0.1,5000,0,500.839,501.841,905.528,1192.309,803.029,803.029,12.228,11.699,83.836,79.644,16.147,16.147,119.3,136.8,17.5,0.7,74.3,0.62269,9.78E+03,9.62E+03
115,NONE,STD,0.1,5000,0,500.839,501.841,883.533,1153.5,784.288,784.288,12.228,11.699,77.506,73.631,15.603,15.603,102.2,118.6,16.4,0.6,65.1,0.63729,9.64E+03,9.48E+03
116,NONE,STD,0.1,5000,0,500.839,501.841,859.784,1120.657,773.739,773.739,12.228,11.699,69.983,66.484,15.058,15.058,85.2,100.3,15.1,0.5,57.6,0.67643,9.47E+03,9.32E+03
117,NONE,STD,0.1,5000,0,500.839,501.841,831.758,1085.325,765.006,765.006,12.228,11.699,61.825,58.734,14.515,14.515,68.2,81.7,13.6,0.4,50.3,0.73742,9.28E+03,9.13E+03
118,NONE,STD,0.1,5000,0,500.839,501.841,796.766,1048.57,761.899,761.899,12.228,11.699,52.564,49.936,13.973,13.973,51.1,63,11.9,0.3,43.3,0.84806,9.04E+03,8.89E+03
119,NONE,STD,0.1,5000,0,500.839,501.841,749.113,1019.019,778.934,778.934,12.228,11.699,41.227,39.166,13.422,13.422,34.1,43.8,9.7,0.2,37.8,1.10979,8.67E+03,8.52E+03
120,NONE,STD,0.1,5000,0,500.839,501.841,662.407,1059.531,906.001,906.001,12.228,11.699,25.574,24.295,12.866,12.866,17,23.6,6.5,0.1,37.4,2.1942,7.83E+03,7.71E+03
121,NONE,STD,0.2,5000,0,500.839,504.846,964.727,1300,860.525,860.525,12.228,11.95,102.459,97.336,18.041,18.041,154.6,195.9,41.3,1,103.8,0.6717,1.01E+04,1.00E+04
122,NONE,STD,0.2,5000,0,500.839,504.846,949.38,1268.107,842.03,842.03,12.228,11.95,97.515,92.639,17.482,17.482,139.1,178.8,39.6,0.9,94.4,0.67863,1.00E+04,9.90E+03
123,NONE,STD,0.2,5000,0,500.839,504.846,933.063,1234.651,822.955,822.955,12.228,11.95,92.357,87.739,16.928,16.928,123.7,161.6,37.9,0.8,85.1,0.68779,9.93E+03,9.79E+03
124,NONE,STD,0.2,5000,0,500.839,504.846,915.159,1199.158,803.451,803.451,12.228,11.95,86.916,82.57,16.379,16.379,108.2,144.2,36,0.7,75.8,0.70057,9.81E+03,9.68E+03
125,NONE,STD,0.2,5000,0,500.839,504.846,894.916,1162.269,784.95,784.95,12.228,11.95,80.984,76.935,15.851,15.851,92.7,126.7,34,0.6,67,0.72189,9.68E+03,9.55E+03
126,NONE,STD,0.2,5000,0,500.839,504.846,873.04,1129.121,772.17,772.17,12.228,11.95,74.038,70.336,15.315,15.315,77.3,108.8,31.5,0.5,59.3,0.76708,9.52E+03,9.40E+03
127,NONE,STD,0.2,5000,0,500.839,504.846,847.637,1095.074,762.124,762.124,12.228,11.95,66.281,62.967,14.777,14.777,61.8,90.6,28.8,0.4,52,0.84108,9.35E+03,9.23E+03
128,NONE,STD,0.2,5000,0,500.839,504.846,816.663,1056.803,753.402,753.402,12.228,11.95,57.743,54.856,14.235,14.235,46.4,72,25.6,0.3,44.7,0.96369,9.15E+03,9.03E+03
129,NONE,STD,0.2,5000,0,500.839,504.846,774.696,1021.804,759.191,759.191,12.228,11.95,46.963,44.615,13.675,13.675,30.9,52.5,21.6,0.2,38.6,1.24934,8.82E+03,8.71E+03
130,NONE,STD,0.2,5000,0,500.839,504.846,707.395,1001.158,804.932,804.932,12.228,11.95,32.885,31.241,13.082,13.082,15.5,31.6,16.1,0.1,34.1,2.20359,8.27E+03,8.16E+03
131,NONE,STD,0.3,5000,0,500.839,509.854,973.252,1300,856.723,856.723,12.228,12.376,105.877,100.583,18.317,18.317,140.7,204.3,63.6,1,104,0.73866,1.01E+04,1.00E+04
132,NONE,STD,0.3,5000,0,500.839,509.854,959.233,1270.179,839.098,839.098,12.228,12.376,101.244,96.182,17.779,17.779,126.7,187.9,61.3,0.9,95,0.75003,1.00E+04,9.95E+03
133,NONE,STD,0.3,5000,0,500.839,509.854,944.473,1238.947,820.813,820.813,12.228,12.376,96.435,91.613,17.243,17.243,112.6,171.4,58.9,0.8,86.1,0.76442,9.94E+03,9.85E+03
134,NONE,STD,0.3,5000,0,500.839,509.854,928.315,1206.217,802.457,802.457,12.228,12.376,91.316,86.75,16.709,16.709,98.5,154.8,56.2,0.7,77.3,0.78453,9.83E+03,9.75E+03
135,NONE,STD,0.3,5000,0,500.839,509.854,910.063,1171.73,784.47,784.47,12.228,12.376,85.783,81.493,16.195,16.195,84.4,137.8,53.4,0.6,68.8,0.8143,9.71E+03,9.63E+03
136,NONE,STD,0.3,5000,0,500.839,509.854,890.148,1138.215,769.31,769.31,12.228,12.376,79.484,75.51,15.67,15.67,70.4,120.4,50.1,0.5,60.9,0.86557,9.58E+03,9.50E+03
137,NONE,STD,0.3,5000,0,500.839,509.854,867.737,1105.832,757.975,757.975,12.228,12.376,72.23,68.618,15.134,15.134,56.3,102.5,46.3,0.4,53.8,0.95497,9.42E+03,9.34E+03
138,NONE,STD,0.3,5000,0,500.839,509.854,840.701,1069.813,747.629,747.629,12.228,12.376,64.177,60.968,14.591,14.591,42.2,84.1,41.9,0.3,46.6,1.104,9.25E+03,9.17E+03
139,NONE,STD,0.3,5000,0,500.839,509.854,805.583,1030.136,741.736,741.736,12.228,12.376,54.523,51.796,14.03,14.03,28.1,64.8,36.6,0.2,39.7,1.41143,9.00E+03,8.92E+03
140,NONE,STD,0.3,5000,0,500.839,509.854,754.184,991.323,753.123,753.123,12.228,12.376,42.081,39.977,13.425,13.425,14.1,43.6,29.6,0.1,33.7,2.39322,8.61E+03,8.53E+03
141,NONE,STD,0.4,5000,0,500.839,516.866,984.774,1300,851.801,851.801,12.228,12.99,110.659,105.126,18.711,18.711,128.4,216.2,87.8,1,104,0.80996,1.01E+04,1.01E+04
142,NONE,STD,0.4,5000,0,500.839,516.866,972.267,1272.38,834.998,834.998,12.228,12.99,106.365,101.047,18.19,18.19,115.6,200.6,85,0.9,95.5,0.8263,1.00E+04,1.00E+04
143,NONE,STD,0.4,5000,0,500.839,516.866,959.067,1243.47,817.604,817.604,12.228,12.99,101.901,96.806,17.671,17.671,102.7,184.7,82,0.8,87,0.84687,9.95E+03,9.93E+03
144,NONE,STD,0.4,5000,0,500.839,516.866,944.708,1213.322,800.158,800.158,12.228,12.99,97.152,92.295,17.152,17.152,89.9,168.7,78.8,0.7,78.6,0.87491,9.85E+03,9.83E+03
145,NONE,STD,0.4,5000,0,500.839,516.866,928.623,1181.957,783.263,783.263,12.228,12.99,91.991,87.392,16.65,16.65,77,152.3,75.3,0.6,70.6,0.91587,9.74E+03,9.73E+03
146,NONE,STD,0.4,5000,0,500.839,516.866,910.867,1148.655,766.129,766.129,12.228,12.99,86.431,82.109,16.14,16.14,64.2,135.6,71.4,0.5,62.6,0.97454,9.63E+03,9.61E+03
147,NONE,STD,0.4,5000,0,500.839,516.866,891.522,1118.443,753.972,753.972,12.228,12.99,79.725,75.739,15.607,15.607,51.4,118.1,66.8,0.4,55.6,1.08276,9.50E+03,9.48E+03
148,NONE,STD,0.4,5000,0,500.839,516.866,868.684,1084.888,741.941,741.941,12.228,12.99,72.341,68.724,15.064,15.064,38.5,100,61.5,0.3,48.6,1.26214,9.35E+03,9.33E+03
149,NONE,STD,0.4,5000,0,500.839,516.866,840.699,1046.087,729.762,729.762,12.228,12.99,64.036,60.835,14.5,14.5,25.7,81.1,55.5,0.2,41.4,1.61309,9.17E+03,9.15E+03
150,NONE,STD,0.4,5000,0,500.839,516.866,801.268,1003.227,725.051,725.051,12.228,12.99,53.095,50.44,13.908,13.908,12.8,60.5,47.7,0.1,34.8,2.7096,8.87E+03,8.86E+03
151,NONE,STD,0.5,5000,0,500.839,525.882,998.944,1300,846.087,846.087,12.228,13.81,116.794,110.954,19.23,19.23,117,231.7,114.7,1,103.8,0.88723,1.01E+04,1.02E+04
152,NONE,STD,0.5,5000,0,500.839,525.882,988.052,1274.719,830.164,830.164,12.228,13.81,112.87,107.226,18.727,18.727,105.3,216.7,111.4,0.9,95.8,0.90931,1.00E+04,1.01E+04
153,NONE,STD,0.5,5000,0,500.839,525.882,976.481,1248.353,813.827,813.827,12.228,13.81,108.78,103.341,18.224,18.224,93.6,201.6,108,0.8,87.7,0.93731,9.94E+03,1.00E+04
154,NONE,STD,0.5,5000,0,500.839,525.882,963.925,1220.969,797.478,797.478,12.228,13.81,104.421,99.2,17.724,17.724,81.9,186.2,104.3,0.7,79.9,0.97499,9.86E+03,9.93E+03
155,NONE,STD,0.5,5000,0,500.839,525.882,950.041,1192.496,781.4,781.4,12.228,13.81,99.707,94.722,17.234,17.234,70.2,170.5,100.3,0.6,72.2,1.02813,9.77E+03,9.84E+03
156,NONE,STD,0.5,5000,0,500.839,525.882,934.797,1162.221,764.892,764.892,12.228,13.81,94.68,89.946,16.735,16.735,58.5,154.5,96,0.5,64.5,1.1032,9.68E+03,9.74E+03
157,NONE,STD,0.5,5000,0,500.839,525.882,918.465,1132.957,750.659,750.659,12.228,13.81,88.84,84.398,16.204,16.204,46.8,137.8,91,0.4,57.5,1.2281,9.56E+03,9.63E+03
158,NONE,STD,0.5,5000,0,500.839,525.882,899.889,1102.263,737.296,737.296,12.228,13.81,82.286,78.172,15.661,15.661,35.1,120.4,85.3,0.3,50.6,1.44266,9.44E+03,9.51E+03
159,NONE,STD,0.5,5000,0,500.839,525.882,877.836,1067.635,723.442,723.442,12.228,13.81,74.996,71.246,15.104,15.104,23.4,102.2,78.8,0.2,43.7,1.86712,9.30E+03,9.36E+03
160,NONE,STD,0.5,5000,0,500.839,525.882,850.188,1026.826,708.944,708.944,12.228,13.81,66.533,63.206,14.524,14.524,11.7,82.9,71.2,0.1,36.5,3.12058,9.12E+03,9.18E+03
161,NONE,STD,0.6,5000,0,500.839,536.901,1015.26,1300,840.116,840.116,12.228,14.86,124.186,117.977,19.887,19.887,106.1,250.7,144.6,1,103.3,0.97314,1.01E+04,1.02E+04
162,NONE,STD,0.6,5000,0,500.839,536.901,1006.218,1277.273,825.033,825.033,12.228,14.86,120.773,114.735,19.401,19.401,95.5,236.7,141.2,0.9,95.7,1.00217,1.00E+04,1.02E+04
163,NONE,STD,0.6,5000,0,500.839,536.901,996.304,1253.617,809.904,809.904,12.228,14.86,117.086,111.231,18.917,18.917,84.9,222.4,137.5,0.8,88.2,1.03915,9.94E+03,1.01E+04
164,NONE,STD,0.6,5000,0,500.839,536.901,985.591,1229.255,794.887,794.887,12.228,14.86,113.144,107.487,18.437,18.437,74.3,207.8,133.5,0.7,80.9,1.08877,9.87E+03,1.00E+04
165,NONE,STD,0.6,5000,0,500.839,536.901,973.924,1203.9,779.847,779.847,12.228,14.86,108.934,103.487,17.962,17.962,63.7,192.9,129.2,0.6,73.7,1.15684,9.79E+03,9.96E+03
166,NONE,STD,0.6,5000,0,500.839,536.901,961.422,1176.908,764,764,12.228,14.86,104.528,99.302,17.463,17.463,53.1,177.8,124.7,0.5,66.4,1.25095,9.71E+03,9.88E+03
167,NONE,STD,0.6,5000,0,500.839,536.901,947.809,1149.084,748.489,748.489,12.228,14.86,99.659,94.676,16.954,16.954,42.5,162.1,119.7,0.4,59.3,1.39695,9.62E+03,9.79E+03
168,NONE,STD,0.6,5000,0,500.839,536.901,932.874,1122.537,735.761,735.761,12.228,14.86,93.799,89.109,16.426,16.426,31.8,145.6,113.7,0.3,52.9,1.66211,9.52E+03,9.69E+03
169,NONE,STD,0.6,5000,0,500.839,536.901,916.056,1092.653,721.524,721.524,12.228,14.86,87.596,83.216,15.889,15.889,21.2,128.5,107.2,0.2,46.3,2.18101,9.41E+03,9.58E+03
170,NONE,STD,0.6,5000,0,500.839,536.901,895.992,1058.78,706.522,706.522,12.228,14.86,80.651,76.618,15.334,15.334,10.6,110.5,99.9,0.1,39.6,3.72862,9.28E+03,9.44E+03
171,NONE,STD,0.7,5000,0,500.839,549.923,1033.445,1300,834.104,834.104,12.228,16.168,132.884,126.24,20.702,20.702,95.4,273.6,178.2,1,102.2,1.07091,1.00E+04,1.03E+04
172,NONE,STD,0.7,5000,0,500.839,549.923,1026.022,1280.024,820.328,820.328,12.228,16.168,129.933,123.436,20.237,20.237,85.9,260.6,174.7,0.9,95.3,1.10902,9.97E+03,1.03E+04
173,NONE,STD,0.7,5000,0,500.839,549.923,1018.134,1259.539,806.517,806.517,12.228,16.168,126.814,120.473,19.77,19.77,76.4,247.3,171,0.8,88.4,1.15782,9.92E+03,1.02E+04
174,NONE,STD,0.7,5000,0,500.839,549.923,1009.466,1238.259,792.694,792.694,12.228,16.168,123.428,117.256,19.307,19.307,66.8,233.8,167,0.7,81.6,1.22153,9.86E+03,1.02E+04
175,NONE,STD,0.7,5000,0,500.839,549.923,1000.07,1215.965,778.581,778.581,12.228,16.168,119.812,113.822,18.84,18.84,57.3,219.9,162.7,0.6,74.8,1.30661,9.80E+03,1.01E+04
176,NONE,STD,0.7,5000,0,500.839,549.923,989.96,1192.671,764.189,764.189,12.228,16.168,115.99,110.191,18.367,18.367,47.7,205.8,158.1,0.5,68.1,1.42671,9.74E+03,1.00E+04
177,NONE,STD,0.7,5000,0,500.839,549.923,978.987,1168.148,749.443,749.443,12.228,16.168,111.926,106.33,17.888,17.888,38.2,191.4,153.2,0.4,61.4,1.60781,9.67E+03,9.96E+03
178,NONE,STD,0.7,5000,0,500.839,549.923,967.213,1144.383,736.388,736.388,12.228,16.168,107.111,101.755,17.389,17.389,28.6,176.2,147.5,0.3,55.2,1.9275,9.59E+03,9.88E+03
179,NONE,STD,0.7,5000,0,500.839,549.923,954.529,1119.615,723.268,723.268,12.228,16.168,101.834,96.743,16.879,16.879,19.1,160.3,141.2,0.2,49.1,2.57136,9.51E+03,9.79E+03
180,NONE,STD,0.7,5000,0,500.839,549.923,940.003,1092.553,709.695,709.695,12.228,16.168,96.043,91.241,16.354,16.354,9.5,143.8,134.3,0.1,43,4.50255,9.41E+03,9.69E+03
181,NONE,STD,0.8,5000,0,500.839,564.949,1053.418,1300,828.175,828.175,12.228,17.767,143.057,135.904,21.691,21.691,84.6,300.6,216,1,100.4,1.18734,9.96E+03,1.04E+04
182,NONE,STD,0.8,5000,0,500.839,564.949,1047.464,1282.939,816.005,816.005,12.228,17.767,140.509,133.484,21.249,21.249,76.1,288.7,212.5,0.9,94.2,1.23703,9.93E+03,1.04E+04
183,NONE,STD,0.8,5000,0,500.839,564.949,1041.328,1265.32,803.463,803.463,12.228,17.767,137.911,131.016,20.796,20.796,67.7,276.6,209,0.8,87.9,1.2988,9.89E+03,1.03E+04
184,NONE,STD,0.8,5000,0,500.839,564.949,1034.646,1247.362,791.143,791.143,12.228,17.767,135.109,128.354,20.356,20.356,59.2,264.4,205.1,0.7,81.8,1.38079,9.84E+03,1.03E+04
185,NONE,STD,0.8,5000,0,500.839,564.949,1027.515,1228.795,778.667,778.667,12.228,17.767,132.171,125.562,19.916,19.916,50.8,251.9,201.1,0.6,75.7,1.49103,9.80E+03,1.02E+04
186,NONE,STD,0.8,5000,0,500.839,564.949,1019.879,1209.462,765.934,765.934,12.228,17.767,129.07,122.617,19.474,19.474,42.3,239.1,196.8,0.5,69.6,1.64561,9.75E+03,1.02E+04
187,NONE,STD,0.8,5000,0,500.839,564.949,1011.378,1189.057,752.998,752.998,12.228,17.767,125.668,119.385,19.029,19.029,33.8,226,192.2,0.4,63.5,1.87743,9.70E+03,1.01E+04
188,NONE,STD,0.8,5000,0,500.839,564.949,1002.291,1167.929,739.946,739.946,12.228,17.767,122.023,115.922,18.575,18.575,25.4,212.5,187.1,0.3,57.5,2.26685,9.64E+03,1.01E+04
189,NONE,STD,0.8,5000,0,500.839,564.949,992.868,1147.834,728.377,728.377,12.228,17.767,117.647,111.765,18.1,18.1,16.9,198.2,181.3,0.2,52,3.07386,9.58E+03,9.99E+03
190,NONE,STD,0.8,5000,0,500.839,564.949,982.569,1126.308,716.242,716.242,12.228,17.767,113.014,107.363,17.616,17.616,8.5,183.5,175,0.1,46.4,5.49026,9.51E+03,9.92E+03
191,NONE,STD,0.9,5000,0,500.839,581.978,1075.211,1300,822.235,822.235,12.228,19.695,154.849,147.106,22.845,22.845,73.2,332,258.8,1,97.6,1.33416,9.90E+03,1.05E+04
192,NONE,STD,0.9,5000,0,500.839,581.978,1070.589,1285.79,811.766,811.766,12.228,19.695,152.743,145.106,22.433,22.433,65.9,321.4,255.5,0.9,92.1,1.39881,9.87E+03,1.05E+04
193,NONE,STD,0.9,5000,0,500.839,581.978,1065.747,1271.291,801.227,801.227,12.228,19.695,150.553,143.025,22.021,22.021,58.5,310.7,252.1,0.8,86.7,1.48038,9.84E+03,1.04E+04
194,NONE,STD,0.9,5000,0,500.839,581.978,1060.519,1256.571,790.875,790.875,12.228,19.695,148.201,140.791,21.621,21.621,51.2,299.7,248.5,0.7,81.3,1.58768,9.81E+03,1.04E+04
195,NONE,STD,0.9,5000,0,500.839,581.978,1055.059,1241.502,780.406,780.406,12.228,19.695,145.756,138.468,21.22,21.22,43.9,288.6,244.7,0.6,76,1.73152,9.78E+03,1.04E+04
196,NONE,STD,0.9,5000,0,500.839,581.978,1049.352,1226.014,769.771,769.771,12.228,19.695,143.217,136.056,20.816,20.816,36.6,277.3,240.8,0.5,70.8,1.93348,9.74E+03,1.03E+04
197,NONE,STD,0.9,5000,0,500.839,581.978,1043.352,1209.987,758.889,758.889,12.228,19.695,140.589,133.56,20.408,20.408,29.3,265.9,236.7,0.4,65.5,2.23652,9.70E+03,1.03E+04
198,NONE,STD,0.9,5000,0,500.839,581.978,1037.007,1193.42,747.82,747.82,12.228,19.695,137.84,130.948,19.997,19.997,22,254.3,232.4,0.3,60.2,2.74272,9.66E+03,1.02E+04
199,NONE,STD,0.9,5000,0,500.839,581.978,1030.38,1177.13,737.37,737.37,12.228,19.695,134.685,127.95,19.571,19.571,14.6,242.2,227.5,0.2,55.2,3.77242,9.62E+03,1.02E+04
200,NONE,STD,0.9,5000,0,500.839,581.978,1023.326,1160.309,726.826,726.826,12.228,19.695,131.143,124.586,19.14,19.14,7.3,229.5,222.2,0.1,50.2,6.86221,9.57E+03,1.01E+04
201,NONE,STD,0,10000,0,483.008,483.008,941.487,1300,862.953,862.953,10.107,9.601,84.883,80.639,15.073,15.073,166.8,166.8,0,1,93.1,0.55786,1.03E+04,9.91E+03
202,NONE,STD,0,10000,0,483.008,483.008,918.466,1244.975,827.517,827.517,10.107,9.601,80.455,76.432,14.524,14.524,150.1,150.1,0,0.9,81,0.53974,1.01E+04,9.75E+03
203,NONE,STD,0,10000,0,483.008,483.008,899.647,1205.856,804.994,804.994,10.107,9.601,75.497,71.723,13.987,13.987,133.5,133.5,0,0.8,71.8,0.53806,9.97E+03,9.62E+03
204,NONE,STD,0,10000,0,483.008,483.008,878.679,1166.482,784.512,784.512,10.107,9.601,70.11,66.604,13.475,13.475,116.8,116.8,0,0.7,63.2,0.54123,9.82E+03,9.48E+03
205,NONE,STD,0,10000,0,483.008,483.008,855.403,1124.88,764.177,764.177,10.107,9.601,64.395,61.175,12.971,12.971,100.1,100.1,0,0.6,54.8,0.54791,9.66E+03,9.33E+03
206,NONE,STD,0,10000,0,483.008,483.008,830.243,1089.41,752.358,752.358,10.107,9.601,57.682,54.798,12.47,12.47,83.4,83.4,0,0.5,47.9,0.57483,9.48E+03,9.15E+03
207,NONE,STD,0,10000,0,483.008,483.008,800.501,1051.757,742.998,742.998,10.107,9.601,50.423,47.902,11.979,11.979,66.7,66.7,0,0.4,41.3,0.61902,9.27E+03,8.95E+03
208,NONE,STD,0,10000,0,483.008,483.008,763.22,1015.155,742.377,742.377,10.107,9.601,42.036,39.935,11.496,11.496,50,50,0,0.3,35.4,0.70759,9.00E+03,8.68E+03
209,NONE,STD,0,10000,0,483.008,483.008,711.833,987.701,765.328,765.328,10.107,9.601,32,30.4,11.018,11.018,33.4,33.4,0,0.2,30.8,0.92233,8.58E+03,8.28E+03
210,NONE,STD,0,10000,0,483.008,483.008,613.558,1109.091,985.759,985.759,10.107,9.601,18.102,17.196,10.558,10.558,16.7,16.7,0,0.1,34.2,2.04895,7.48E+03,7.22E+03
211,NONE,STD,0.1,10000,0,483.008,483.976,943.201,1300,862.148,862.148,10.107,9.667,85.463,81.19,15.123,15.123,151.2,168.3,17.1,1,93.1,0.61596,1.03E+04,9.92E+03
212,NONE,STD,0.1,10000,0,483.008,483.976,921.435,1247.51,828.149,828.149,10.107,9.667,81.338,77.271,14.604,14.604,136.1,152.6,16.5,0.9,81.7,0.60017,1.01E+04,9.76E+03
213,NONE,STD,0.1,10000,0,483.008,483.976,903.812,1210.474,806.62,806.62,10.107,9.667,76.663,72.83,14.091,14.091,121,136.7,15.7,0.8,72.9,0.6023,9.98E+03,9.64E+03
214,NONE,STD,0.1,10000,0,483.008,483.976,884.248,1173.19,786.914,786.914,10.107,9.667,71.584,68.005,13.597,13.597,105.9,120.7,14.9,0.7,64.6,0.61017,9.85E+03,9.51E+03
215,NONE,STD,0.1,10000,0,483.008,483.976,862.507,1133.797,767.328,767.328,10.107,9.667,66.168,62.86,13.11,13.11,90.7,104.7,13.9,0.6,56.5,0.62296,9.70E+03,9.37E+03
216,NONE,STD,0.1,10000,0,483.008,483.976,838.821,1097.588,753.213,753.213,10.107,9.667,59.93,56.934,12.621,12.621,75.6,88.5,12.8,0.5,49.4,0.65398,9.53E+03,9.21E+03
217,NONE,STD,0.1,10000,0,483.008,483.976,811.235,1061.594,743.396,743.396,10.107,9.667,52.943,50.296,12.136,12.136,60.5,72.1,11.6,0.4,42.9,0.70977,9.34E+03,9.02E+03
218,NONE,STD,0.1,10000,0,483.008,483.976,777.309,1022.831,737.158,737.158,10.107,9.667,45.16,42.902,11.653,11.653,45.4,55.5,10.1,0.3,36.6,0.80715,9.10E+03,8.79E+03
219,NONE,STD,0.1,10000,0,483.008,483.976,730.682,991.968,751.887,751.887,10.107,9.667,35.374,33.605,11.166,11.166,30.2,38.5,8.3,0.2,31.7,1.04887,8.72E+03,8.42E+03
220,NONE,STD,0.1,10000,0,483.008,483.976,648.545,1015.997,857.729,857.729,10.107,9.667,22.215,21.104,10.671,10.671,15.1,20.7,5.6,0.1,30.2,1.9997,7.94E+03,7.67E+03
221,NONE,STD,0.2,10000,0,483.008,486.878,948.364,1300,859.739,859.739,10.107,9.865,87.236,82.874,15.274,15.274,138.1,172.9,34.8,1,93.4,0.67612,1.03E+04,9.95E+03
222,NONE,STD,0.2,10000,0,483.008,486.878,928.03,1250.372,827.334,827.334,10.107,9.865,83.392,79.222,14.781,14.781,124.3,158,33.7,0.9,82.5,0.66327,1.01E+04,9.80E+03
223,NONE,STD,0.2,10000,0,483.008,486.878,911.746,1215.627,806.876,806.876,10.107,9.865,79.004,75.054,14.284,14.284,110.5,142.8,32.3,0.8,74,0.66995,1.00E+04,9.69E+03
224,NONE,STD,0.2,10000,0,483.008,486.878,893.7,1180.386,787.789,787.789,10.107,9.865,74.222,70.511,13.804,13.804,96.7,127.3,30.6,0.7,66,0.68305,9.88E+03,9.57E+03
225,NONE,STD,0.2,10000,0,483.008,486.878,873.635,1143.135,768.744,768.744,10.107,9.865,69.096,65.641,13.328,13.328,82.9,111.7,28.9,0.6,58.2,0.70258,9.74E+03,9.44E+03
226,NONE,STD,0.2,10000,0,483.008,486.878,851.586,1106.195,752.182,752.182,10.107,9.865,63.36,60.192,12.848,12.848,69.1,95.9,26.9,0.5,50.9,0.73765,9.59E+03,9.29E+03
227,NONE,STD,0.2,10000,0,483.008,486.878,826.519,1071.911,741.598,741.598,10.107,9.865,56.652,53.819,12.363,12.363,55.3,79.7,24.5,0.4,44.6,0.80645,9.41E+03,9.11E+03
228,NONE,STD,0.2,10000,0,483.008,486.878,795.984,1032.389,731.169,731.169,10.107,9.865,49.331,46.864,11.877,11.877,41.4,63.2,21.8,0.3,38,0.91707,9.20E+03,8.91E+03
229,NONE,STD,0.2,10000,0,483.008,486.878,755.009,995.897,734.459,734.459,10.107,9.865,40.159,38.152,11.381,11.381,27.6,46,18.4,0.2,32.5,1.17692,8.88E+03,8.60E+03
230,NONE,STD,0.2,10000,0,483.008,486.878,689.53,969.612,772.665,772.665,10.107,9.865,28.181,26.772,10.855,10.855,13.8,27.5,13.7,0.1,28.1,2.03331,8.33E+03,8.07E+03
231,NONE,STD,0.3,10000,0,483.008,491.716,956.766,1300,855.904,855.904,10.107,10.2,90.218,85.707,15.532,15.532,127,180.7,53.7,1,93.8,0.73801,1.03E+04,9.99E+03
232,NONE,STD,0.3,10000,0,483.008,491.716,938.135,1254.046,825.694,825.694,10.107,10.2,86.667,82.334,15.058,15.058,114.3,166.5,52.2,0.9,83.4,0.72951,1.01E+04,9.85E+03
233,NONE,STD,0.3,10000,0,483.008,491.716,923.258,1221.543,806.189,806.189,10.107,10.2,82.539,78.412,14.574,14.574,101.6,151.7,50.1,0.8,75.3,0.74123,1.00E+04,9.75E+03
234,NONE,STD,0.3,10000,0,483.008,491.716,906.818,1188.319,787.604,787.604,10.107,10.2,78.05,74.148,14.104,14.104,88.9,136.8,47.8,0.7,67.6,0.7601,9.90E+03,9.64E+03
235,NONE,STD,0.3,10000,0,483.008,491.716,888.599,1153.32,769.055,769.055,10.107,10.2,73.228,69.567,13.636,13.636,76.2,121.6,45.3,0.6,60,0.78733,9.78E+03,9.52E+03
236,NONE,STD,0.3,10000,0,483.008,491.716,868.393,1115.452,749.625,749.625,10.107,10.2,68.081,64.677,13.157,13.157,63.5,106.2,42.7,0.5,52.4,0.82541,9.64E+03,9.39E+03
237,NONE,STD,0.3,10000,0,483.008,491.716,846.216,1082.532,737.538,737.538,10.107,10.2,61.775,58.686,12.665,12.665,50.8,90.2,39.4,0.4,46.1,0.90679,9.48E+03,9.24E+03
238,NONE,STD,0.3,10000,0,483.008,491.716,819.467,1045.362,725.743,725.743,10.107,10.2,54.804,52.064,12.171,12.171,38.1,73.7,35.6,0.3,39.7,1.04036,9.30E+03,9.05E+03
239,NONE,STD,0.3,10000,0,483.008,491.716,785.14,1002.873,716.169,716.169,10.107,10.2,46.684,44.35,11.669,11.669,25.4,56.5,31.1,0.2,33.2,1.30807,9.06E+03,8.82E+03
240,NONE,STD,0.3,10000,0,483.008,491.716,733.247,964.745,728.848,728.848,10.107,10.2,35.654,33.872,11.144,11.144,12.7,37.6,24.9,0.1,28.2,2.21641,8.65E+03,8.42E+03
241,NONE,STD,0.4,10000,0,483.008,498.494,967.993,1300,851.046,851.046,10.107,10.68,94.456,89.734,15.9,15.9,117.4,191.7,74.2,1,94.2,0.80206,1.03E+04,1.01E+04
242,NONE,STD,0.4,10000,0,483.008,498.494,951.371,1258.1,823.147,823.147,10.107,10.68,91.185,86.625,15.443,15.443,105.7,178.1,72.4,0.9,84.4,0.79871,1.01E+04,9.93E+03
243,NONE,STD,0.4,10000,0,483.008,498.494,937.976,1228.065,804.759,804.759,10.107,10.68,87.281,82.917,14.967,14.967,93.9,163.7,69.8,0.8,76.7,0.81644,1.00E+04,9.83E+03
244,NONE,STD,0.4,10000,0,483.008,498.494,923.204,1197.051,786.813,786.813,10.107,10.68,83.074,78.92,14.506,14.506,82.2,149.2,67,0.7,69.2,0.84212,9.93E+03,9.73E+03
245,NONE,STD,0.4,10000,0,483.008,498.494,906.931,1164.431,768.797,768.797,10.107,10.68,78.576,74.647,14.043,14.043,70.5,134.4,63.9,0.6,61.9,0.87817,9.82E+03,9.63E+03
246,NONE,STD,0.4,10000,0,483.008,498.494,889.183,1129.06,749.483,749.483,10.107,10.68,73.83,70.138,13.559,13.559,58.7,119.4,60.7,0.5,54.4,0.92715,9.70E+03,9.51E+03
247,NONE,STD,0.4,10000,0,483.008,498.494,869.487,1094.838,733.485,733.485,10.107,10.68,68.241,64.829,13.068,13.068,47,103.8,56.8,0.4,47.7,1.01497,9.56E+03,9.38E+03
248,NONE,STD,0.4,10000,0,483.008,498.494,846.855,1060.085,720.041,720.041,10.107,10.68,61.797,58.707,12.569,12.569,35.2,87.5,52.3,0.3,41.3,1.17324,9.40E+03,9.22E+03
249,NONE,STD,0.4,10000,0,483.008,498.494,818.777,1019.455,706.102,706.102,10.107,10.68,54.527,51.801,12.06,12.06,23.5,70.5,47,0.2,34.8,1.48164,9.22E+03,9.03E+03
250,NONE,STD,0.4,10000,0,483.008,498.494,779.103,973.801,698.802,698.802,10.107,10.68,45.05,42.798,11.524,11.524,11.7,51.9,40.2,0.1,28.7,2.44424,8.92E+03,8.75E+03
251,NONE,STD,0.5,10000,0,483.008,507.187,981.544,1300,845.694,845.694,10.107,11.348,100.061,95.058,16.428,16.428,109.6,207,97.4,1,94.8,0.86511,1.02E+04,1.01E+04
252,NONE,STD,0.5,10000,0,483.008,507.187,967.726,1263.951,821.197,821.197,10.107,11.348,97.059,92.206,15.974,15.974,98.7,193.8,95.2,0.9,85.9,0.87016,1.01E+04,1.00E+04
253,NONE,STD,0.5,10000,0,483.008,507.187,955.83,1236.17,803.68,803.68,10.107,11.348,93.41,88.739,15.503,15.503,87.7,179.9,92.2,0.8,78.4,0.89408,1.00E+04,9.93E+03
254,NONE,STD,0.5,10000,0,483.008,507.187,942.778,1207.589,786.556,786.556,10.107,11.348,89.473,84.999,15.044,15.044,76.7,165.6,88.9,0.7,71.2,0.92769,9.95E+03,9.84E+03
255,NONE,STD,0.5,10000,0,483.008,507.187,928.633,1177.396,768.927,768.927,10.107,11.348,85.309,81.044,14.572,14.572,65.8,151.2,85.4,0.6,64,0.97303,9.85E+03,9.74E+03
256,NONE,STD,0.5,10000,0,483.008,507.187,913.174,1144.883,750.283,750.283,10.107,11.348,80.928,76.881,14.091,14.091,54.8,136.4,81.6,0.5,56.8,1.03566,9.75E+03,9.64E+03
257,NONE,STD,0.5,10000,0,483.008,507.187,896.07,1110.268,731.209,731.209,10.107,11.348,76.171,72.362,13.605,13.605,43.9,121.3,77.5,0.4,49.6,1.13129,9.64E+03,9.53E+03
258,NONE,STD,0.5,10000,0,483.008,507.187,877.13,1078.111,716.71,716.71,10.107,11.348,70.274,66.76,13.103,13.103,32.9,105.3,72.4,0.3,43.3,1.31743,9.50E+03,9.40E+03
259,NONE,STD,0.5,10000,0,483.008,507.187,854.421,1041.812,701.814,701.814,10.107,11.348,63.688,60.503,12.589,12.589,21.9,88.6,66.6,0.2,37,1.68743,9.35E+03,9.24E+03
260,NONE,STD,0.5,10000,0,483.008,507.187,825.101,999.04,687.022,687.022,10.107,11.348,55.933,53.136,12.071,12.071,11,70.6,59.6,0.1,30.6,2.78839,9.15E+03,9.05E+03
261,NONE,STD,0.6,10000,0,483.008,517.812,996.858,1300,840.385,840.385,10.107,12.214,107.003,101.653,17.139,17.139,103.3,226.9,123.6,1,95.6,0.92611,1.02E+04,1.02E+04
262,NONE,STD,0.6,10000,0,483.008,517.812,986.376,1271.528,820.602,820.602,10.107,12.214,104.148,98.94,16.675,16.675,92.9,213.9,121,0.9,87.7,0.9436,1.01E+04,1.01E+04
263,NONE,STD,0.6,10000,0,483.008,517.812,976.403,1246.129,803.653,803.653,10.107,12.214,100.916,95.87,16.198,16.198,82.6,200.4,117.7,0.8,80.5,0.97438,1.00E+04,1.00E+04
264,NONE,STD,0.6,10000,0,483.008,517.812,965.165,1219.614,786.862,786.862,10.107,12.214,97.33,92.464,15.73,15.73,72.3,186.5,114.2,0.7,73.4,1.01529,9.96E+03,9.95E+03
265,NONE,STD,0.6,10000,0,483.008,517.812,953.028,1191.872,769.761,769.761,10.107,12.214,93.52,88.844,15.255,15.255,62,172.3,110.3,0.6,66.4,1.07087,9.88E+03,9.87E+03
266,NONE,STD,0.6,10000,0,483.008,517.812,939.761,1162.674,752.362,752.362,10.107,12.214,89.443,84.971,14.774,14.774,51.6,157.8,106.2,0.5,59.4,1.1502,9.79E+03,9.78E+03
267,NONE,STD,0.6,10000,0,483.008,517.812,925.202,1131.374,734.154,734.154,10.107,12.214,85.106,80.851,14.289,14.289,41.3,143,101.7,0.4,52.4,1.26895,9.69E+03,9.69E+03
268,NONE,STD,0.6,10000,0,483.008,517.812,909.495,1099.418,716.535,716.535,10.107,12.214,80.191,76.181,13.793,13.793,31,127.6,96.6,0.3,45.7,1.47506,9.59E+03,9.58E+03
269,NONE,STD,0.6,10000,0,483.008,517.812,891.193,1067.118,701.306,701.306,10.107,12.214,74.286,70.572,13.277,13.277,20.7,111.2,90.6,0.2,39.5,1.91284,9.46E+03,9.45E+03
270,NONE,STD,0.6,10000,0,483.008,517.812,868.824,1030.597,685.906,685.906,10.107,12.214,67.541,64.164,12.761,12.761,10.3,93.8,83.5,0.1,33.3,3.22817,9.31E+03,9.31E+03
271,NONE,STD,0.7,10000,0,483.008,530.368,1013.782,1300,835.27,835.27,10.107,13.295,114.83,109.088,17.967,17.967,96.5,249.5,153,1,95.9,0.99378,1.01E+04,1.02E+04
272,NONE,STD,0.7,10000,0,483.008,530.368,1005.841,1277.556,819.353,819.353,10.107,13.295,112.078,106.475,17.496,17.496,86.9,236.7,149.8,0.9,88.9,1.02351,1.01E+04,1.02E+04
273,NONE,STD,0.7,10000,0,483.008,530.368,997.535,1254.283,802.971,802.971,10.107,13.295,109.236,103.774,17.013,17.013,77.2,223.7,146.5,0.8,81.9,1.06075,1.00E+04,1.01E+04
274,NONE,STD,0.7,10000,0,483.008,530.368,988.427,1230.486,786.889,786.889,10.107,13.295,106.15,100.843,16.541,16.541,67.6,210.4,142.9,0.7,75.1,1.11141,9.96E+03,1.01E+04
275,NONE,STD,0.7,10000,0,483.008,530.368,978.511,1205.78,770.727,770.727,10.107,13.295,102.823,97.681,16.07,16.07,57.9,196.8,138.9,0.6,68.3,1.18045,9.89E+03,1.00E+04
276,NONE,STD,0.7,10000,0,483.008,530.368,967.354,1179.673,754.421,754.421,10.107,13.295,99.146,94.188,15.596,15.596,48.3,182.8,134.6,0.5,61.7,1.27795,9.82E+03,9.93E+03
277,NONE,STD,0.7,10000,0,483.008,530.368,955.255,1152.069,737.571,737.571,10.107,13.295,95.244,90.482,15.117,15.117,38.6,168.5,129.9,0.4,55,1.42482,9.74E+03,9.85E+03
278,NONE,STD,0.7,10000,0,483.008,530.368,942.404,1122.303,719.29,719.29,10.107,13.295,91.206,86.646,14.637,14.637,29,154,125,0.3,48.2,1.66491,9.65E+03,9.76E+03
279,NONE,STD,0.7,10000,0,483.008,530.368,928.046,1093.988,704.18,704.18,10.107,13.295,86.073,81.769,14.128,14.128,19.3,138.3,119,0.2,42.2,2.18428,9.55E+03,9.66E+03
280,NONE,STD,0.7,10000,0,483.008,530.368,910.991,1063.048,689.159,689.159,10.107,13.295,80.265,76.252,13.618,13.618,9.7,121.7,112,0.1,36.2,3.75577,9.44E+03,9.54E+03
281,NONE,STD,0.8,10000,0,483.008,544.855,1032.176,1300,830.491,830.491,10.107,14.621,123.148,116.991,18.854,18.854,88.1,273.3,185.2,1,95.1,1.07994,1.01E+04,1.03E+04
282,NONE,STD,0.8,10000,0,483.008,544.855,1025.772,1279.919,815.527,815.527,10.107,14.621,120.811,114.77,18.386,18.386,79.3,261.3,182,0.9,88.5,1.11633,1.00E+04,1.03E+04
283,NONE,STD,0.8,10000,0,483.008,544.855,1018.946,1259.442,800.62,800.62,10.107,14.621,118.323,112.407,17.919,17.919,70.5,249.1,178.6,0.8,82,1.16342,9.98E+03,1.02E+04
284,NONE,STD,0.8,10000,0,483.008,544.855,1011.418,1238.629,786.109,786.109,10.107,14.621,115.599,109.819,17.468,17.468,61.7,236.6,174.9,0.7,75.7,1.2272,9.93E+03,1.02E+04
285,NONE,STD,0.8,10000,0,483.008,544.855,1003.412,1217.094,771.364,771.364,10.107,14.621,112.736,107.099,17.014,17.014,52.9,223.9,171,0.6,69.4,1.31314,9.87E+03,1.01E+04
286,NONE,STD,0.8,10000,0,483.008,544.855,994.825,1194.721,756.373,756.373,10.107,14.621,109.708,104.223,16.555,16.555,44,210.9,166.9,0.5,63.2,1.4346,9.82E+03,1.01E+04
287,NONE,STD,0.8,10000,0,483.008,544.855,985.457,1171.312,741.143,741.143,10.107,14.621,106.453,101.13,16.092,16.092,35.2,197.7,162.4,0.4,57,1.61821,9.76E+03,1.00E+04
288,NONE,STD,0.8,10000,0,483.008,544.855,975.278,1146.111,724.906,724.906,10.107,14.621,102.984,97.834,15.631,15.631,26.4,184.1,157.6,0.3,50.7,1.91877,9.69E+03,9.93E+03
289,NONE,STD,0.8,10000,0,483.008,544.855,964.238,1120.516,709.209,709.209,10.107,14.621,99.017,94.066,15.155,15.155,17.6,169.8,152.2,0.2,44.6,2.53437,9.62E+03,9.86E+03
290,NONE,STD,0.8,10000,0,483.008,544.855,951.777,1095.173,695.308,695.308,10.107,14.621,94.173,89.464,14.66,14.66,8.8,154.5,145.7,0.1,39.1,4.43876,9.53E+03,9.77E+03
291,NONE,STD,0.9,10000,0,483.008,561.275,1052.487,1300,825.537,825.537,10.107,16.225,132.893,126.248,19.894,19.894,79.4,301,221.6,1,93.6,1.1794,1.00E+04,1.04E+04
292,NONE,STD,0.9,10000,0,483.008,561.275,1047.115,1282.563,812.375,812.375,10.107,16.225,130.772,124.233,19.451,19.451,71.4,289.8,218.3,0.9,87.6,1.22563,9.96E+03,1.04E+04
293,NONE,STD,0.9,10000,0,483.008,561.275,1041.558,1264.981,799.265,799.265,10.107,16.225,128.593,122.163,19.01,19.01,63.5,278.5,215,0.8,81.6,1.2855,9.92E+03,1.03E+04
294,NONE,STD,0.9,10000,0,483.008,561.275,1035.438,1247.199,786.546,786.546,10.107,16.225,126.211,119.9,18.581,18.581,55.6,266.9,211.3,0.7,75.9,1.36591,9.88E+03,1.03E+04
295,NONE,STD,0.9,10000,0,483.008,561.275,1029.01,1228.826,773.546,773.546,10.107,16.225,123.751,117.564,18.149,18.149,47.6,255.2,207.5,0.6,70.2,1.47343,9.84E+03,1.02E+04
296,NONE,STD,0.9,10000,0,483.008,561.275,1022.227,1209.83,760.284,760.284,10.107,16.225,121.188,115.128,17.714,17.714,39.7,243.2,203.5,0.5,64.5,1.62458,9.80E+03,1.02E+04
297,NONE,STD,0.9,10000,0,483.008,561.275,1015.012,1190.208,746.843,746.843,10.107,16.225,118.48,112.556,17.274,17.274,31.8,231.1,199.3,0.4,58.8,1.8529,9.75E+03,1.01E+04
298,NONE,STD,0.9,10000,0,483.008,561.275,1007.444,1169.728,732.897,732.897,10.107,16.225,115.678,109.894,16.832,16.832,23.8,218.8,194.9,0.3,53.2,2.23261,9.70E+03,1.01E+04
299,NONE,STD,0.9,10000,0,483.008,561.275,999.559,1148.253,718.267,718.267,10.107,16.225,112.799,107.159,16.39,16.39,15.9,206.2,190.4,0.2,47.5,2.98886,9.65E+03,1.00E+04
300,NONE,STD,0.9,10000,0,483.008,561.275,990.883,1127.293,705.048,705.048,10.107,16.225,109.125,103.669,15.924,15.924,7.9,192.7,184.8,0.1,42.2,5.3097,9.59E+03,9.98E+03
301,NONE,STD,0,15000,0,465.178,465.178,925.292,1300,862.072,862.072,8.294,7.879,71.867,68.273,12.684,12.684,146.4,146.4,0,1,82.9,0.56616,1.04E+04,9.86E+03
302,NONE,STD,0,15000,0,465.178,465.178,898.247,1230.471,815.199,815.199,8.294,7.879,68.351,64.933,12.197,12.197,131.8,131.8,0,0.9,70.6,0.53602,1.02E+04,9.65E+03
303,NONE,STD,0,15000,0,465.178,465.178,877.63,1185.813,788.622,788.622,8.294,7.879,64.154,60.946,11.731,11.731,117.1,117.1,0,0.8,62,0.52951,1.00E+04,9.51E+03
304,NONE,STD,0,15000,0,465.178,465.178,856.964,1146.026,767.434,767.434,8.294,7.879,59.566,56.588,11.276,11.276,102.5,102.5,0,0.7,54.5,0.5317,9.89E+03,9.37E+03
305,NONE,STD,0,15000,0,465.178,465.178,834.239,1103.496,745.613,745.613,8.294,7.879,54.723,51.987,10.815,10.815,87.8,87.8,0,0.6,47.1,0.53591,9.73E+03,9.21E+03
306,NONE,STD,0,15000,0,465.178,465.178,809.089,1063.045,728.618,728.618,8.294,7.879,49.261,46.798,10.362,10.362,73.2,73.2,0,0.5,40.5,0.55312,9.55E+03,9.04E+03
307,NONE,STD,0,15000,0,465.178,465.178,780.309,1024.532,717.434,717.434,8.294,7.879,43.092,40.938,9.926,9.926,58.6,58.6,0,0.4,34.6,0.5914,9.34E+03,8.84E+03
308,NONE,STD,0,15000,0,465.178,465.178,744.215,986.038,713.748,713.748,8.294,7.879,36.054,34.251,9.504,9.504,43.9,43.9,0,0.3,29.4,0.66875,9.07E+03,8.59E+03
309,NONE,STD,0,15000,0,465.178,465.178,693.955,956.994,734.028,734.028,8.294,7.879,27.452,26.079,9.099,9.099,29.3,29.3,0,0.2,25.4,0.86668,8.65E+03,8.19E+03
310,NONE,STD,0,15000,0,465.178,465.178,601.788,1035.086,904.606,904.606,8.294,7.879,15.84,15.048,8.69,8.69,14.6,14.6,0,0.1,26.3,1.79935,7.65E+03,7.24E+03
311,NONE,STD,0.1,15000,0,465.178,466.108,926.911,1300,861.331,861.331,8.294,7.934,72.354,68.736,12.728,12.728,133.4,147.7,14.3,1,83,0.62214,1.04E+04,9.87E+03
312,NONE,STD,0.1,15000,0,465.178,466.108,901.8,1235.242,817.597,817.597,8.294,7.934,69.075,65.621,12.27,12.27,120.1,134,13.9,0.9,71.5,0.5955,1.02E+04,9.68E+03
313,NONE,STD,0.1,15000,0,465.178,466.108,881.777,1190.598,790.409,790.409,8.294,7.934,65.159,61.901,11.823,11.823,106.7,120,13.3,0.8,63,0.59006,1.01E+04,9.53E+03
314,NONE,STD,0.1,15000,0,465.178,466.108,862.363,1152.768,770.005,770.005,8.294,7.934,60.809,57.769,11.385,11.385,93.4,106,12.6,0.7,55.7,0.59667,9.92E+03,9.40E+03
315,NONE,STD,0.1,15000,0,465.178,466.108,841.096,1112.499,749.06,749.06,8.294,7.934,56.21,53.399,10.939,10.939,80.1,91.8,11.8,0.6,48.6,0.60667,9.77E+03,9.26E+03
316,NONE,STD,0.1,15000,0,465.178,466.108,817.362,1071.877,730.42,730.42,8.294,7.934,51.123,48.567,10.495,10.495,66.7,77.6,10.9,0.5,41.9,0.62775,9.60E+03,9.10E+03
317,NONE,STD,0.1,15000,0,465.178,466.108,790.635,1034.289,718.117,718.117,8.294,7.934,45.223,42.962,10.061,10.061,53.4,63.2,9.8,0.4,36,0.67504,9.40E+03,8.91E+03
318,NONE,STD,0.1,15000,0,465.178,466.108,757.734,994.068,709.407,709.407,8.294,7.934,38.644,36.712,9.634,9.634,40,48.6,8.6,0.3,30.4,0.76007,9.16E+03,8.69E+03
319,NONE,STD,0.1,15000,0,465.178,466.108,711.604,962.024,722.517,722.517,8.294,7.934,30.251,28.738,9.226,9.226,26.7,33.7,7,0.2,26.2,0.98323,8.78E+03,8.33E+03
320,NONE,STD,0.1,15000,0,465.178,466.108,633.959,973.647,811.38,811.38,8.294,7.934,19.196,18.236,8.789,8.789,13.3,18.2,4.8,0.1,24.3,1.82081,8.06E+03,7.64E+03
321,NONE,STD,0.2,15000,0,465.178,468.901,931.74,1300,859.156,859.156,8.294,8.1,73.825,70.134,12.863,12.863,122.7,151.8,29.1,1,83.4,0.67956,1.04E+04,9.89E+03
322,NONE,STD,0.2,15000,0,465.178,468.901,908.656,1240.057,818.501,818.501,8.294,8.1,70.77,67.232,12.427,12.427,110.4,138.8,28.4,0.9,72.5,0.65697,1.02E+04,9.72E+03
323,NONE,STD,0.2,15000,0,465.178,468.901,889.45,1195.821,790.907,790.907,8.294,8.1,67.125,63.769,11.996,11.996,98.1,125.4,27.3,0.8,64.1,0.65301,1.01E+04,9.58E+03
324,NONE,STD,0.2,15000,0,465.178,468.901,871.428,1159.962,771.164,771.164,8.294,8.1,63.013,59.862,11.569,11.569,85.9,111.7,25.9,0.7,57.1,0.66449,9.94E+03,9.46E+03
325,NONE,STD,0.2,15000,0,465.178,468.901,851.831,1121.897,750.828,750.828,8.294,8.1,58.666,55.732,11.129,11.129,73.6,98,24.4,0.6,50.1,0.6807,9.80E+03,9.32E+03
326,NONE,STD,0.2,15000,0,465.178,468.901,829.759,1081.001,730.188,730.188,8.294,8.1,53.985,51.285,10.689,10.689,61.3,84.1,22.8,0.5,43.3,0.70525,9.65E+03,9.18E+03
327,NONE,STD,0.2,15000,0,465.178,468.901,805.373,1044.439,716.588,716.588,8.294,8.1,48.37,45.952,10.254,10.254,49.1,69.8,20.8,0.4,37.4,0.76237,9.47E+03,9.00E+03
328,NONE,STD,0.2,15000,0,465.178,468.901,775.593,1004.365,704.874,704.874,8.294,8.1,42.088,39.984,9.822,9.822,36.8,55.3,18.5,0.3,31.7,0.86092,9.26E+03,8.80E+03
329,NONE,STD,0.2,15000,0,465.178,468.901,735.38,966.099,705.662,705.662,8.294,8.1,34.28,32.566,9.39,9.39,24.5,40.1,15.6,0.2,26.8,1.09351,8.94E+03,8.50E+03
330,NONE,STD,0.2,15000,0,465.178,468.901,671.149,937.826,740.669,740.669,8.294,8.1,24.009,22.808,8.947,8.947,12.3,23.9,11.6,0.1,23,1.875,8.39E+03,7.98E+03
331,NONE,STD,0.3,15000,0,465.178,473.556,939.598,1300,855.712,855.712,8.294,8.381,76.296,72.482,13.093,13.093,113.7,158.6,44.9,1,83.9,0.73786,1.04E+04,9.93E+03
332,NONE,STD,0.3,15000,0,465.178,473.556,918.623,1244.882,818.071,818.071,8.294,8.381,73.456,69.783,12.675,12.675,102.3,146.2,43.9,0.9,73.7,0.71987,1.02E+04,9.77E+03
333,NONE,STD,0.3,15000,0,465.178,473.556,900.512,1201.943,790.738,790.738,8.294,8.381,70.09,66.586,12.256,12.256,91,133.3,42.3,0.8,65.4,0.71856,1.01E+04,9.64E+03
334,NONE,STD,0.3,15000,0,465.178,473.556,884.042,1168.06,771.503,771.503,8.294,8.381,66.221,62.91,11.832,11.832,79.6,120,40.4,0.7,58.5,0.7353,9.97E+03,9.53E+03
335,NONE,STD,0.3,15000,0,465.178,473.556,866.217,1132.035,751.502,751.502,8.294,8.381,62.129,59.022,11.394,11.394,68.2,106.5,38.3,0.6,51.7,0.75802,9.84E+03,9.41E+03
336,NONE,STD,0.3,15000,0,465.178,473.556,846.242,1093.395,731.074,731.074,8.294,8.381,57.716,54.83,10.958,10.958,56.9,92.9,36,0.5,45,0.79135,9.70E+03,9.27E+03
337,NONE,STD,0.3,15000,0,465.178,473.556,824.164,1056.127,714.377,714.377,8.294,8.381,52.577,49.948,10.52,10.52,45.5,78.8,33.3,0.4,38.9,0.85496,9.54E+03,9.12E+03
338,NONE,STD,0.3,15000,0,465.178,473.556,797.808,1017.457,700.666,700.666,8.294,8.381,46.635,44.303,10.081,10.081,34.1,64.2,30.1,0.3,33.1,0.97155,9.35E+03,8.94E+03
339,NONE,STD,0.3,15000,0,465.178,473.556,763.749,974.485,690.392,690.392,8.294,8.381,39.666,37.682,9.645,9.645,22.7,49,26.3,0.2,27.6,1.21321,9.11E+03,8.71E+03
340,NONE,STD,0.3,15000,0,465.178,473.556,712.674,932.049,697.905,697.905,8.294,8.381,30.242,28.73,9.171,9.171,11.4,32.4,21,0.1,22.9,2.01085,8.70E+03,8.31E+03
341,NONE,STD,0.4,15000,0,465.178,480.075,950.073,1300,851.414,851.414,8.294,8.783,79.762,75.774,13.431,13.431,106.3,168.5,62.2,1,84.6,0.79627,1.04E+04,9.98E+03
342,NONE,STD,0.4,15000,0,465.178,480.075,931.515,1250.235,817.036,817.036,8.294,8.783,77.201,73.341,13.022,13.022,95.7,156.5,60.9,0.9,75,0.7842,1.02E+04,9.84E+03
343,NONE,STD,0.4,15000,0,465.178,480.075,914.78,1209.361,790.492,790.492,8.294,8.783,74.098,70.393,12.612,12.612,85,144,59,0.8,66.9,0.78673,1.01E+04,9.72E+03
344,NONE,STD,0.4,15000,0,465.178,480.075,900,1177.177,771.333,771.333,8.294,8.783,70.485,66.96,12.183,12.183,74.4,131,56.6,0.7,60.1,0.80843,1.00E+04,9.62E+03
345,NONE,STD,0.4,15000,0,465.178,480.075,883.933,1143.342,751.845,751.845,8.294,8.783,66.634,63.302,11.748,11.748,63.8,117.8,54,0.6,53.5,0.83873,9.88E+03,9.51E+03
346,NONE,STD,0.4,15000,0,465.178,480.075,866.162,1107.172,731.747,731.747,8.294,8.783,62.511,59.386,11.313,11.313,53.1,104.3,51.2,0.5,46.9,0.88214,9.76E+03,9.39E+03
347,NONE,STD,0.4,15000,0,465.178,480.075,846.377,1068.892,711.632,711.632,8.294,8.783,57.961,55.063,10.876,10.876,42.5,90.5,48,0.4,40.4,0.95053,9.62E+03,9.25E+03
348,NONE,STD,0.4,15000,0,465.178,480.075,823.663,1033.499,697.644,697.644,8.294,8.783,52.324,49.708,10.431,10.431,31.9,76,44.1,0.3,34.8,1.09265,9.45E+03,9.09E+03
349,NONE,STD,0.4,15000,0,465.178,480.075,794.969,992.203,683.684,683.684,8.294,8.783,45.926,43.629,9.99,9.99,21.3,60.7,39.5,0.2,29.2,1.37266,9.25E+03,8.90E+03
350,NONE,STD,0.4,15000,0,465.178,480.075,754.945,945.46,675.667,675.667,8.294,8.783,37.674,35.79,9.513,9.513,10.6,44.2,33.5,0.1,23.8,2.23966,8.95E+03,8.61E+03
351,NONE,STD,0.5,15000,0,465.178,488.458,962.703,1300,846.704,846.704,8.294,9.316,84.309,80.094,13.894,13.894,100.1,181.5,81.4,1,85.5,0.85391,1.03E+04,1.00E+04
352,NONE,STD,0.5,15000,0,465.178,488.458,946.703,1255.65,815.526,815.526,8.294,9.316,82.007,77.907,13.488,13.488,90.1,170,79.9,0.9,76.5,0.84858,1.02E+04,9.92E+03
353,NONE,STD,0.5,15000,0,465.178,488.458,932.064,1217.988,790.259,790.259,8.294,9.316,79.2,75.24,13.073,13.073,80.1,157.9,77.8,0.8,68.6,0.85653,1.01E+04,9.81E+03
354,NONE,STD,0.5,15000,0,465.178,488.458,918.941,1187.798,771.52,771.52,8.294,9.316,75.834,72.042,12.641,12.641,70.1,145.1,75,0.7,62,0.88427,1.00E+04,9.72E+03
355,NONE,STD,0.5,15000,0,465.178,488.458,904.645,1156.222,752.609,752.609,8.294,9.316,72.233,68.621,12.207,12.207,60.1,132.1,72,0.6,55.4,0.92303,9.92E+03,9.62E+03
356,NONE,STD,0.5,15000,0,465.178,488.458,888.978,1122.646,733.079,733.079,8.294,9.316,68.388,64.969,11.771,11.771,50.1,118.8,68.7,0.5,49,0.97813,9.81E+03,9.52E+03
357,NONE,STD,0.5,15000,0,465.178,488.458,871.803,1086.231,712.222,712.222,8.294,9.316,64.301,61.086,11.334,11.334,40,105.2,65.2,0.4,42.4,1.0595,9.69E+03,9.40E+03
358,NONE,STD,0.5,15000,0,465.178,488.458,852.153,1051.271,695.546,695.546,8.294,9.316,59.262,56.299,10.889,10.889,30,90.9,60.9,0.3,36.6,1.21943,9.55E+03,9.27E+03
359,NONE,STD,0.5,15000,0,465.178,488.458,828.604,1014.42,680.972,680.972,8.294,9.316,53.335,50.669,10.438,10.438,20,75.7,55.7,0.2,31.1,1.55516,9.38E+03,9.10E+03
360,NONE,STD,0.5,15000,0,465.178,488.458,798.182,969.387,665.011,665.011,8.294,9.316,46.493,44.168,9.965,9.965,10,59.5,49.5,0.1,25.4,2.5344,9.17E+03,8.90E+03
361,NONE,STD,0.6,15000,0,465.178,498.71,977.298,1300,841.785,841.785,8.294,9.989,89.963,85.465,14.491,14.491,94.9,197.9,103.1,1,86.4,0.91064,1.03E+04,1.01E+04
362,NONE,STD,0.6,15000,0,465.178,498.71,963.412,1260.188,813.314,813.314,8.294,9.989,87.866,83.472,14.088,14.088,85.4,186.8,101.4,0.9,77.8,0.91131,1.02E+04,1.00E+04
363,NONE,STD,0.6,15000,0,465.178,498.71,951.426,1227.17,790.289,790.289,8.294,9.989,85.335,81.068,13.656,13.656,75.9,175,99.1,0.8,70.4,0.92711,1.01E+04,9.91E+03
364,NONE,STD,0.6,15000,0,465.178,498.71,940.341,1199.644,772.287,772.287,8.294,9.989,82.29,78.176,13.22,13.22,66.4,162.5,96.1,0.7,63.9,0.96282,1.00E+04,9.84E+03
365,NONE,STD,0.6,15000,0,465.178,498.71,927.788,1170.58,754.238,754.238,8.294,9.989,78.923,74.977,12.785,12.785,56.9,149.6,92.7,0.6,57.6,1.01145,9.94E+03,9.75E+03
366,NONE,STD,0.6,15000,0,465.178,498.71,914.165,1139.787,735.545,735.545,8.294,9.989,75.361,71.593,12.347,12.347,47.4,136.6,89.1,0.5,51.2,1.08008,9.85E+03,9.66E+03
367,NONE,STD,0.6,15000,0,465.178,498.71,899.599,1106.559,715.345,715.345,8.294,9.989,71.647,68.065,11.909,11.909,37.9,123.2,85.3,0.4,44.8,1.18046,9.75E+03,9.56E+03
368,NONE,STD,0.6,15000,0,465.178,498.71,882.77,1071.416,695.556,695.556,8.294,9.989,67.433,64.062,11.469,11.469,28.5,109.4,80.9,0.3,38.6,1.35557,9.64E+03,9.45E+03
369,NONE,STD,0.6,15000,0,465.178,498.71,863.431,1038.24,680.502,680.502,8.294,9.989,62.02,58.919,11.012,11.012,19,94.4,75.4,0.2,33.2,1.74893,9.50E+03,9.31E+03
370,NONE,STD,0.6,15000,0,465.178,498.71,840.058,999.789,664.173,664.173,8.294,9.989,55.951,53.154,10.536,10.536,9.5,78.6,69.1,0.1,27.6,2.91369,9.33E+03,9.15E+03
371,NONE,STD,0.7,15000,0,465.178,510.8,993.198,1300,837.311,837.311,8.294,10.869,96.877,92.034,15.288,15.288,91.2,219.3,128.1,1,87.6,0.96116,1.03E+04,1.02E+04
372,NONE,STD,0.7,15000,0,465.178,510.8,981.638,1264.315,810.892,810.892,8.294,10.869,95.05,90.298,14.864,14.864,82,208.5,126.4,0.9,79.3,0.96662,1.02E+04,1.01E+04
373,NONE,STD,0.7,15000,0,465.178,510.8,972.54,1238.433,792.529,792.529,8.294,10.869,92.519,87.893,14.417,14.417,72.9,196.4,123.5,0.8,72.7,0.99635,1.01E+04,1.00E+04
374,NONE,STD,0.7,15000,0,465.178,510.8,962.983,1212.978,775.151,775.151,8.294,10.869,89.732,85.246,13.975,13.975,63.8,184.1,120.3,0.7,66.3,1.03936,1.00E+04,9.95E+03
375,NONE,STD,0.7,15000,0,465.178,510.8,952.647,1186.543,757.603,757.603,8.294,10.869,86.76,82.422,13.529,13.529,54.7,171.5,116.8,0.6,60.1,1.09825,9.96E+03,9.88E+03
376,NONE,STD,0.7,15000,0,465.178,510.8,941.219,1158.788,739.852,739.852,8.294,10.869,83.515,79.339,13.082,13.082,45.6,158.6,113,0.5,53.9,1.18199,9.88E+03,9.80E+03
377,NONE,STD,0.7,15000,0,465.178,510.8,928.839,1128.86,720.859,720.859,8.294,10.869,80.082,76.078,12.636,12.636,36.5,145.4,108.9,0.4,47.6,1.30443,9.79E+03,9.72E+03
378,NONE,STD,0.7,15000,0,465.178,510.8,915.047,1096.695,701.048,701.048,8.294,10.869,76.4,72.58,12.187,12.187,27.3,131.8,104.4,0.3,41.3,1.50917,9.70E+03,9.63E+03
379,NONE,STD,0.7,15000,0,465.178,510.8,898.994,1064.57,683.698,683.698,8.294,10.869,71.851,68.258,11.736,11.736,18.2,117.3,99.1,0.2,35.5,1.94943,9.59E+03,9.52E+03
380,NONE,STD,0.7,15000,0,465.178,510.8,880.588,1031.083,667.431,667.431,8.294,10.869,66.455,63.132,11.255,11.255,9.1,101.8,92.7,0.1,30.1,3.30119,9.46E+03,9.39E+03
381,NONE,STD,0.8,15000,0,465.178,524.749,1010.491,1300,833.174,833.174,8.294,11.958,105.117,99.861,16.28,16.28,88.3,245.5,157.2,1,88.8,1.00584,1.02E+04,1.02E+04
382,NONE,STD,0.8,15000,0,465.178,524.749,1002.473,1274.049,813.573,813.573,8.294,11.958,103.072,97.918,15.823,15.823,79.5,234.1,154.6,0.9,81.7,1.02782,1.01E+04,1.02E+04
383,NONE,STD,0.8,15000,0,465.178,524.749,995.016,1250.99,796.54,796.54,8.294,11.958,100.735,95.699,15.361,15.361,70.7,222.1,151.5,0.8,75.2,1.06478,1.01E+04,1.01E+04
384,NONE,STD,0.8,15000,0,465.178,524.749,986.823,1227.478,779.818,779.818,8.294,11.958,98.189,93.28,14.91,14.91,61.8,209.9,148,0.7,68.9,1.11517,1.00E+04,1.01E+04
385,NONE,STD,0.8,15000,0,465.178,524.749,978.095,1203.199,762.888,762.888,8.294,11.958,95.494,90.72,14.456,14.456,53,197.4,144.4,0.6,62.7,1.18368,9.95E+03,1.00E+04
386,NONE,STD,0.8,15000,0,465.178,524.749,968.624,1177.98,745.789,745.789,8.294,11.958,92.609,87.978,13.997,13.997,44.2,184.7,140.5,0.5,56.6,1.28154,9.88E+03,9.94E+03
387,NONE,STD,0.8,15000,0,465.178,524.749,958.642,1151.365,727.805,727.805,8.294,11.958,89.622,85.141,13.537,13.537,35.3,171.7,136.4,0.4,50.4,1.42718,9.81E+03,9.87E+03
388,NONE,STD,0.8,15000,0,465.178,524.749,947.625,1122.994,709.103,709.103,8.294,11.958,86.388,82.068,13.077,13.077,26.5,158.4,131.9,0.3,44.2,1.66923,9.74E+03,9.80E+03
389,NONE,STD,0.8,15000,0,465.178,524.749,934.673,1092.682,690.421,690.421,8.294,11.958,82.672,78.538,12.622,12.622,17.7,144.5,126.8,0.2,38.2,2.16088,9.65E+03,9.71E+03
390,NONE,STD,0.8,15000,0,465.178,524.749,920.062,1063.205,674.423,674.423,8.294,11.958,77.918,74.022,12.137,12.137,8.8,129.3,120.5,0.1,32.7,3.70628,9.55E+03,9.61E+03
391,NONE,STD,0.9,15000,0,465.178,540.558,1029.609,1300,828.922,828.922,8.294,13.28,113.697,108.012,17.273,17.273,82.8,271.8,188.9,1,88.7,1.07116,1.01E+04,1.03E+04
392,NONE,STD,0.9,15000,0,465.178,540.558,1023.391,1279.21,813.024,813.024,8.294,13.28,111.609,106.029,16.815,16.815,74.6,260.3,185.7,0.9,82.3,1.10438,1.01E+04,1.03E+04
393,NONE,STD,0.9,15000,0,465.178,540.558,1016.775,1258.234,797.362,797.362,8.294,13.28,109.392,103.922,16.363,16.363,66.3,248.6,182.4,0.8,76.1,1.14854,1.00E+04,1.02E+04
394,NONE,STD,0.9,15000,0,465.178,540.558,1009.679,1237.072,782.025,782.025,8.294,13.28,107.025,101.674,15.922,15.922,58,236.8,178.8,0.7,70.1,1.20879,9.96E+03,1.02E+04
395,NONE,STD,0.9,15000,0,465.178,540.558,1002.449,1215.457,766.391,766.391,8.294,13.28,104.639,99.407,15.475,15.475,49.7,224.8,175.1,0.6,64.2,1.29072,9.91E+03,1.01E+04
396,NONE,STD,0.9,15000,0,465.178,540.558,994.679,1193.147,750.621,750.621,8.294,13.28,102.106,97.001,15.021,15.021,41.4,212.6,171.2,0.5,58.3,1.40731,9.86E+03,1.01E+04
397,NONE,STD,0.9,15000,0,465.178,540.558,986.424,1169.912,734.424,734.424,8.294,13.28,99.449,94.477,14.564,14.564,33.1,200.2,167.1,0.4,52.5,1.58296,9.80E+03,1.00E+04
398,NONE,STD,0.9,15000,0,465.178,540.558,977.879,1145.511,717.344,717.344,8.294,13.28,96.733,91.896,14.108,14.108,24.9,187.7,162.8,0.3,46.6,1.87352,9.75E+03,9.95E+03
399,NONE,STD,0.9,15000,0,465.178,540.558,968.472,1119.904,699.942,699.942,8.294,13.28,93.786,89.097,13.647,13.647,16.6,174.8,158.2,0.2,40.7,2.45895,9.68E+03,9.89E+03
400,NONE,STD,0.9,15000,0,465.178,540.558,957.726,1093.998,683.66,683.66,8.294,13.28,90.186,85.676,13.187,13.187,8.3,161,152.7,0.1,35.3,4.25845,9.61E+03,9.81E+03
401,NONE,STD,0,20000,0,447.347,447.347,908.876,1300,861.366,861.366,6.753,6.416,60.473,57.449,10.616,10.616,127.8,127.8,0,1,73.3,0.57339,1.06E+04,9.80E+03
402,NONE,STD,0,20000,0,447.347,447.347,881.886,1229.355,813.187,813.187,6.753,6.416,57.541,54.664,10.187,10.187,115,115,0,0.9,62.6,0.54411,1.03E+04,9.60E+03
403,NONE,STD,0,20000,0,447.347,447.347,855.173,1164.576,771.403,771.403,6.753,6.416,54.225,51.514,9.779,9.779,102.2,102.2,0,0.8,53.1,0.51978,1.01E+04,9.40E+03
404,NONE,STD,0,20000,0,447.347,447.347,835.066,1123.447,748.284,748.284,6.753,6.416,50.404,47.884,9.361,9.361,89.5,89.5,0,0.7,46.4,0.51917,9.97E+03,9.26E+03
405,NONE,STD,0,20000,0,447.347,447.347,812.754,1079.83,724.968,724.968,6.753,6.416,46.337,44.02,8.953,8.953,76.7,76.7,0,0.6,39.9,0.52076,9.80E+03,9.10E+03
406,NONE,STD,0,20000,0,447.347,447.347,787.799,1034.25,702.461,702.461,6.753,6.416,41.938,39.841,8.554,8.554,63.9,63.9,0,0.5,33.7,0.52764,9.62E+03,8.93E+03
407,NONE,STD,0,20000,0,447.347,447.347,759.573,996.38,691.453,691.453,6.753,6.416,36.628,34.796,8.179,8.179,51.1,51.1,0,0.4,28.8,0.56369,9.40E+03,8.73E+03
408,NONE,STD,0,20000,0,447.347,447.347,724.627,955.882,684.627,684.627,6.753,6.416,30.76,29.222,7.811,7.811,38.3,38.3,0,0.3,24.1,0.62986,9.14E+03,8.49E+03
409,NONE,STD,0,20000,0,447.347,447.347,675.994,921.595,697.975,697.975,6.753,6.416,23.491,22.316,7.444,7.444,25.6,25.6,0,0.2,20.4,0.79977,8.72E+03,8.10E+03
410,NONE,STD,0,20000,0,447.347,447.347,588.721,968.608,832.298,832.298,6.753,6.416,13.776,13.087,7.102,7.102,12.8,12.8,0,0.1,20.2,1.5819,7.79E+03,7.24E+03
411,NONE,STD,0.1,20000,0,447.347,448.241,910.412,1300,860.687,860.687,6.753,6.461,60.881,57.837,10.655,10.655,117.1,129,11.9,1,73.4,0.62712,1.06E+04,9.81E+03
412,NONE,STD,0.1,20000,0,447.347,448.241,885.258,1234.006,815.606,815.606,6.753,6.461,58.135,55.228,10.25,10.25,105.4,116.9,11.6,0.9,63.4,0.6013,1.04E+04,9.62E+03
413,NONE,STD,0.1,20000,0,447.347,448.241,859.244,1169.624,773.507,773.507,6.753,6.461,55.079,52.325,9.862,9.862,93.7,104.8,11.2,0.8,54,0.57691,1.01E+04,9.42E+03
414,NONE,STD,0.1,20000,0,447.347,448.241,840.339,1130.52,751.288,751.288,6.753,6.461,51.446,48.874,9.459,9.459,81.9,92.5,10.6,0.7,47.6,0.58046,9.99E+03,9.29E+03
415,NONE,STD,0.1,20000,0,447.347,448.241,819.402,1089.216,728.979,728.979,6.753,6.461,47.566,45.188,9.062,9.062,70.2,80.1,9.9,0.6,41.3,0.58755,9.84E+03,9.15E+03
416,NONE,STD,0.1,20000,0,447.347,448.241,795.964,1044.48,705.791,705.791,6.753,6.461,43.452,41.279,8.671,8.671,58.5,67.7,9.2,0.5,35.1,0.59881,9.67E+03,8.99E+03
417,NONE,STD,0.1,20000,0,447.347,448.241,769.501,1006.069,692.409,692.409,6.753,6.461,38.425,36.504,8.297,8.297,46.8,55.1,8.3,0.4,30,0.64059,9.47E+03,8.80E+03
418,NONE,STD,0.1,20000,0,447.347,448.241,737.092,966.53,683.998,683.998,6.753,6.461,32.756,31.118,7.928,7.928,35.1,42.4,7.3,0.3,25.3,0.72065,9.22E+03,8.57E+03
419,NONE,STD,0.1,20000,0,447.347,448.241,692.996,927.8,688.253,688.253,6.753,6.461,25.859,24.566,7.555,7.555,23.4,29.4,6,0.2,21.2,0.90494,8.86E+03,8.23E+03
420,NONE,STD,0.1,20000,0,447.347,448.241,618.673,924.439,758.678,758.678,6.753,6.461,16.561,15.733,7.184,7.184,11.7,15.8,4.1,0.1,19,1.62275,8.17E+03,7.59E+03
421,NONE,STD,0.2,20000,0,447.347,450.924,914.957,1300,858.702,858.702,6.753,6.598,62.109,59.003,10.775,10.775,108.3,132.5,24.2,1,73.8,0.68165,1.05E+04,9.83E+03
422,NONE,STD,0.2,20000,0,447.347,450.924,891.739,1238.653,816.623,816.623,6.753,6.598,59.535,56.559,10.388,10.388,97.5,121.1,23.6,0.9,64.3,0.65974,1.04E+04,9.66E+03
423,NONE,STD,0.2,20000,0,447.347,450.924,866.849,1175.552,774.72,774.72,6.753,6.598,56.735,53.898,10.014,10.014,86.6,109.5,22.9,0.8,55.1,0.63604,1.02E+04,9.47E+03
424,NONE,STD,0.2,20000,0,447.347,450.924,849.106,1137.926,752.867,752.867,6.753,6.598,53.286,50.622,9.62,9.62,75.8,97.6,21.7,0.7,48.8,0.64348,1.00E+04,9.34E+03
425,NONE,STD,0.2,20000,0,447.347,450.924,829.759,1099.067,731.498,731.498,6.753,6.598,49.594,47.114,9.229,9.229,65,85.5,20.5,0.6,42.7,0.65677,9.88E+03,9.21E+03
426,NONE,STD,0.2,20000,0,447.347,450.924,808.133,1056.624,708.842,708.842,6.753,6.598,45.687,43.402,8.842,8.842,54.1,73.3,19.1,0.5,36.6,0.67548,9.72E+03,9.06E+03
427,NONE,STD,0.2,20000,0,447.347,450.924,783.563,1016.657,691.899,691.899,6.753,6.598,41.055,39.002,8.467,8.467,43.3,60.8,17.5,0.4,31.2,0.72109,9.54E+03,8.89E+03
428,NONE,STD,0.2,20000,0,447.347,450.924,753.972,977.481,681.001,681.001,6.753,6.598,35.591,33.812,8.094,8.094,32.5,48,15.5,0.3,26.5,0.8145,9.31E+03,8.68E+03
429,NONE,STD,0.2,20000,0,447.347,450.924,715.016,935.613,676.878,676.878,6.753,6.598,29.117,27.661,7.713,7.713,21.7,34.8,13.1,0.2,22,1.01453,9.01E+03,8.40E+03
430,NONE,STD,0.2,20000,0,447.347,450.924,653.099,901.733,703.95,703.95,6.753,6.598,20.45,19.428,7.311,7.311,10.8,20.6,9.8,0.1,18.4,1.69988,8.46E+03,7.89E+03
431,NONE,STD,0.3,20000,0,447.347,455.397,922.145,1300,855.777,855.777,6.753,6.83,64.146,60.939,10.986,10.986,101.2,138.6,37.3,1,74.5,0.73594,1.05E+04,9.87E+03
432,NONE,STD,0.3,20000,0,447.347,455.397,901.266,1243.634,816.65,816.65,6.753,6.83,61.777,58.688,10.608,10.608,91.1,127.6,36.5,0.9,65.5,0.71875,1.04E+04,9.71E+03
433,NONE,STD,0.3,20000,0,447.347,455.397,878.659,1185.221,777.391,777.391,6.753,6.83,59.175,56.217,10.241,10.241,81,116.5,35.5,0.8,56.7,0.69983,1.02E+04,9.54E+03
434,NONE,STD,0.3,20000,0,447.347,455.397,861.295,1146.412,753.874,753.874,6.753,6.83,55.975,53.176,9.852,9.852,70.9,104.8,33.9,0.7,50.2,0.70826,1.00E+04,9.42E+03
435,NONE,STD,0.3,20000,0,447.347,455.397,843.555,1109.695,733.102,733.102,6.753,6.83,52.473,49.85,9.464,9.464,60.7,92.9,32.2,0.6,44.2,0.72789,9.92E+03,9.29E+03
436,NONE,STD,0.3,20000,0,447.347,455.397,823.974,1069.989,711.214,711.214,6.753,6.83,48.748,46.311,9.078,9.078,50.6,80.9,30.3,0.5,38.2,0.75553,9.77E+03,9.16E+03
437,NONE,STD,0.3,20000,0,447.347,455.397,801.337,1028.655,690.865,690.865,6.753,6.83,44.535,42.308,8.702,8.702,40.5,68.5,28,0.4,32.6,0.80487,9.61E+03,9.00E+03
438,NONE,STD,0.3,20000,0,447.347,455.397,775.014,990.608,677.818,677.818,6.753,6.83,39.348,37.381,8.322,8.322,30.4,55.7,25.3,0.3,27.8,0.914,9.41E+03,8.82E+03
439,NONE,STD,0.3,20000,0,447.347,455.397,741.417,946.848,666.339,666.339,6.753,6.83,33.396,31.726,7.932,7.932,20.2,42.3,22,0.2,22.9,1.13136,9.16E+03,8.59E+03
440,NONE,STD,0.3,20000,0,447.347,455.397,691.128,900.538,669.146,669.146,6.753,6.83,25.44,24.168,7.514,7.514,10.1,27.7,17.6,0.1,18.6,1.8339,8.74E+03,8.19E+03
441,NONE,STD,0.4,20000,0,447.347,461.659,931.751,1300,852.131,852.131,6.753,7.164,67.011,63.66,11.295,11.295,95.6,147.3,51.7,1,75.4,0.78914,1.05E+04,9.92E+03
442,NONE,STD,0.4,20000,0,447.347,461.659,913.3,1248.594,815.853,815.853,6.753,7.164,64.849,61.606,10.921,10.921,86,136.6,50.6,0.9,66.9,0.77715,1.04E+04,9.78E+03
443,NONE,STD,0.4,20000,0,447.347,461.659,893.278,1195.329,779.425,779.425,6.753,7.164,62.499,59.374,10.552,10.552,76.5,125.9,49.4,0.8,58.4,0.76415,1.02E+04,9.62E+03
444,NONE,STD,0.4,20000,0,447.347,461.659,876.617,1156.259,754.889,754.889,6.753,7.164,59.534,56.557,10.167,10.167,66.9,114.5,47.6,0.7,51.8,0.77454,1.01E+04,9.50E+03
445,NONE,STD,0.4,20000,0,447.347,461.659,860.503,1121.492,734.5,734.5,6.753,7.164,56.214,53.404,9.778,9.778,57.3,102.7,45.4,0.6,45.9,0.8007,9.95E+03,9.39E+03
446,NONE,STD,0.4,20000,0,447.347,461.659,842.984,1084.125,712.94,712.94,6.753,7.164,52.707,50.071,9.389,9.389,47.8,90.7,43,0.5,40,0.83714,9.82E+03,9.27E+03
447,NONE,STD,0.4,20000,0,447.347,461.659,822.685,1044.207,691.671,691.671,6.753,7.164,48.807,46.367,9.009,9.009,38.2,78.5,40.2,0.4,34.3,0.89656,9.68E+03,9.13E+03
448,NONE,STD,0.4,20000,0,447.347,461.659,799.462,1006.171,675.477,675.477,6.753,7.164,44.04,41.838,8.623,8.623,28.7,65.6,36.9,0.3,29.2,1.01903,9.50E+03,8.97E+03
449,NONE,STD,0.4,20000,0,447.347,461.659,770.667,964.594,661.387,661.387,6.753,7.164,38.445,36.523,8.222,8.222,19.1,52.1,32.9,0.2,24.3,1.27286,9.29E+03,8.77E+03
450,NONE,STD,0.4,20000,0,447.347,461.659,730.741,915.945,651.383,651.383,6.753,7.164,31.383,29.814,7.796,7.796,9.6,37.4,27.8,0.1,19.5,2.04289,8.98E+03,8.48E+03
451,NONE,STD,0.5,20000,0,447.347,469.713,943.461,1300,848.077,848.077,6.753,7.607,70.724,67.188,11.712,11.712,91.1,158.8,67.7,1,76.6,0.84039,1.05E+04,9.97E+03
452,NONE,STD,0.5,20000,0,447.347,469.713,927.082,1253.174,814.597,814.597,6.753,7.607,68.751,65.313,11.34,11.34,82,148.4,66.4,0.9,68.4,0.83368,1.03E+04,9.85E+03
453,NONE,STD,0.5,20000,0,447.347,469.713,909.918,1205.226,780.914,780.914,6.753,7.607,66.678,63.345,10.962,10.962,72.9,138,65.1,0.8,60.3,0.82736,1.02E+04,9.71E+03
454,NONE,STD,0.5,20000,0,447.347,469.713,894.659,1167.428,756.283,756.283,6.753,7.607,63.973,60.775,10.576,10.576,63.8,126.8,63,0.7,53.7,0.84168,1.01E+04,9.60E+03
455,NONE,STD,0.5,20000,0,447.347,469.713,880.208,1134.743,736.377,736.377,6.753,7.607,60.839,57.797,10.183,10.183,54.7,115.1,60.4,0.6,47.8,0.87506,9.98E+03,9.50E+03
456,NONE,STD,0.5,20000,0,447.347,469.713,864.733,1099.617,715.058,715.058,6.753,7.607,57.566,54.688,9.79,9.79,45.6,103.2,57.6,0.5,41.9,0.92067,9.87E+03,9.39E+03
457,NONE,STD,0.5,20000,0,447.347,469.713,846.896,1062.457,694.139,694.139,6.753,7.607,53.911,51.215,9.4,9.4,36.4,90.9,54.5,0.4,36.2,0.99453,9.74E+03,9.27E+03
458,NONE,STD,0.5,20000,0,447.347,469.713,826.445,1024.446,675.118,675.118,6.753,7.607,49.641,47.159,9.012,9.012,27.3,78.2,50.8,0.3,30.9,1.1308,9.59E+03,9.13E+03
459,NONE,STD,0.5,20000,0,447.347,469.713,802.401,985.632,659.071,659.071,6.753,7.607,44.495,42.271,8.6,8.6,18.2,64.6,46.4,0.2,26,1.42507,9.42E+03,8.96E+03
460,NONE,STD,0.5,20000,0,447.347,469.713,771.262,939.089,642.334,642.334,6.753,7.607,38.45,36.528,8.168,8.168,9.1,50,40.9,0.1,20.9,2.29209,9.19E+03,8.75E+03
461,NONE,STD,0.6,20000,0,447.347,479.56,956.865,1300,844.012,844.012,6.753,8.17,75.334,71.568,12.251,12.251,87.6,173.3,85.8,1,77.9,0.88914,1.04E+04,1.00E+04
462,NONE,STD,0.6,20000,0,447.347,479.56,942.73,1257.573,812.968,812.968,6.753,8.17,73.576,69.897,11.868,11.868,78.8,163.2,84.4,0.9,69.9,0.8874,1.03E+04,9.92E+03
463,NONE,STD,0.6,20000,0,447.347,479.56,927.653,1214.101,781.923,781.923,6.753,8.17,71.668,68.084,11.488,11.488,70.1,152.9,82.9,0.8,62.2,0.88751,1.02E+04,9.80E+03
464,NONE,STD,0.6,20000,0,447.347,479.56,914.602,1179.758,758.694,758.694,6.753,8.17,69.205,65.745,11.095,11.095,61.3,141.9,80.6,0.7,55.7,0.90922,1.01E+04,9.71E+03
465,NONE,STD,0.6,20000,0,447.347,479.56,902.161,1149.348,739.134,739.134,6.753,8.17,66.352,63.034,10.692,10.692,52.5,130.3,77.7,0.6,49.9,0.95058,1.00E+04,9.62E+03
466,NONE,STD,0.6,20000,0,447.347,479.56,888.575,1116.635,718.398,718.398,6.753,8.17,63.304,60.139,10.292,10.292,43.8,118.4,74.6,0.5,44.1,1.00676,9.91E+03,9.53E+03
467,NONE,STD,0.6,20000,0,447.347,479.56,873.269,1082.147,697.661,697.661,6.753,8.17,59.943,56.946,9.891,9.891,35,106.2,71.2,0.4,38.4,1.09519,9.80E+03,9.42E+03
468,NONE,STD,0.6,20000,0,447.347,479.56,855.473,1045.33,677.141,677.141,6.753,8.17,56.159,53.351,9.501,9.501,26.3,93.6,67.3,0.3,32.8,1.24943,9.67E+03,9.30E+03
469,NONE,STD,0.6,20000,0,447.347,479.56,835.403,1009.143,659.739,659.739,6.753,8.17,51.481,48.907,9.08,9.08,17.5,80.1,62.6,0.2,27.8,1.58663,9.52E+03,9.16E+03
470,NONE,STD,0.6,20000,0,447.347,479.56,810.82,968.014,641.943,641.943,6.753,8.17,46.072,43.769,8.636,8.636,8.8,65.7,56.9,0.1,22.8,2.59914,9.35E+03,8.99E+03
471,NONE,STD,0.7,20000,0,447.347,491.202,971.798,1300,840.112,840.112,6.753,8.863,80.943,76.896,12.929,12.929,84.8,191.2,106.4,1,79.2,0.9343,1.04E+04,1.01E+04
472,NONE,STD,0.7,20000,0,447.347,491.202,959.876,1261.658,811.192,811.192,6.753,8.863,79.378,75.409,12.528,12.528,76.3,181.2,104.9,0.9,71.5,0.93707,1.03E+04,1.00E+04
473,NONE,STD,0.7,20000,0,447.347,491.202,946.627,1222.475,782.854,782.854,6.753,8.863,77.594,73.714,12.148,12.148,67.8,171.1,103.2,0.8,64.1,0.94406,1.02E+04,9.90E+03
474,NONE,STD,0.7,20000,0,447.347,491.202,936.005,1193.199,762.516,762.516,6.753,8.863,75.215,71.454,11.742,11.742,59.4,159.9,100.6,0.7,58,0.97656,1.01E+04,9.82E+03
475,NONE,STD,0.7,20000,0,447.347,491.202,925.281,1164.927,743.445,743.445,6.753,8.863,72.606,68.976,11.327,11.327,50.9,148.4,97.5,0.6,52.2,1.0261,1.00E+04,9.75E+03
476,NONE,STD,0.7,20000,0,447.347,491.202,913.994,1135.011,723.292,723.292,6.753,8.863,69.909,66.414,10.914,10.914,42.4,136.7,94.3,0.5,46.4,1.09453,9.93E+03,9.67E+03
477,NONE,STD,0.7,20000,0,447.347,491.202,901.179,1103.193,702.785,702.785,6.753,8.863,66.891,63.547,10.501,10.501,33.9,124.7,90.7,0.4,40.7,1.19841,9.84E+03,9.58E+03
478,NONE,STD,0.7,20000,0,447.347,491.202,886.084,1069.61,682.853,682.853,6.753,8.863,63.421,60.25,10.099,10.099,25.4,112.1,86.6,0.3,35.1,1.38033,9.74E+03,9.47E+03
479,NONE,STD,0.7,20000,0,447.347,491.202,869.192,1033.916,662.661,662.661,6.753,8.863,59.512,56.536,9.679,9.679,17,98.9,81.9,0.2,29.7,1.75073,9.62E+03,9.36E+03
480,NONE,STD,0.7,20000,0,447.347,491.202,850.013,997.578,644.275,644.275,6.753,8.863,54.695,51.961,9.214,9.214,8.5,84.7,76.2,0.1,24.6,2.90513,9.48E+03,9.22E+03
481,NONE,STD,0.8,20000,0,447.347,504.631,988.649,1300,835.958,835.958,6.753,9.72,87.728,83.342,13.752,13.752,82.6,212.9,130.2,1,80.6,0.97536,1.03E+04,1.02E+04
482,NONE,STD,0.8,20000,0,447.347,504.631,977.839,1264.727,809.202,809.202,6.753,9.72,86.208,81.898,13.347,13.347,74.4,202.9,128.6,0.9,73,0.98187,1.02E+04,1.01E+04
483,NONE,STD,0.8,20000,0,447.347,504.631,966.97,1232.08,785.411,785.411,6.753,9.72,84.35,80.132,12.955,12.955,66.1,192.5,126.4,0.8,66.1,0.99994,1.01E+04,1.00E+04
484,NONE,STD,0.8,20000,0,447.347,504.631,958.408,1206.858,767.269,767.269,6.753,9.72,82.075,77.971,12.533,12.533,57.8,181.3,123.4,0.7,60.3,1.04227,1.01E+04,9.94E+03
485,NONE,STD,0.8,20000,0,447.347,504.631,949.204,1180.741,748.906,748.906,6.753,9.72,79.661,75.678,12.106,12.106,49.6,169.8,120.2,0.6,54.6,1.10022,1.00E+04,9.87E+03
486,NONE,STD,0.8,20000,0,447.347,504.631,939.503,1153.475,729.906,729.906,6.753,9.72,77.141,73.284,11.678,11.678,41.3,158.1,116.8,0.5,48.8,1.18173,9.94E+03,9.80E+03
487,NONE,STD,0.8,20000,0,447.347,504.631,929.161,1124.716,710.062,710.062,6.753,9.72,74.504,70.779,11.251,11.251,33.1,146.2,113.2,0.4,43.1,1.30385,9.86E+03,9.73E+03
488,NONE,STD,0.8,20000,0,447.347,504.631,917.302,1094.429,690.241,690.241,6.753,9.72,71.569,67.991,10.83,10.83,24.8,133.9,109.1,0.3,37.5,1.51333,9.78E+03,9.65E+03
489,NONE,STD,0.8,20000,0,447.347,504.631,903.468,1061.442,669.708,669.708,6.753,9.72,68.221,64.81,10.396,10.396,16.5,121.1,104.5,0.2,31.9,1.93187,9.68E+03,9.55E+03
490,NONE,STD,0.8,20000,0,447.347,504.631,888.075,1027.844,650.242,650.242,6.753,9.72,64.162,60.954,9.932,9.932,8.3,107.3,99,0.1,26.7,3.22576,9.57E+03,9.44E+03
491,NONE,STD,0.9,20000,0,447.347,519.831,1006.977,1300,831.994,831.994,6.753,10.798,95.874,91.08,14.762,14.762,81.1,239.4,158.3,1,82.1,1.01193,1.02E+04,1.02E+04
492,NONE,STD,0.9,20000,0,447.347,519.831,997.289,1268.522,808.172,808.172,6.753,10.798,94.254,89.541,14.349,14.349,73,229.3,156.3,0.9,74.7,1.0235,1.01E+04,1.02E+04
493,NONE,STD,0.9,20000,0,447.347,519.831,989.7,1244.968,790.743,790.743,6.753,10.798,92.072,87.469,13.915,13.915,64.9,217.9,153,0.8,68.7,1.05822,1.01E+04,1.01E+04
494,NONE,STD,0.9,20000,0,447.347,519.831,981.833,1221.123,773.339,773.339,6.753,10.798,89.837,85.345,13.485,13.485,56.8,206.5,149.7,0.7,62.8,1.10579,1.00E+04,1.00E+04
495,NONE,STD,0.9,20000,0,447.347,519.831,973.559,1196.699,755.797,755.797,6.753,10.798,87.497,83.122,13.052,13.052,48.7,194.8,146.2,0.6,57,1.17131,9.98E+03,9.99E+03
496,NONE,STD,0.9,20000,0,447.347,519.831,965.081,1171.691,737.912,737.912,6.753,10.798,85.13,80.874,12.61,12.61,40.6,183.1,142.5,0.5,51.3,1.2656,9.92E+03,9.93E+03
497,NONE,STD,0.9,20000,0,447.347,519.831,956.44,1145.413,718.912,718.912,6.753,10.798,82.758,78.62,12.167,12.167,32.4,171.3,138.8,0.4,45.6,1.40507,9.85E+03,9.87E+03
498,NONE,STD,0.9,20000,0,447.347,519.831,946.95,1117.927,699.58,699.58,6.753,10.798,80.19,76.18,11.717,11.717,24.3,159.2,134.8,0.3,39.9,1.64075,9.79E+03,9.80E+03
499,NONE,STD,0.9,20000,0,447.347,519.831,936.274,1089.055,680.07,680.07,6.753,10.798,77.341,73.474,11.265,11.265,16.2,146.6,130.4,0.2,34.4,2.11961,9.71E+03,9.72E+03
500,NONE,STD,0.9,20000,0,447.347,519.831,924.382,1058.581,660.229,660.229,6.753,10.798,74.147,70.44,10.8,10.8,8.1,133.5,125.4,0.1,28.9,3.569,9.63E+03,9.64E+03
501,NONE,STD,0,25000,0,429.516,429.516,893.547,1300,859.537,859.537,5.454,5.181,50.706,48.171,8.816,8.816,110.3,110.3,0,1,63.9,0.57937,1.08E+04,9.79E+03
502,NONE,STD,0,25000,0,429.516,429.516,863.949,1224.643,808.894,808.894,5.454,5.181,47.995,45.596,8.44,8.44,99.3,99.3,0,0.9,54.6,0.54962,1.05E+04,9.54E+03
503,NONE,STD,0,25000,0,429.516,429.516,835.119,1151.044,759.885,759.885,5.454,5.181,45.351,43.083,8.075,8.075,88.2,88.2,0,0.8,45.7,0.5183,1.02E+04,9.32E+03
504,NONE,STD,0,25000,0,429.516,429.516,811.921,1097.691,727.037,727.037,5.454,5.181,42.302,40.187,7.71,7.71,77.2,77.2,0,0.7,39,0.50509,1.00E+04,9.14E+03
505,NONE,STD,0,25000,0,429.516,429.516,790.129,1053.536,702.703,702.703,5.454,5.181,38.91,36.964,7.357,7.357,66.2,66.2,0,0.6,33.4,0.50461,9.88E+03,8.99E+03
506,NONE,STD,0,25000,0,429.516,429.516,765.113,1008.046,680.396,680.396,5.454,5.181,35.182,33.423,7.027,7.027,55.2,55.2,0,0.5,28.2,0.51099,9.69E+03,8.82E+03
507,NONE,STD,0,25000,0,429.516,429.516,737.219,968.28,667.168,667.168,5.454,5.181,30.773,29.235,6.7,6.7,44.1,44.1,0,0.4,23.9,0.54126,9.47E+03,8.61E+03
508,NONE,STD,0,25000,0,429.516,429.516,703.193,925.926,657.578,657.578,5.454,5.181,25.883,24.589,6.378,6.378,33.1,33.1,0,0.3,19.8,0.59803,9.20E+03,8.37E+03
509,NONE,STD,0,25000,0,429.516,429.516,656.487,888.858,666.217,666.217,5.454,5.181,19.849,18.857,6.059,6.059,22.1,22.1,0,0.2,16.5,0.74788,8.79E+03,8.00E+03
510,NONE,STD,0,25000,0,429.516,429.516,574.517,909.676,768.768,768.768,5.454,5.181,11.839,11.247,5.753,5.753,11,11,0,0.1,15.4,1.39964,7.93E+03,7.22E+03
511,NONE,STD,0.1,25000,0,429.516,430.374,894.842,1300,859.065,859.065,5.454,5.218,51.027,48.476,8.853,8.853,101.6,111.4,9.8,1,64.1,0.63091,1.08E+04,9.80E+03
512,NONE,STD,0.1,25000,0,429.516,430.374,867.27,1229.483,811.535,811.535,5.454,5.218,48.49,46.065,8.496,8.496,91.4,100.9,9.5,0.9,55.3,0.6046,1.05E+04,9.56E+03
513,NONE,STD,0.1,25000,0,429.516,430.374,840.375,1160.484,765.406,765.406,5.454,5.218,46.01,43.709,8.149,8.149,81.3,90.5,9.2,0.8,46.9,0.57707,1.03E+04,9.35E+03
514,NONE,STD,0.1,25000,0,429.516,430.374,817.107,1105.406,730.76,730.76,5.454,5.218,43.169,41.01,7.797,7.797,71.1,79.9,8.8,0.7,40,0.56323,1.01E+04,9.18E+03
515,NONE,STD,0.1,25000,0,429.516,430.374,796.659,1062.97,706.843,706.843,5.454,5.218,39.954,37.956,7.452,7.452,60.9,69.2,8.3,0.6,34.5,0.56693,9.92E+03,9.03E+03
516,NONE,STD,0.1,25000,0,429.516,430.374,773.259,1019.329,684.795,684.795,5.454,5.218,36.407,34.587,7.126,7.126,50.8,58.4,7.6,0.5,29.4,0.57904,9.74E+03,8.87E+03
517,NONE,STD,0.1,25000,0,429.516,430.374,746.802,978.056,668.506,668.506,5.454,5.218,32.277,30.663,6.802,6.802,40.6,47.5,6.9,0.4,24.9,0.61276,9.53E+03,8.68E+03
518,NONE,STD,0.1,25000,0,429.516,430.374,715.215,937.56,658.356,658.356,5.454,5.218,27.516,26.14,6.478,6.478,30.5,36.5,6.1,0.3,20.8,0.68385,9.28E+03,8.45E+03
519,NONE,STD,0.1,25000,0,429.516,430.374,672.632,895.885,658.125,658.125,5.454,5.218,21.809,20.718,6.153,6.153,20.3,25.3,5,0.2,17.2,0.84444,8.92E+03,8.13E+03
520,NONE,STD,0.1,25000,0,429.516,430.374,601.261,880.646,713.654,713.654,5.454,5.218,14.087,13.382,5.827,5.827,10.2,13.6,3.5,0.1,14.9,1.4663,8.25E+03,7.51E+03
521,NONE,STD,0.2,25000,0,429.516,432.948,898.664,1300,857.721,857.721,5.454,5.33,51.992,49.392,8.966,8.966,94.6,114.6,19.9,1,64.6,0.68255,1.07E+04,9.81E+03
522,NONE,STD,0.2,25000,0,429.516,432.948,873.745,1234.959,813.346,813.346,5.454,5.33,49.671,47.187,8.621,8.621,85.2,104.6,19.4,0.9,56.3,0.66047,1.05E+04,9.60E+03
523,NONE,STD,0.2,25000,0,429.516,432.948,848.897,1170.436,769.858,769.858,5.454,5.33,47.348,44.98,8.285,8.285,75.7,94.6,18.9,0.8,48.2,0.63709,1.03E+04,9.41E+03
524,NONE,STD,0.2,25000,0,429.516,432.948,825.752,1114.057,733.665,733.665,5.454,5.33,44.703,42.468,7.942,7.942,66.2,84.4,18.1,0.7,41.3,0.62288,1.01E+04,9.23E+03
525,NONE,STD,0.2,25000,0,429.516,432.948,806.785,1073.33,710.012,710.012,5.454,5.33,41.664,39.58,7.601,7.601,56.8,73.9,17.1,0.6,35.8,0.63109,9.96E+03,9.10E+03
526,NONE,STD,0.2,25000,0,429.516,432.948,785.137,1031.58,688.142,688.142,5.454,5.33,38.29,36.375,7.274,7.274,47.3,63.3,15.9,0.5,30.7,0.64961,9.79E+03,8.94E+03
527,NONE,STD,0.2,25000,0,429.516,432.948,760.322,988.798,668.576,668.576,5.454,5.33,34.469,32.746,6.951,6.951,37.9,52.5,14.6,0.4,26,0.68625,9.60E+03,8.77E+03
528,NONE,STD,0.2,25000,0,429.516,432.948,731.428,949.442,656.873,656.873,5.454,5.33,29.845,28.353,6.62,6.62,28.4,41.3,13,0.3,21.9,0.77118,9.37E+03,8.56E+03
529,NONE,STD,0.2,25000,0,429.516,432.948,693.629,904.067,648.042,648.042,5.454,5.33,24.531,23.304,6.287,6.287,18.9,29.9,11,0.2,17.8,0.94149,9.07E+03,8.29E+03
530,NONE,STD,0.2,25000,0,429.516,432.948,633.747,867.241,670.185,670.185,5.454,5.33,17.224,16.363,5.935,5.935,9.5,17.7,8.2,0.1,14.7,1.55318,8.53E+03,7.79E+03
531,NONE,STD,0.3,25000,0,429.516,437.238,904.735,1300,855.757,855.757,5.454,5.519,53.593,50.913,9.161,9.161,89.3,120,30.8,1,65.5,0.73325,1.07E+04,9.82E+03
532,NONE,STD,0.3,25000,0,429.516,437.238,882.989,1240.878,814.507,814.507,5.454,5.519,51.534,48.958,8.821,8.821,80.4,110.4,30.1,0.9,57.5,0.71598,1.05E+04,9.65E+03
533,NONE,STD,0.3,25000,0,429.516,437.238,860.502,1180.997,773.525,773.525,5.454,5.519,49.385,46.916,8.488,8.488,71.4,100.7,29.3,0.8,49.8,0.69734,1.03E+04,9.48E+03
534,NONE,STD,0.3,25000,0,429.516,437.238,837.706,1123.667,735.921,735.921,5.454,5.519,46.946,44.598,8.152,8.152,62.5,90.8,28.3,0.7,42.7,0.68282,1.01E+04,9.30E+03
535,NONE,STD,0.3,25000,0,429.516,437.238,820.323,1085.204,713.008,713.008,5.454,5.519,44.061,41.858,7.811,7.811,53.6,80.4,26.8,0.6,37.3,0.69691,9.99E+03,9.18E+03
536,NONE,STD,0.3,25000,0,429.516,437.238,800.525,1045.182,691.056,691.056,5.454,5.519,40.863,38.82,7.479,7.479,44.6,69.8,25.2,0.5,32.2,0.72207,9.84E+03,9.04E+03
537,NONE,STD,0.3,25000,0,429.516,437.238,777.648,1002.184,669.25,669.25,5.454,5.519,37.322,35.456,7.154,7.154,35.7,59.1,23.4,0.4,27.3,0.76389,9.67E+03,8.88E+03
538,NONE,STD,0.3,25000,0,429.516,437.238,751.538,962.784,654.663,654.663,5.454,5.519,32.956,31.308,6.815,6.815,26.8,47.9,21.1,0.3,23,0.86029,9.46E+03,8.69E+03
539,NONE,STD,0.3,25000,0,429.516,437.238,718.436,918.087,641.798,641.798,5.454,5.519,27.901,26.506,6.471,6.471,17.9,36.2,18.3,0.2,18.8,1.05455,9.21E+03,8.46E+03
540,NONE,STD,0.3,25000,0,429.516,437.238,668.771,869.588,641.811,641.811,5.454,5.519,21.193,20.134,6.105,6.105,8.9,23.5,14.6,0.1,15,1.68181,8.79E+03,8.07E+03
541,NONE,STD,0.4,25000,0,429.516,443.245,912.998,1300,853.243,853.243,5.454,5.792,55.869,53.075,9.443,9.443,85.2,127.8,42.6,1,66.6,0.78187,1.07E+04,9.85E+03
542,NONE,STD,0.4,25000,0,429.516,443.245,894.317,1246.543,814.957,814.957,5.454,5.792,54.06,51.357,9.106,9.106,76.7,118.4,41.7,0.9,59,0.76951,1.05E+04,9.71E+03
543,NONE,STD,0.4,25000,0,429.516,443.245,874.599,1191.6,776.391,776.391,5.454,5.792,52.118,49.512,8.766,8.766,68.2,109,40.8,0.8,51.6,0.75633,1.03E+04,9.56E+03
544,NONE,STD,0.4,25000,0,429.516,443.245,852.606,1134.65,738.324,738.324,5.454,5.792,49.928,47.432,8.436,8.436,59.7,99.3,39.7,0.7,44.3,0.74299,1.02E+04,9.38E+03
545,NONE,STD,0.4,25000,0,429.516,443.245,836.836,1098.265,715.937,715.937,5.454,5.792,47.169,44.81,8.09,8.09,51.1,89,37.8,0.6,39,0.76306,1.00E+04,9.27E+03
546,NONE,STD,0.4,25000,0,429.516,443.245,818.915,1060.259,694.154,694.154,5.454,5.792,44.122,41.916,7.75,7.75,42.6,78.4,35.8,0.5,33.9,0.7959,9.89E+03,9.14E+03
547,NONE,STD,0.4,25000,0,429.516,443.245,798.332,1019.473,672.3,672.3,5.454,5.792,40.772,38.733,7.418,7.418,34.1,67.6,33.5,0.4,28.9,0.84888,9.74E+03,9.00E+03
548,NONE,STD,0.4,25000,0,429.516,443.245,774.719,978.212,653.202,653.202,5.454,5.792,36.809,34.969,7.074,7.074,25.6,56.3,30.7,0.3,24.3,0.95147,9.56E+03,8.84E+03
549,NONE,STD,0.4,25000,0,429.516,443.245,746.184,935.965,638.234,638.234,5.454,5.792,32.009,30.408,6.714,6.714,17,44.4,27.3,0.2,20.1,1.17812,9.34E+03,8.63E+03
550,NONE,STD,0.4,25000,0,429.516,443.245,706.308,884.374,625.249,625.249,5.454,5.792,26.062,24.759,6.336,6.336,8.5,31.5,23,0.1,15.8,1.85102,9.03E+03,8.34E+03
551,NONE,STD,0.5,25000,0,429.516,450.97,923.774,1300,849.842,849.842,5.454,6.156,58.927,55.98,9.814,9.814,82.1,137.9,55.8,1,67.9,0.82767,1.06E+04,9.90E+03
552,NONE,STD,0.5,25000,0,429.516,450.97,907.179,1250.698,813.9,813.9,5.454,6.156,57.249,54.387,9.473,9.473,73.9,128.7,54.8,0.9,60.5,0.81954,1.05E+04,9.77E+03
553,NONE,STD,0.5,25000,0,429.516,450.97,889.663,1200.292,777.92,777.92,5.454,6.156,55.475,52.702,9.129,9.129,65.7,119.3,53.7,0.8,53.3,0.81186,1.03E+04,9.64E+03
554,NONE,STD,0.5,25000,0,429.516,450.97,870.412,1148.67,742.67,742.67,5.454,6.156,53.502,50.826,8.794,8.794,57.4,109.8,52.4,0.7,46.3,0.80653,1.02E+04,9.49E+03
555,NONE,STD,0.5,25000,0,429.516,450.97,855.519,1111.909,718.944,718.944,5.454,6.156,50.958,48.41,8.443,8.443,49.2,99.6,50.3,0.6,40.8,0.82926,1.01E+04,9.38E+03
556,NONE,STD,0.5,25000,0,429.516,450.97,839.612,1076.035,697.323,697.323,5.454,6.156,48.077,45.673,8.092,8.092,41,89,47.9,0.5,35.7,0.87009,9.93E+03,9.26E+03
557,NONE,STD,0.5,25000,0,429.516,450.97,821.282,1037.968,675.997,675.997,5.454,6.156,44.879,42.635,7.752,7.752,32.8,78,45.2,0.4,30.7,0.93643,9.80E+03,9.14E+03
558,NONE,STD,0.5,25000,0,429.516,450.97,800.343,995.718,653.109,653.109,5.454,6.156,41.408,39.337,7.402,7.402,24.6,66.8,42.2,0.3,25.7,1.04571,9.65E+03,8.99E+03
559,NONE,STD,0.5,25000,0,429.516,450.97,776.232,955.601,635.835,635.835,5.454,6.156,36.948,35.1,7.019,7.019,16.4,54.8,38.4,0.2,21.4,1.30262,9.46E+03,8.82E+03
560,NONE,STD,0.5,25000,0,429.516,450.97,745.307,906.619,616.454,616.454,5.454,6.156,31.776,30.187,6.623,6.623,8.2,41.9,33.7,0.1,16.8,2.04822,9.22E+03,8.60E+03
561,NONE,STD,0.6,25000,0,429.516,460.416,936.094,1300,846.53,846.53,5.454,6.619,62.704,59.569,10.297,10.297,79.9,150.6,70.8,1,69.5,0.86959,1.06E+04,9.95E+03
562,NONE,STD,0.6,25000,0,429.516,460.416,921.746,1254.704,812.6,812.6,5.454,6.619,61.196,58.136,9.939,9.939,71.9,141.5,69.6,0.9,62.2,0.86529,1.04E+04,9.84E+03
563,NONE,STD,0.6,25000,0,429.516,460.416,906.109,1208.712,779.413,779.413,5.454,6.619,59.556,56.578,9.593,9.593,63.9,132.2,68.3,0.8,55.2,0.86378,1.03E+04,9.72E+03
564,NONE,STD,0.6,25000,0,429.516,460.416,889.019,1161.473,746.589,746.589,5.454,6.619,57.718,54.832,9.254,9.254,55.9,122.8,66.9,0.7,48.4,0.86542,1.02E+04,9.59E+03
565,NONE,STD,0.6,25000,0,429.516,460.416,876.028,1126.825,723.125,723.125,5.454,6.619,55.414,52.644,8.89,8.89,47.9,112.6,64.7,0.6,42.9,0.89465,1.01E+04,9.49E+03
566,NONE,STD,0.6,25000,0,429.516,460.416,862.338,1092.909,701.269,701.269,5.454,6.619,52.787,50.148,8.524,8.524,39.9,102,62,0.5,37.7,0.94299,9.97E+03,9.39E+03
567,NONE,STD,0.6,25000,0,429.516,460.416,846.196,1057.412,680.369,680.369,5.454,6.619,49.76,47.272,8.172,8.172,31.9,90.9,59,0.4,32.7,1.02263,9.85E+03,9.28E+03
568,NONE,STD,0.6,25000,0,429.516,460.416,828.238,1018.539,657.917,657.917,5.454,6.619,46.503,44.178,7.803,7.803,24,79.6,55.6,0.3,27.6,1.15372,9.72E+03,9.15E+03
569,NONE,STD,0.6,25000,0,429.516,460.416,807.657,977.95,636.523,636.523,5.454,6.619,42.644,40.512,7.41,7.41,16,67.6,51.7,0.2,22.9,1.43128,9.56E+03,9.01E+03
570,NONE,STD,0.6,25000,0,429.516,460.416,782.941,933.81,615.806,615.806,5.454,6.619,37.993,36.094,7.002,7.002,8,54.8,46.8,0.1,18.3,2.28534,9.37E+03,8.83E+03
571,NONE,STD,0.7,25000,0,429.516,471.583,950.219,1300,843.027,843.027,5.454,7.193,67.303,63.938,10.889,10.889,78.4,166.2,87.9,1,71.1,0.90754,1.05E+04,1.00E+04
572,NONE,STD,0.7,25000,0,429.516,471.583,937.209,1258.073,811.357,811.357,5.454,7.193,65.894,62.599,10.523,10.523,70.5,157.1,86.6,0.9,64,0.90684,1.04E+04,9.91E+03
573,NONE,STD,0.7,25000,0,429.516,471.583,923.319,1216.013,780.583,780.583,5.454,7.193,64.35,61.133,10.172,10.172,62.7,147.8,85.1,0.8,57.1,0.91085,1.03E+04,9.80E+03
574,NONE,STD,0.7,25000,0,429.516,471.583,908.308,1172.908,750.022,750.022,5.454,7.193,62.647,59.515,9.825,9.825,54.8,138.4,83.6,0.7,50.4,0.91916,1.02E+04,9.68E+03
575,NONE,STD,0.7,25000,0,429.516,471.583,897.435,1142.354,728.713,728.713,5.454,7.193,60.43,57.409,9.443,9.443,47,128,81,0.6,45.1,0.95861,1.01E+04,9.60E+03
576,NONE,STD,0.7,25000,0,429.516,471.583,885.9,1110.576,706.878,706.878,5.454,7.193,58.08,55.176,9.061,9.061,39.2,117.4,78.2,0.5,39.8,1.01532,9.98E+03,9.52E+03
577,NONE,STD,0.7,25000,0,429.516,471.583,872.474,1077.62,685.832,685.832,5.454,7.193,55.383,52.613,8.689,8.689,31.3,106.4,75,0.4,34.7,1.10762,9.89E+03,9.43E+03
578,NONE,STD,0.7,25000,0,429.516,471.583,857.182,1041.573,663.565,663.565,5.454,7.193,52.386,49.767,8.3,8.3,23.5,95,71.5,0.3,29.6,1.25909,9.77E+03,9.32E+03
579,NONE,STD,0.7,25000,0,429.516,471.583,839.796,1002.091,639.989,639.989,5.454,7.193,49.096,46.642,7.901,7.901,15.7,83.2,67.5,0.2,24.5,1.56266,9.65E+03,9.20E+03
580,NONE,STD,0.7,25000,0,429.516,471.583,819.681,962.876,619.663,619.663,5.454,7.193,44.821,42.58,7.48,7.48,7.8,70.2,62.4,0.1,19.9,2.53862,9.49E+03,9.05E+03
581,NONE,STD,0.8,25000,0,429.516,484.473,966.073,1300,839.412,839.412,5.454,7.889,72.864,69.22,11.596,11.596,77.2,184.7,107.5,1,72.8,0.94326,1.04E+04,1.01E+04
582,NONE,STD,0.8,25000,0,429.516,484.473,954.262,1261.15,809.826,809.826,5.454,7.889,71.481,67.907,11.221,11.221,69.4,175.5,106.1,0.9,65.7,0.9457,1.03E+04,9.98E+03
583,NONE,STD,0.8,25000,0,429.516,484.473,941.44,1222.087,781.166,781.166,5.454,7.889,69.943,66.446,10.867,10.867,61.7,166.2,104.5,0.8,58.9,0.95374,1.02E+04,9.88E+03
584,NONE,STD,0.8,25000,0,429.516,484.473,929.184,1186.321,755.584,755.584,5.454,7.889,68.142,64.735,10.504,10.504,54,156.4,102.4,0.7,52.6,0.97473,1.01E+04,9.79E+03
585,NONE,STD,0.8,25000,0,429.516,484.473,919.609,1158.065,735.364,735.364,5.454,7.889,66.033,62.731,10.107,10.107,46.3,145.8,99.6,0.6,47.3,1.02221,1.01E+04,9.72E+03
586,NONE,STD,0.8,25000,0,429.516,484.473,909.782,1128.271,713.854,713.854,5.454,7.889,63.901,60.706,9.71,9.71,38.6,135.2,96.6,0.5,41.9,1.08733,9.98E+03,9.65E+03
587,NONE,STD,0.8,25000,0,429.516,484.473,898.847,1097.297,692.312,692.312,5.454,7.889,61.548,58.471,9.309,9.309,30.9,124.3,93.4,0.4,36.7,1.18917,9.90E+03,9.57E+03
588,NONE,STD,0.8,25000,0,429.516,484.473,886.421,1064.676,670.665,670.665,5.454,7.889,58.925,55.979,8.905,8.905,23.1,113,89.8,0.3,31.6,1.36442,9.81E+03,9.48E+03
589,NONE,STD,0.8,25000,0,429.516,484.473,872.082,1029.221,648.12,648.12,5.454,7.889,55.972,53.174,8.495,8.495,15.4,101.2,85.8,0.2,26.5,1.71554,9.71E+03,9.38E+03
590,NONE,STD,0.8,25000,0,429.516,484.473,855.604,991.962,626.026,626.026,5.454,7.889,52.387,49.767,8.069,8.069,7.7,88.6,80.9,0.1,21.6,2.79555,9.59E+03,9.26E+03
591,NONE,STD,0.9,25000,0,429.516,499.092,984.18,1300,835.135,835.135,5.454,8.72,79.525,75.548,12.414,12.414,75.8,206.1,130.3,1,74.2,0.97949,1.04E+04,1.02E+04
592,NONE,STD,0.9,25000,0,429.516,499.092,973.221,1263.885,807.62,807.62,5.454,8.72,78.137,74.231,12.034,12.034,68.2,196.9,128.7,0.9,67.2,0.98465,1.03E+04,1.01E+04
593,NONE,STD,0.9,25000,0,429.516,499.092,961.078,1227.274,780.891,780.891,5.454,8.72,76.557,72.729,11.678,11.678,60.6,187.4,126.8,0.8,60.4,0.99554,1.02E+04,9.97E+03
594,NONE,STD,0.9,25000,0,429.516,499.092,951.834,1199.61,760.854,760.854,5.454,8.72,74.523,70.797,11.284,11.284,53.1,176.9,123.9,0.7,54.7,1.03129,1.01E+04,9.91E+03
595,NONE,STD,0.9,25000,0,429.516,499.092,942.926,1173.077,741.757,741.757,5.454,8.72,72.397,68.777,10.878,10.878,45.5,166.2,120.7,0.6,49.4,1.08565,1.00E+04,9.84E+03
596,NONE,STD,0.9,25000,0,429.516,499.092,934.018,1145.486,721.611,721.611,5.454,8.72,70.293,66.779,10.474,10.474,37.9,155.4,117.5,0.5,44,1.16147,9.97E+03,9.78E+03
597,NONE,STD,0.9,25000,0,429.516,499.092,925.203,1116.636,700.116,700.116,5.454,8.72,68.263,64.85,10.043,10.043,30.3,144.6,114.3,0.4,38.6,1.27426,9.90E+03,9.71E+03
598,NONE,STD,0.9,25000,0,429.516,499.092,914.729,1086.886,679.444,679.444,5.454,8.72,65.886,62.592,9.629,9.629,22.7,133.4,110.6,0.3,33.5,1.47375,9.82E+03,9.64E+03
599,NONE,STD,0.9,25000,0,429.516,499.092,903.108,1055.34,658.17,658.17,5.454,8.72,63.29,60.126,9.207,9.207,15.2,121.7,106.6,0.2,28.4,1.87673,9.74E+03,9.55E+03
600,NONE,STD,0.9,25000,0,429.516,499.092,890.123,1021.376,635.863,635.863,5.454,8.72,60.452,57.43,8.778,8.778,7.6,109.7,102.1,0.1,23.4,3.08879,9.65E+03,9.46E+03
601,NONE,STD,0,30000,0,411.685,411.685,880.569,1300,855.305,855.305,4.364,4.146,42.435,40.314,7.239,7.239,93.5,93.5,0,1,54.6,0.58443,1.11E+04,9.86E+03
602,NONE,STD,0,30000,0,411.685,411.685,842.88,1212.04,799.318,799.318,4.364,4.146,39.532,37.555,6.914,6.914,84.1,84.1,0,0.9,46.4,0.551,1.06E+04,9.45E+03
603,NONE,STD,0,30000,0,411.685,411.685,814.402,1137.785,749.29,749.29,4.364,4.146,37.388,35.519,6.596,6.596,74.8,74.8,0,0.8,38.9,0.52001,1.04E+04,9.23E+03
604,NONE,STD,0,30000,0,411.685,411.685,786.729,1068.076,703.8,703.8,4.364,4.146,35.028,33.276,6.286,6.286,65.4,65.4,0,0.7,32.1,0.49099,1.01E+04,9.01E+03
605,NONE,STD,0,30000,0,411.685,411.685,765.066,1025.204,680.734,680.734,4.364,4.146,32.166,30.558,5.997,5.997,56.1,56.1,0,0.6,27.6,0.49177,9.94E+03,8.86E+03
606,NONE,STD,0,30000,0,411.685,411.685,740.599,980.252,658.545,658.545,4.364,4.146,29.058,27.605,5.712,5.712,46.7,46.7,0,0.5,23.3,0.49753,9.75E+03,8.68E+03
607,NONE,STD,0,30000,0,411.685,411.685,713.071,936.946,641.362,641.362,4.364,4.146,25.519,24.243,5.429,5.429,37.4,37.4,0,0.4,19.4,0.51915,9.52E+03,8.48E+03
608,NONE,STD,0,30000,0,411.685,411.685,680.062,894.329,630.553,630.553,4.364,4.146,21.467,20.393,5.153,5.153,28,28,0,0.3,16,0.56998,9.25E+03,8.25E+03
609,NONE,STD,0,30000,0,411.685,411.685,635.192,856.119,636.298,636.298,4.364,4.146,16.505,15.68,4.882,4.882,18.7,18.7,0,0.2,13.2,0.70573,8.85E+03,7.88E+03
610,NONE,STD,0,30000,0,411.685,411.685,557.682,862.682,720.034,720.034,4.364,4.146,9.959,9.461,4.62,4.62,9.3,9.3,0,0.1,11.9,1.2756,8.04E+03,7.16E+03
611,NONE,STD,0.1,30000,0,411.685,412.507,881.744,1300,854.921,854.921,4.364,4.176,42.696,40.562,7.271,7.271,86.4,94.4,8,1,54.8,0.63405,1.11E+04,9.86E+03
612,NONE,STD,0.1,30000,0,411.685,412.507,846.138,1217.012,802.132,802.132,4.364,4.176,39.935,37.938,6.962,6.962,77.8,85.6,7.8,0.9,47,0.60388,1.06E+04,9.47E+03
613,NONE,STD,0.1,30000,0,411.685,412.507,819.487,1147.099,754.812,754.812,4.364,4.176,37.925,36.029,6.659,6.659,69.2,76.7,7.5,0.8,39.9,0.57645,1.04E+04,9.27E+03
614,NONE,STD,0.1,30000,0,411.685,412.507,791.839,1075.737,707.496,707.496,4.364,4.176,35.761,33.973,6.361,6.361,60.5,67.7,7.2,0.7,33,0.54554,1.01E+04,9.05E+03
615,NONE,STD,0.1,30000,0,411.685,412.507,771.453,1034.466,684.79,684.79,4.364,4.176,33.035,31.384,6.077,6.077,51.9,58.7,6.8,0.6,28.5,0.55027,9.98E+03,8.90E+03
616,NONE,STD,0.1,30000,0,411.685,412.507,748.466,991.31,662.928,662.928,4.364,4.176,30.064,28.561,5.797,5.797,43.2,49.5,6.3,0.5,24.3,0.56155,9.80E+03,8.74E+03
617,NONE,STD,0.1,30000,0,411.685,412.507,722.309,947.452,643.749,643.749,4.364,4.176,26.732,25.395,5.516,5.516,34.6,40.3,5.7,0.4,20.3,0.58744,9.59E+03,8.55E+03
618,NONE,STD,0.1,30000,0,411.685,412.507,691.611,905.472,631.249,631.249,4.364,4.176,22.823,21.682,5.237,5.237,25.9,30.9,5,0.3,16.8,0.64873,9.33E+03,8.32E+03
619,NONE,STD,0.1,30000,0,411.685,412.507,650.447,863.557,629.462,629.462,4.364,4.176,18.102,17.197,4.96,4.96,17.3,21.4,4.1,0.2,13.8,0.79543,8.98E+03,8.01E+03
620,NONE,STD,0.1,30000,0,411.685,412.507,582.817,836.147,668.927,668.927,4.364,4.176,11.833,11.241,4.678,4.678,8.6,11.5,2.9,0.1,11.5,1.32483,8.32E+03,7.42E+03
621,NONE,STD,0.2,30000,0,411.685,414.971,885.245,1300,853.794,853.794,4.364,4.266,43.49,41.316,7.369,7.369,80.9,97.1,16.2,1,55.3,0.68334,1.10E+04,9.87E+03
622,NONE,STD,0.2,30000,0,411.685,414.971,852.142,1222.515,804.347,804.347,4.364,4.266,40.873,38.83,7.071,7.071,72.8,88.7,15.8,0.9,47.9,0.65714,1.06E+04,9.51E+03
623,NONE,STD,0.2,30000,0,411.685,414.971,827.674,1157.131,759.585,759.585,4.364,4.266,39.007,37.057,6.775,6.775,64.7,80.1,15.4,0.8,41,0.63387,1.04E+04,9.32E+03
624,NONE,STD,0.2,30000,0,411.685,414.971,801.687,1089.167,714.093,714.093,4.364,4.266,36.987,35.137,6.485,6.485,56.7,71.5,14.9,0.7,34.4,0.60663,1.02E+04,9.12E+03
625,NONE,STD,0.2,30000,0,411.685,414.971,781.245,1044.738,688.095,688.095,4.364,4.266,34.442,32.719,6.202,6.202,48.6,62.6,14.1,0.6,29.6,0.6101,1.00E+04,8.96E+03
626,NONE,STD,0.2,30000,0,411.685,414.971,759.904,1003.383,666.402,666.402,4.364,4.266,31.613,30.032,5.923,5.923,40.5,53.6,13.1,0.5,25.4,0.62735,9.85E+03,8.81E+03
627,NONE,STD,0.2,30000,0,411.685,414.971,735.257,958.688,644.787,644.787,4.364,4.266,28.503,27.077,5.642,5.642,32.4,44.4,12,0.4,21.3,0.65681,9.66E+03,8.64E+03
628,NONE,STD,0.2,30000,0,411.685,414.971,707.222,917.38,630.282,630.282,4.364,4.266,24.735,23.498,5.352,5.352,24.3,35,10.7,0.3,17.7,0.72885,9.42E+03,8.43E+03
629,NONE,STD,0.2,30000,0,411.685,414.971,670.695,870.576,618.804,618.804,4.364,4.266,20.377,19.359,5.065,5.065,16.2,25.2,9.1,0.2,14.2,0.87777,9.14E+03,8.17E+03
630,NONE,STD,0.2,30000,0,411.685,414.971,612.654,831.203,636.616,636.616,4.364,4.266,14.313,13.598,4.773,4.773,8.1,14.9,6.8,0.1,11.6,1.42787,8.59E+03,7.68E+03
631,NONE,STD,0.3,30000,0,411.685,419.079,890.821,1300,852.17,852.17,4.364,4.418,44.812,42.572,7.537,7.537,76.8,101.8,25,1,56.2,0.73115,1.10E+04,9.88E+03
632,NONE,STD,0.3,30000,0,411.685,419.079,860.744,1228.561,806.126,806.126,4.364,4.418,42.359,40.241,7.244,7.244,69.1,93.6,24.5,0.9,49,0.70954,1.06E+04,9.55E+03
633,NONE,STD,0.3,30000,0,411.685,419.079,838.761,1167.909,763.837,763.837,4.364,4.418,40.649,38.617,6.948,6.948,61.4,85.3,23.8,0.8,42.5,0.69115,1.04E+04,9.39E+03
634,NONE,STD,0.3,30000,0,411.685,419.079,814.792,1104.443,720.978,720.978,4.364,4.418,38.747,36.81,6.663,6.663,53.8,76.9,23.1,0.7,36,0.66953,1.02E+04,9.20E+03
635,NONE,STD,0.3,30000,0,411.685,419.079,794.284,1056.557,691.369,691.369,4.364,4.418,36.417,34.596,6.38,6.38,46.1,68.1,22.1,0.6,30.9,0.67085,1.01E+04,9.04E+03
636,NONE,STD,0.3,30000,0,411.685,419.079,774.587,1016.865,669.709,669.709,4.364,4.418,33.713,32.027,6.098,6.098,38.4,59.1,20.7,0.5,26.7,0.69447,9.90E+03,8.90E+03
637,NONE,STD,0.3,30000,0,411.685,419.079,752.122,973.867,647.597,647.597,4.364,4.418,30.751,29.213,5.809,5.809,30.7,49.9,19.2,0.4,22.5,0.73225,9.73E+03,8.74E+03
638,NONE,STD,0.3,30000,0,411.685,419.079,726.546,931.212,629.177,629.177,4.364,4.418,27.247,25.885,5.509,5.509,23,40.4,17.3,0.3,18.7,0.81081,9.52E+03,8.55E+03
639,NONE,STD,0.3,30000,0,411.685,419.079,694.53,884.383,613.124,613.124,4.364,4.418,23.116,21.96,5.208,5.208,15.4,30.4,15.1,0.2,15,0.97692,9.26E+03,8.32E+03
640,NONE,STD,0.3,30000,0,411.685,419.079,645.88,835.263,611.594,611.594,4.364,4.418,17.497,16.623,4.903,4.903,7.7,19.7,12,0.1,11.8,1.54132,8.83E+03,7.94E+03
641,NONE,STD,0.4,30000,0,411.685,424.831,898.112,1300,850.402,850.402,4.364,4.639,46.661,44.328,7.786,7.786,73.9,108.5,34.6,1,57.4,0.77623,1.09E+04,9.89E+03
642,NONE,STD,0.4,30000,0,411.685,424.831,871.818,1234.963,807.389,807.389,4.364,4.639,44.441,42.219,7.488,7.488,66.5,100.5,34,0.9,50.5,0.75921,1.06E+04,9.61E+03
643,NONE,STD,0.4,30000,0,411.685,424.831,851.876,1178.776,767.745,767.745,4.364,4.639,42.824,40.683,7.193,7.193,59.1,92.3,33.2,0.8,44.1,0.74616,1.05E+04,9.46E+03
644,NONE,STD,0.4,30000,0,411.685,424.831,830.357,1120.419,727.739,727.739,4.364,4.639,41.07,39.017,6.904,6.904,51.7,84.1,32.3,0.7,37.9,0.7318,1.03E+04,9.29E+03
645,NONE,STD,0.4,30000,0,411.685,424.831,810.28,1070.144,695.123,695.123,4.364,4.639,38.976,37.027,6.618,6.618,44.3,75.4,31.1,0.6,32.4,0.73148,1.01E+04,9.14E+03
646,NONE,STD,0.4,30000,0,411.685,424.831,792.224,1031.975,673.362,673.362,4.364,4.639,36.389,34.57,6.33,6.33,37,66.3,29.4,0.5,28.1,0.76164,9.95E+03,9.01E+03
647,NONE,STD,0.4,30000,0,411.685,424.831,772.071,990.661,650.602,650.602,4.364,4.639,33.591,31.911,6.03,6.03,29.6,57,27.4,0.4,23.9,0.80777,9.79E+03,8.86E+03
648,NONE,STD,0.4,30000,0,411.685,424.831,748.802,946.27,628.001,628.001,4.364,4.639,30.416,28.895,5.719,5.719,22.2,47.4,25.2,0.3,19.7,0.89031,9.61E+03,8.70E+03
649,NONE,STD,0.4,30000,0,411.685,424.831,721.434,902.416,610.288,610.288,4.364,4.639,26.47,25.147,5.404,5.404,14.8,37.2,22.5,0.2,16,1.08387,9.39E+03,8.49E+03
650,NONE,STD,0.4,30000,0,411.685,424.831,682.305,848.577,594.352,594.352,4.364,4.639,21.567,20.488,5.083,5.083,7.4,26.3,18.9,0.1,12.3,1.66557,9.08E+03,8.21E+03
651,NONE,STD,0.5,30000,0,411.685,432.229,906.697,1300,848.928,848.928,4.364,4.933,49.033,46.581,8.127,8.127,72.2,117.6,45.4,1,59,0.81725,1.08E+04,9.90E+03
652,NONE,STD,0.5,30000,0,411.685,432.229,884.882,1241.955,808.868,808.868,4.364,4.933,47.121,44.765,7.818,7.818,64.9,109.6,44.7,0.9,52.3,0.80509,1.06E+04,9.68E+03
653,NONE,STD,0.5,30000,0,411.685,432.229,866.862,1189.685,771.412,771.412,4.364,4.933,45.597,43.317,7.519,7.519,57.7,101.5,43.7,0.8,46,0.79697,1.05E+04,9.54E+03
654,NONE,STD,0.5,30000,0,411.685,432.229,847.401,1136.144,734.36,734.36,4.364,4.933,43.947,41.75,7.224,7.224,50.5,93.2,42.7,0.7,39.9,0.79035,1.03E+04,9.39E+03
655,NONE,STD,0.5,30000,0,411.685,432.229,828.846,1085.639,699.891,699.891,4.364,4.933,42.128,40.022,6.927,6.927,43.3,84.7,41.4,0.6,34.2,0.79078,1.01E+04,9.24E+03
656,NONE,STD,0.5,30000,0,411.685,432.229,812.433,1049.057,678.091,678.091,4.364,4.933,39.657,37.674,6.63,6.63,36.1,75.4,39.4,0.5,29.9,0.82781,9.99E+03,9.12E+03
657,NONE,STD,0.5,30000,0,411.685,432.229,794.512,1009.36,654.706,654.706,4.364,4.933,37.025,35.174,6.314,6.314,28.9,66,37.1,0.4,25.5,0.88241,9.85E+03,9.00E+03
658,NONE,STD,0.5,30000,0,411.685,432.229,773.751,966.08,630.649,630.649,4.364,4.933,34.09,32.386,5.992,5.992,21.6,56.2,34.6,0.3,21.1,0.97678,9.70E+03,8.85E+03
659,NONE,STD,0.5,30000,0,411.685,432.229,750.118,922.333,609.213,609.213,4.364,4.933,30.504,28.979,5.663,5.663,14.4,45.9,31.5,0.2,17.1,1.18811,9.50E+03,8.68E+03
660,NONE,STD,0.5,30000,0,411.685,432.229,718.378,873.11,590.526,590.526,4.364,4.933,25.99,24.691,5.33,5.33,7.2,34.7,27.5,0.1,13.4,1.85362,9.25E+03,8.45E+03
661,NONE,STD,0.6,30000,0,411.685,441.273,916.405,1300,847.892,847.892,4.364,5.308,51.941,49.344,8.569,8.569,71.5,129.2,57.7,1,61,0.8532,1.07E+04,9.90E+03
662,NONE,STD,0.6,30000,0,411.685,441.273,899.336,1249.206,810.805,810.805,4.364,5.308,50.401,47.881,8.248,8.248,64.3,121.1,56.8,0.9,54.4,0.84592,1.06E+04,9.75E+03
663,NONE,STD,0.6,30000,0,411.685,441.273,883.205,1200.652,775.371,775.371,4.364,5.308,48.978,46.529,7.94,7.94,57.2,112.9,55.8,0.8,48.2,0.84263,1.04E+04,9.63E+03
664,NONE,STD,0.6,30000,0,411.685,441.273,865.644,1151.085,740.55,740.55,4.364,5.308,47.426,45.055,7.635,7.635,50,104.6,54.6,0.7,42.1,0.84246,1.03E+04,9.49E+03
665,NONE,STD,0.6,30000,0,411.685,441.273,848.626,1102.186,706.145,706.145,4.364,5.308,45.787,43.498,7.328,7.328,42.9,96.1,53.2,0.6,36.3,0.84669,1.01E+04,9.35E+03
666,NONE,STD,0.6,30000,0,411.685,441.273,834.65,1067.645,683.973,683.973,4.364,5.308,43.523,41.347,7.006,7.006,35.7,86.7,51,0.5,31.8,0.89072,1.00E+04,9.25E+03
667,NONE,STD,0.6,30000,0,411.685,441.273,818.774,1029.926,660.528,660.528,4.364,5.308,41.034,38.982,6.674,6.674,28.6,77,48.5,0.4,27.3,0.95523,9.90E+03,9.14E+03
668,NONE,STD,0.6,30000,0,411.685,441.273,800.617,989.085,636.304,636.304,4.364,5.308,38.28,36.366,6.338,6.338,21.4,67.1,45.6,0.3,22.8,1.0657,9.77E+03,9.01E+03
669,NONE,STD,0.6,30000,0,411.685,441.273,779.985,944.793,611.189,611.189,4.364,5.308,35.146,33.389,5.996,5.996,14.3,56.7,42.4,0.2,18.5,1.2916,9.61E+03,8.86E+03
670,NONE,STD,0.6,30000,0,411.685,441.273,754.181,899.713,590.684,590.684,4.364,5.308,30.995,29.445,5.646,5.646,7.1,45.2,38.1,0.1,14.6,2.03934,9.40E+03,8.67E+03
671,NONE,STD,0.7,30000,0,411.685,451.966,928.445,1300,846.085,846.085,4.364,5.775,55.579,52.8,9.098,9.098,71.2,143.1,71.9,1,63,0.88537,1.06E+04,9.92E+03
672,NONE,STD,0.7,30000,0,411.685,451.966,914.639,1254.599,811.474,811.474,4.364,5.775,54.294,51.58,8.768,8.768,64.1,134.9,70.8,0.9,56.5,0.88173,1.05E+04,9.82E+03
673,NONE,STD,0.7,30000,0,411.685,451.966,899.609,1209.031,778.099,778.099,4.364,5.775,52.913,50.268,8.452,8.452,57,126.5,69.5,0.8,50.3,0.88228,1.04E+04,9.71E+03
674,NONE,STD,0.7,30000,0,411.685,451.966,883.866,1163.113,745.281,745.281,4.364,5.775,51.439,48.867,8.138,8.138,49.8,118,68.2,0.7,44.3,0.88773,1.03E+04,9.58E+03
675,NONE,STD,0.7,30000,0,411.685,451.966,869.047,1118.685,713.316,713.316,4.364,5.775,49.888,47.393,7.815,7.815,42.7,109.4,66.7,0.6,38.5,0.90045,1.01E+04,9.46E+03
676,NONE,STD,0.7,30000,0,411.685,451.966,857.153,1085.312,690.211,690.211,4.364,5.775,47.836,45.444,7.463,7.463,35.6,99.9,64.3,0.5,33.8,0.94837,1.00E+04,9.37E+03
677,NONE,STD,0.7,30000,0,411.685,451.966,843.707,1050.313,667.093,667.093,4.364,5.775,45.559,43.281,7.112,7.112,28.5,90.1,61.6,0.4,29.2,1.02466,9.94E+03,9.28E+03
678,NONE,STD,0.7,30000,0,411.685,451.966,828.155,1012.565,643.382,643.382,4.364,5.775,42.979,40.83,6.759,6.759,21.4,79.9,58.5,0.3,24.7,1.15392,9.82E+03,9.16E+03
679,NONE,STD,0.7,30000,0,411.685,451.966,810.309,970.38,617.56,617.56,4.364,5.775,40.162,38.154,6.404,6.404,14.2,69.3,55.1,0.2,20.1,1.40817,9.68E+03,9.04E+03
680,NONE,STD,0.7,30000,0,411.685,451.966,789.104,927.361,594.454,594.454,4.364,5.775,36.515,34.69,6.037,6.037,7.1,57.8,50.7,0.1,15.9,2.22915,9.52E+03,8.88E+03
681,NONE,STD,0.8,30000,0,411.685,464.309,943.679,1300,842.616,842.616,4.364,6.345,60.148,57.141,9.705,9.705,70.8,159,88.1,1,64.9,0.91634,1.06E+04,9.99E+03
682,NONE,STD,0.8,30000,0,411.685,464.309,930.601,1257.153,810.013,810.013,4.364,6.345,58.884,55.94,9.367,9.367,63.8,150.6,86.8,0.9,58.3,0.91471,1.05E+04,9.89E+03
683,NONE,STD,0.8,30000,0,411.685,464.309,916.571,1214.285,778.508,778.508,4.364,6.345,57.499,54.625,9.044,9.044,56.7,142.1,85.4,0.8,52,0.91809,1.03E+04,9.78E+03
684,NONE,STD,0.8,30000,0,411.685,464.309,901.986,1171.211,747.537,747.537,4.364,6.345,56.035,53.233,8.722,8.722,49.6,133.5,83.9,0.7,46,0.9273,1.02E+04,9.66E+03
685,NONE,STD,0.8,30000,0,411.685,464.309,889.684,1133.907,720.527,720.527,4.364,6.345,54.372,51.654,8.381,8.381,42.5,124.4,81.8,0.6,40.5,0.95364,1.01E+04,9.57E+03
686,NONE,STD,0.8,30000,0,411.685,464.309,879.816,1101.89,696.743,696.743,4.364,6.345,52.563,49.935,8.002,8.002,35.4,114.8,79.4,0.5,35.6,1.00538,1.00E+04,9.49E+03
687,NONE,STD,0.8,30000,0,411.685,464.309,868.116,1069.133,674.162,674.162,4.364,6.345,50.437,47.915,7.636,7.636,28.3,104.8,76.5,0.4,31,1.09238,9.94E+03,9.41E+03
688,NONE,STD,0.8,30000,0,411.685,464.309,855.144,1034.37,650.891,650.891,4.364,6.345,48.12,45.714,7.266,7.266,21.3,94.6,73.3,0.3,26.4,1.24014,9.84E+03,9.31E+03
689,NONE,STD,0.8,30000,0,411.685,464.309,840.457,996.555,626.32,626.32,4.364,6.345,45.568,43.289,6.892,6.892,14.2,84,69.8,0.2,21.8,1.53579,9.73E+03,9.21E+03
690,NONE,STD,0.8,30000,0,411.685,464.309,823.156,955.546,601.266,601.266,4.364,6.345,42.489,40.365,6.51,6.51,7.1,72.6,65.5,0.1,17.3,2.43587,9.60E+03,9.08E+03
691,NONE,STD,0.9,30000,0,411.685,478.305,960.287,1300,839.319,839.319,4.364,7.03,65.554,62.277,10.424,10.424,70.6,177.5,106.9,1,66.8,0.94625,1.05E+04,1.01E+04
692,NONE,STD,0.9,30000,0,411.685,478.305,948.533,1260.3,808.752,808.752,4.364,7.03,64.336,61.119,10.071,10.071,63.5,169,105.5,0.9,60.2,0.94741,1.04E+04,9.96E+03
693,NONE,STD,0.9,30000,0,411.685,478.305,935.538,1220.14,779.088,779.088,4.364,7.03,62.951,59.803,9.739,9.739,56.5,160.3,103.8,0.8,53.9,0.95356,1.03E+04,9.86E+03
694,NONE,STD,0.9,30000,0,411.685,478.305,921.598,1179.153,749.674,749.674,4.364,7.03,61.438,58.366,9.41,9.41,49.4,151.5,102.1,0.7,47.7,0.96487,1.02E+04,9.75E+03
695,NONE,STD,0.9,30000,0,411.685,478.305,911.918,1149.364,727.945,727.945,4.364,7.03,59.546,56.569,9.038,9.038,42.4,141.6,99.3,0.6,42.6,1.0059,1.01E+04,9.68E+03
696,NONE,STD,0.9,30000,0,411.685,478.305,902.857,1118.751,704.804,704.804,4.364,7.03,57.771,54.882,8.647,8.647,35.3,131.8,96.5,0.5,37.5,1.06345,1.00E+04,9.61E+03
697,NONE,STD,0.9,30000,0,411.685,478.305,892.746,1087.697,682.345,682.345,4.364,7.03,55.797,53.007,8.262,8.262,28.2,121.7,93.5,0.4,32.7,1.15855,9.93E+03,9.54E+03
698,NONE,STD,0.9,30000,0,411.685,478.305,881.553,1055.527,659.929,659.929,4.364,7.03,53.648,50.965,7.874,7.874,21.2,111.4,90.2,0.3,28.1,1.32488,9.85E+03,9.46E+03
699,NONE,STD,0.9,30000,0,411.685,478.305,869.122,1021.186,636.622,636.622,4.364,7.03,51.309,48.744,7.481,7.481,14.1,100.6,86.5,0.2,23.4,1.66056,9.76E+03,9.37E+03
700,NONE,STD,0.9,30000,0,411.685,478.305,855.663,983.765,611.292,611.292,4.364,7.03,48.837,46.395,7.087,7.087,7.1,89.6,82.6,0.1,18.8,2.6596,9.65E+03,9.27E+03
701,NONE,STD,0,35000,0,393.854,393.855,866.891,1300,851.767,851.767,3.458,3.285,35.099,33.344,5.893,5.893,78.4,78.4,0,1,46.3,0.58987,1.14E+04,9.91E+03
702,NONE,STD,0,35000,0,393.854,393.855,825.257,1206.063,793.299,793.299,3.458,3.285,32.414,30.793,5.613,5.613,70.6,70.6,0,0.9,39.3,0.556,1.08E+04,9.43E+03
703,NONE,STD,0,35000,0,393.854,393.855,792.893,1125.929,740.949,740.949,3.458,3.285,30.375,28.856,5.342,5.342,62.8,62.8,0,0.8,32.9,0.52438,1.05E+04,9.13E+03
704,NONE,STD,0,35000,0,393.854,393.855,763.079,1048.923,689.976,689.976,3.458,3.285,28.5,27.075,5.086,5.086,54.9,54.9,0,0.7,26.9,0.49007,1.02E+04,8.89E+03
705,NONE,STD,0,35000,0,393.854,393.855,740.01,1000.42,662.505,662.505,3.458,3.285,26.195,24.885,4.842,4.842,47.1,47.1,0,0.6,22.8,0.48498,1.00E+04,8.71E+03
706,NONE,STD,0,35000,0,393.854,393.855,716.316,954.449,638.569,638.569,3.458,3.285,23.693,22.509,4.588,4.588,39.2,39.2,0,0.5,19.1,0.48771,9.80E+03,8.54E+03
707,NONE,STD,0,35000,0,393.854,393.855,689.623,906.107,615.403,615.403,3.458,3.285,20.945,19.898,4.339,4.339,31.4,31.4,0,0.4,15.6,0.49749,9.58E+03,8.35E+03
708,NONE,STD,0,35000,0,393.854,393.855,657.853,864.118,604.105,604.105,3.458,3.285,17.608,16.728,4.105,4.105,23.5,23.5,0,0.3,12.8,0.54406,9.31E+03,8.11E+03
709,NONE,STD,0,35000,0,393.854,393.855,614.414,824.109,606.665,606.665,3.458,3.285,13.581,12.902,3.885,3.885,15.7,15.7,0,0.2,10.4,0.66561,8.91E+03,7.76E+03
710,NONE,STD,0,35000,0,393.854,393.855,540.979,822.748,678.377,678.377,3.458,3.285,8.253,7.841,3.67,3.67,7.8,7.8,0,0.1,9.2,1.17745,8.14E+03,7.09E+03
711,NONE,STD,0.1,35000,0,393.854,394.643,868.072,1300,851.351,851.351,3.458,3.306,35.301,33.536,5.916,5.916,72.7,79.1,6.4,1,46.4,0.63796,1.14E+04,9.92E+03
712,NONE,STD,0.1,35000,0,393.854,394.643,829.126,1211.855,796.339,796.339,3.458,3.306,32.779,31.14,5.65,5.65,65.4,71.7,6.2,0.9,39.7,0.60747,1.09E+04,9.47E+03
713,NONE,STD,0.1,35000,0,393.854,394.643,797.758,1134.962,746.359,746.359,3.458,3.306,30.787,29.247,5.391,5.391,58.2,64.2,6.1,0.8,33.7,0.579,1.05E+04,9.17E+03
714,NONE,STD,0.1,35000,0,393.854,394.643,769.981,1062.155,697.675,697.675,3.458,3.306,29.039,27.587,5.141,5.141,50.9,56.7,5.8,0.7,27.9,0.54829,1.03E+04,8.94E+03
715,NONE,STD,0.1,35000,0,393.854,394.643,746.064,1009.396,666.545,666.545,3.458,3.306,26.883,25.539,4.907,4.907,43.6,49.1,5.5,0.6,23.6,0.54091,1.00E+04,8.76E+03
716,NONE,STD,0.1,35000,0,393.854,394.643,723.76,965.677,643.504,643.504,3.458,3.306,24.474,23.25,4.659,4.659,36.4,41.4,5.1,0.5,20,0.54967,9.85E+03,8.59E+03
717,NONE,STD,0.1,35000,0,393.854,394.643,698.314,916.357,618.029,618.029,3.458,3.306,21.921,20.825,4.411,4.411,29.1,33.7,4.6,0.4,16.3,0.56171,9.65E+03,8.41E+03
718,NONE,STD,0.1,35000,0,393.854,394.643,668.762,874.67,604.771,604.771,3.458,3.306,18.704,17.769,4.173,4.173,21.8,25.9,4.1,0.3,13.5,0.61703,9.39E+03,8.19E+03
719,NONE,STD,0.1,35000,0,393.854,394.643,629.274,831.476,600.095,600.095,3.458,3.306,14.884,14.14,3.943,3.943,14.5,17.9,3.4,0.2,10.9,0.74694,9.04E+03,7.89E+03
720,NONE,STD,0.1,35000,0,393.854,394.643,563.199,804.763,638.795,638.795,3.458,3.306,9.69,9.205,3.722,3.722,7.3,9.6,2.4,0.1,9.1,1.24805,8.37E+03,7.30E+03
721,NONE,STD,0.2,35000,0,393.854,397.009,871.571,1300,850.131,850.131,3.458,3.367,35.908,34.112,5.986,5.986,68,81,13,1,46.7,0.6863,1.14E+04,9.93E+03
722,NONE,STD,0.2,35000,0,393.854,397.009,835.574,1217.706,798.382,798.382,3.458,3.367,33.547,31.869,5.728,5.728,61.2,73.9,12.7,0.9,40.4,0.6595,1.09E+04,9.52E+03
723,NONE,STD,0.2,35000,0,393.854,397.009,805.512,1144.38,750.829,750.829,3.458,3.367,31.605,30.025,5.478,5.478,54.4,66.8,12.3,0.8,34.6,0.63487,1.05E+04,9.22E+03
724,NONE,STD,0.2,35000,0,393.854,397.009,779.709,1075.925,704.662,704.662,3.458,3.367,29.966,28.468,5.234,5.234,47.6,59.6,11.9,0.7,29,0.60873,1.03E+04,9.02E+03
725,NONE,STD,0.2,35000,0,393.854,397.009,755.169,1018.788,669.507,669.507,3.458,3.367,27.978,26.579,5.006,5.006,40.8,52.2,11.4,0.6,24.4,0.59807,1.01E+04,8.82E+03
726,NONE,STD,0.2,35000,0,393.854,397.009,734.39,976.596,646.474,646.474,3.458,3.367,25.679,24.395,4.758,4.758,34,44.6,10.6,0.5,20.8,0.61195,9.91E+03,8.67E+03
727,NONE,STD,0.2,35000,0,393.854,397.009,710.763,930.376,622.334,622.334,3.458,3.367,23.211,22.05,4.51,4.51,27.2,37,9.7,0.4,17.3,0.63419,9.71E+03,8.50E+03
728,NONE,STD,0.2,35000,0,393.854,397.009,683.419,885.617,603.646,603.646,3.458,3.367,20.242,19.23,4.267,4.267,20.4,29.1,8.7,0.3,14.1,0.69114,9.48E+03,8.29E+03
729,NONE,STD,0.2,35000,0,393.854,397.009,647.742,840.084,592.715,592.715,3.458,3.367,16.617,15.786,4.033,4.033,13.6,21,7.4,0.2,11.3,0.83136,9.18E+03,8.03E+03
730,NONE,STD,0.2,35000,0,393.854,397.009,591.536,797.378,605.389,605.389,3.458,3.367,11.717,11.131,3.79,3.79,6.8,12.3,5.5,0.1,9,1.32622,8.65E+03,7.57E+03
731,NONE,STD,0.3,35000,0,393.854,400.952,877.023,1300,848.47,848.47,3.458,3.474,36.92,35.074,6.11,6.11,64.5,84.4,19.9,1,47.3,0.73374,1.13E+04,9.96E+03
732,NONE,STD,0.3,35000,0,393.854,400.952,844.246,1223.571,799.745,799.745,3.458,3.474,34.728,32.991,5.856,5.856,58,77.6,19.5,0.9,41.2,0.71085,1.09E+04,9.58E+03
733,NONE,STD,0.3,35000,0,393.854,400.952,815.769,1154.109,754.644,754.644,3.458,3.474,32.842,31.2,5.611,5.611,51.6,70.6,19.1,0.8,35.6,0.69057,1.06E+04,9.29E+03
734,NONE,STD,0.3,35000,0,393.854,400.952,792.206,1090.336,711.087,711.087,3.458,3.474,31.318,29.752,5.37,5.37,45.1,63.6,18.5,0.7,30.2,0.67009,1.04E+04,9.10E+03
735,NONE,STD,0.3,35000,0,393.854,400.952,767.285,1029.221,672.079,672.079,3.458,3.474,29.513,28.038,5.146,5.146,38.7,56.5,17.8,0.6,25.4,0.65578,1.01E+04,8.90E+03
736,NONE,STD,0.3,35000,0,393.854,400.952,748.236,988.777,649.075,649.075,3.458,3.474,27.339,25.972,4.894,4.894,32.2,48.9,16.7,0.5,21.8,0.67533,9.97E+03,8.76E+03
737,NONE,STD,0.3,35000,0,393.854,400.952,726.502,945.453,625.983,625.983,3.458,3.474,24.94,23.693,4.643,4.643,25.8,41.3,15.5,0.4,18.3,0.70844,9.78E+03,8.60E+03
738,NONE,STD,0.3,35000,0,393.854,400.952,701.616,898.306,602.311,602.311,3.458,3.474,22.257,21.144,4.394,4.394,19.3,33.4,14.1,0.3,14.8,0.76693,9.58E+03,8.42E+03
739,NONE,STD,0.3,35000,0,393.854,400.952,669.674,853.844,588.693,588.693,3.458,3.474,18.759,17.821,4.153,4.153,12.9,25.1,12.2,0.2,12,0.92931,9.31E+03,8.18E+03
740,NONE,STD,0.3,35000,0,393.854,400.952,622.606,803.665,584.59,584.59,3.458,3.474,14.198,13.488,3.898,3.898,6.4,16.1,9.7,0.1,9.3,1.44449,8.88E+03,7.81E+03
741,NONE,STD,0.4,35000,0,393.854,406.454,883.174,1300,847.616,847.616,3.458,3.648,38.341,36.423,6.319,6.319,62.4,90,27.6,1,48.5,0.77697,1.12E+04,9.95E+03
742,NONE,STD,0.4,35000,0,393.854,406.454,854.1,1229.348,801.342,801.342,3.458,3.648,36.355,34.537,6.061,6.061,56.1,83.3,27.1,0.9,42.5,0.75779,1.09E+04,9.62E+03
743,NONE,STD,0.4,35000,0,393.854,406.454,828.165,1164.767,758.829,758.829,3.458,3.648,34.58,32.851,5.816,5.816,49.9,76.5,26.6,0.8,37,0.74246,1.06E+04,9.36E+03
744,NONE,STD,0.4,35000,0,393.854,406.454,807.092,1105.731,717.695,717.695,3.458,3.648,33.178,31.519,5.572,5.572,43.7,69.5,25.9,0.7,31.8,0.72841,1.04E+04,9.20E+03
745,NONE,STD,0.4,35000,0,393.854,406.454,783.182,1044.271,677.225,677.225,3.458,3.648,31.563,29.985,5.343,5.343,37.4,62.5,25,0.6,26.7,0.71458,1.02E+04,9.00E+03
746,NONE,STD,0.4,35000,0,393.854,406.454,765.273,1003.554,652.72,652.72,3.458,3.648,29.51,28.034,5.085,5.085,31.2,54.9,23.7,0.5,23,0.73713,1.00E+04,8.87E+03
747,NONE,STD,0.4,35000,0,393.854,406.454,745.389,962.224,629.779,629.779,3.458,3.648,27.198,25.838,4.827,4.827,24.9,47.1,22.1,0.4,19.5,0.77973,9.85E+03,8.72E+03
748,NONE,STD,0.4,35000,0,393.854,406.454,722.963,915.506,604.005,604.005,3.458,3.648,24.718,23.482,4.569,4.569,18.7,39.1,20.4,0.3,15.8,0.84667,9.67E+03,8.56E+03
749,NONE,STD,0.4,35000,0,393.854,406.454,694.989,871.315,586.64,586.64,3.458,3.648,21.441,20.369,4.317,4.317,12.5,30.6,18.1,0.2,12.8,1.02778,9.43E+03,8.35E+03
750,NONE,STD,0.4,35000,0,393.854,406.454,656.38,818.381,571.181,571.181,3.458,3.648,17.376,16.507,4.053,4.053,6.2,21.4,15.2,0.1,9.8,1.57203,9.12E+03,8.07E+03
751,NONE,STD,0.5,35000,0,393.854,413.532,890.587,1300,847.026,847.026,3.458,3.881,40.199,38.189,6.606,6.606,61.3,97.5,36.2,1,50,0.81555,1.11E+04,9.94E+03
752,NONE,STD,0.5,35000,0,393.854,413.532,864.958,1234.899,803.226,803.226,3.458,3.881,38.383,36.464,6.34,6.34,55.2,90.9,35.7,0.9,44.2,0.80038,1.08E+04,9.65E+03
753,NONE,STD,0.5,35000,0,393.854,413.532,842.377,1175.953,763.282,763.282,3.458,3.881,36.781,34.942,6.09,6.09,49,84,35,0.8,38.8,0.79034,1.06E+04,9.44E+03
754,NONE,STD,0.5,35000,0,393.854,413.532,823.121,1120.815,724.369,724.369,3.458,3.881,35.448,33.676,5.84,5.84,42.9,77.1,34.2,0.7,33.6,0.78235,1.04E+04,9.29E+03
755,NONE,STD,0.5,35000,0,393.854,413.532,802.413,1064.271,685.761,685.761,3.458,3.881,34.018,32.317,5.597,5.597,36.8,70,33.2,0.6,28.5,0.77621,1.02E+04,9.12E+03
756,NONE,STD,0.5,35000,0,393.854,413.532,784.683,1020.298,657.591,657.591,3.458,3.881,32.154,30.547,5.332,5.332,30.6,62.4,31.8,0.5,24.4,0.7973,1.01E+04,8.98E+03
757,NONE,STD,0.5,35000,0,393.854,413.532,766.763,980.605,634.298,634.298,3.458,3.881,29.948,28.451,5.063,5.063,24.5,54.4,29.9,0.4,20.8,0.84828,9.91E+03,8.85E+03
758,NONE,STD,0.5,35000,0,393.854,413.532,746.736,936.486,608.724,608.724,3.458,3.881,27.58,26.201,4.794,4.794,18.4,46.3,27.9,0.3,17.1,0.93086,9.75E+03,8.70E+03
759,NONE,STD,0.5,35000,0,393.854,413.532,722.282,891.701,587.121,587.121,3.458,3.881,24.597,23.368,4.53,4.53,12.3,37.6,25.3,0.2,13.8,1.12636,9.54E+03,8.52E+03
760,NONE,STD,0.5,35000,0,393.854,413.532,690.198,841.865,568.24,568.24,3.458,3.881,20.839,19.797,4.252,4.252,6.1,28.1,22,0.1,10.7,1.74318,9.28E+03,8.29E+03
761,NONE,STD,0.6,35000,0,393.854,422.186,899.942,1300,845.993,845.993,3.458,4.179,42.62,40.489,6.971,6.971,61.1,107.2,46.1,1,51.8,0.84863,1.10E+04,9.94E+03
762,NONE,STD,0.6,35000,0,393.854,422.186,875.907,1238.731,804.703,804.703,3.458,4.179,40.788,38.749,6.7,6.7,55,100.4,45.4,0.9,46,0.83684,1.07E+04,9.67E+03
763,NONE,STD,0.6,35000,0,393.854,422.186,857.563,1186.536,767.643,767.643,3.458,4.179,39.432,37.46,6.441,6.441,48.8,93.4,44.6,0.8,40.7,0.83258,1.05E+04,9.51E+03
764,NONE,STD,0.6,35000,0,393.854,422.186,840.031,1135.225,730.988,730.988,3.458,4.179,38.171,36.263,6.18,6.18,42.7,86.4,43.6,0.7,35.5,0.83082,1.04E+04,9.38E+03
765,NONE,STD,0.6,35000,0,393.854,422.186,822.006,1082.49,693.604,693.604,3.458,4.179,36.879,35.035,5.919,5.919,36.6,79.3,42.6,0.6,30.4,0.8304,1.02E+04,9.23E+03
766,NONE,STD,0.6,35000,0,393.854,422.186,805.6,1038.357,663.868,663.868,3.458,4.179,35.219,33.458,5.644,5.644,30.5,71.6,41.1,0.5,26.1,0.85441,1.01E+04,9.10E+03
767,NONE,STD,0.6,35000,0,393.854,422.186,789.862,1000.331,640.037,640.037,3.458,4.179,33.163,31.505,5.361,5.361,24.4,63.5,39,0.4,22.3,0.91347,9.96E+03,8.98E+03
768,NONE,STD,0.6,35000,0,393.854,422.186,771.996,958.794,614.884,614.884,3.458,4.179,30.896,29.351,5.077,5.077,18.3,55,36.7,0.3,18.5,1.01228,9.81E+03,8.85E+03
769,NONE,STD,0.6,35000,0,393.854,422.186,750.674,913.091,589.081,589.081,3.458,4.179,28.296,26.881,4.8,4.8,12.2,46.2,34,0.2,14.9,1.21729,9.65E+03,8.70E+03
770,NONE,STD,0.6,35000,0,393.854,422.186,723.993,868.212,569.789,569.789,3.458,4.179,24.709,23.473,4.504,4.504,6.1,36.4,30.3,0.1,11.7,1.9193,9.42E+03,8.50E+03
771,NONE,STD,0.7,35000,0,393.854,432.416,910.458,1300,845.32,845.32,3.458,4.55,45.536,43.259,7.425,7.425,61.5,119,57.5,1,54,0.87735,1.09E+04,9.94E+03
772,NONE,STD,0.7,35000,0,393.854,432.416,889.472,1243.995,806.591,806.591,3.458,4.55,43.831,41.639,7.144,7.144,55.4,112.1,56.7,0.9,48.1,0.86889,1.06E+04,9.71E+03
773,NONE,STD,0.7,35000,0,393.854,432.416,873.786,1196.103,771.406,771.406,3.458,4.55,42.621,40.49,6.875,6.875,49.2,104.9,55.7,0.8,42.7,0.86793,1.05E+04,9.59E+03
774,NONE,STD,0.7,35000,0,393.854,432.416,857.26,1147.901,736.99,736.99,3.458,4.55,41.363,39.295,6.605,6.605,43.1,97.6,54.5,0.7,37.5,0.87154,1.04E+04,9.46E+03
775,NONE,STD,0.7,35000,0,393.854,432.416,841.884,1098.92,700.828,700.828,3.458,4.55,40.202,38.192,6.32,6.32,36.9,90.4,53.4,0.6,32.4,0.87631,1.02E+04,9.34E+03
776,NONE,STD,0.7,35000,0,393.854,432.416,827.096,1057.172,671.891,671.891,3.458,4.55,38.623,36.692,6.031,6.031,30.8,82.5,51.8,0.5,27.9,0.90735,1.01E+04,9.22E+03
777,NONE,STD,0.7,35000,0,393.854,432.416,813.496,1020.987,647.763,647.763,3.458,4.55,36.736,34.899,5.729,5.729,24.6,74.1,49.5,0.4,24,0.97516,9.99E+03,9.12E+03
778,NONE,STD,0.7,35000,0,393.854,432.416,798.102,981.952,622.635,622.635,3.458,4.55,34.642,32.91,5.426,5.426,18.5,65.5,47,0.3,20.1,1.08951,9.86E+03,9.01E+03
779,NONE,STD,0.7,35000,0,393.854,432.416,779.943,938.891,596.296,596.296,3.458,4.55,32.245,30.633,5.126,5.126,12.3,56.5,44.1,0.2,16.2,1.32005,9.72E+03,8.87E+03
780,NONE,STD,0.7,35000,0,393.854,432.416,757.395,894.415,573.12,573.12,3.458,4.55,29.103,27.648,4.822,4.822,6.2,46.6,40.4,0.1,12.8,2.07347,9.54E+03,8.71E+03
781,NONE,STD,0.8,35000,0,393.854,444.226,922.261,1300,844.833,844.833,3.458,5.006,48.998,46.548,7.972,7.972,62.5,133.3,70.8,1,56.4,0.90327,1.07E+04,9.93E+03
782,NONE,STD,0.8,35000,0,393.854,444.226,906.521,1251.679,809.048,809.048,3.458,5.006,47.672,45.289,7.676,7.676,56.2,126,69.8,0.9,50.5,0.8987,1.06E+04,9.79E+03
783,NONE,STD,0.8,35000,0,393.854,444.226,891.411,1205.579,775.176,775.176,3.458,5.006,46.446,44.124,7.394,7.394,50,118.5,68.6,0.8,45,0.89932,1.05E+04,9.67E+03
784,NONE,STD,0.8,35000,0,393.854,444.226,875.749,1159.398,741.995,741.995,3.458,5.006,45.166,42.907,7.112,7.112,43.7,111,67.2,0.7,39.6,0.90539,1.03E+04,9.55E+03
785,NONE,STD,0.8,35000,0,393.854,444.226,861.236,1112.871,707.504,707.504,3.458,5.006,43.99,41.79,6.816,6.816,37.5,103.5,66,0.6,34.3,0.91456,1.02E+04,9.43E+03
786,NONE,STD,0.8,35000,0,393.854,444.226,849.012,1075.685,680.721,680.721,3.458,5.006,42.434,40.312,6.5,6.5,31.2,95.2,64,0.5,29.8,0.95493,1.01E+04,9.34E+03
787,NONE,STD,0.8,35000,0,393.854,444.226,837.04,1041.386,656.859,656.859,3.458,5.006,40.63,38.598,6.177,6.177,25,86.5,61.6,0.4,25.8,1.03143,9.99E+03,9.25E+03
788,NONE,STD,0.8,35000,0,393.854,444.226,823.701,1004.895,632.23,632.23,3.458,5.006,38.663,36.73,5.851,5.851,18.7,77.6,58.9,0.3,21.8,1.1618,9.88E+03,9.15E+03
789,NONE,STD,0.8,35000,0,393.854,444.226,809.082,964.876,605.393,605.393,3.458,5.006,36.586,34.757,5.526,5.526,12.5,68.5,56,0.2,17.7,1.4186,9.77E+03,9.04E+03
790,NONE,STD,0.8,35000,0,393.854,444.226,790.019,921.372,579.592,579.592,3.458,5.006,33.884,32.19,5.209,5.209,6.2,58.5,52.3,0.1,13.9,2.22342,9.62E+03,8.90E+03
791,NONE,STD,0.9,35000,0,393.854,457.617,936.84,1300,843.072,843.072,3.458,5.557,53.241,50.579,8.601,8.601,63.3,149.5,86.2,1,58.8,0.9282,1.06E+04,9.96E+03
792,NONE,STD,0.9,35000,0,393.854,457.617,923.955,1256.605,809.664,809.664,3.458,5.557,52.13,49.523,8.29,8.29,57,141.9,84.9,0.9,52.8,0.92636,1.05E+04,9.87E+03
793,NONE,STD,0.9,35000,0,393.854,457.617,910.026,1213.139,777.407,777.407,3.458,5.557,50.923,48.377,7.993,7.993,50.6,134.2,83.5,0.8,47.1,0.9294,1.04E+04,9.76E+03
794,NONE,STD,0.9,35000,0,393.854,457.617,895.311,1169.188,745.624,745.624,3.458,5.557,49.619,47.138,7.697,7.697,44.3,126.3,82,0.7,41.5,0.93772,1.03E+04,9.64E+03
795,NONE,STD,0.9,35000,0,393.854,457.617,881.447,1125.714,713.674,713.674,3.458,5.557,48.326,45.91,7.392,7.392,38,118.4,80.4,0.6,36.2,0.95204,1.01E+04,9.53E+03
796,NONE,STD,0.9,35000,0,393.854,457.617,871.476,1093.204,689.493,689.493,3.458,5.557,46.69,44.355,7.044,7.044,31.6,109.6,78,0.5,31.7,1.00144,1.01E+04,9.45E+03
797,NONE,STD,0.9,35000,0,393.854,457.617,860.397,1060.176,666.008,666.008,3.458,5.557,44.894,42.649,6.703,6.703,25.3,100.6,75.2,0.4,27.5,1.08466,9.98E+03,9.37E+03
798,NONE,STD,0.9,35000,0,393.854,457.617,848.77,1025.859,641.853,641.853,3.458,5.557,43.036,40.884,6.357,6.357,19,91.4,72.4,0.3,23.3,1.22867,9.88E+03,9.28E+03
799,NONE,STD,0.9,35000,0,393.854,457.617,836.208,988.997,616.134,616.134,3.458,5.557,41.076,39.023,6.009,6.009,12.7,82,69.3,0.2,19.2,1.51652,9.78E+03,9.19E+03
800,NONE,STD,0.9,35000,0,393.854,457.617,821.275,949.106,589.823,589.823,3.458,5.557,38.816,36.875,5.665,5.665,6.3,72.1,65.7,0.1,15.2,2.3974,9.67E+03,9.08E+03
801,NONE,STD,0,40000,0,389.97,389.97,863.354,1300,851.559,851.559,2.72,2.584,27.803,26.413,4.662,4.662,62.5,62.5,0,1,36.9,0.59163,1.14E+04,9.91E+03
802,NONE,STD,0,40000,0,389.97,389.97,821.512,1205.701,792.895,792.895,2.72,2.584,25.658,24.375,4.438,4.438,56.2,56.2,0,0.9,31.4,0.55807,1.09E+04,9.42E+03
803,NONE,STD,0,40000,0,389.97,389.97,788.065,1123.94,739.9,739.9,2.72,2.584,23.981,22.782,4.222,4.222,50,50,0,0.8,26.3,0.52628,1.05E+04,9.10E+03
804,NONE,STD,0,40000,0,389.97,389.97,758.31,1046.891,688.828,688.828,2.72,2.584,22.5,21.375,4.018,4.018,43.7,43.7,0,0.7,21.5,0.49239,1.02E+04,8.86E+03
805,NONE,STD,0,40000,0,389.97,389.97,734.653,996.244,659.715,659.715,2.72,2.584,20.689,19.655,3.823,3.823,37.5,37.5,0,0.6,18.2,0.48533,1.00E+04,8.68E+03
806,NONE,STD,0,40000,0,389.97,389.97,711.115,949.761,635.104,635.104,2.72,2.584,18.725,17.789,3.619,3.619,31.2,31.2,0,0.5,15.2,0.48714,9.81E+03,8.51E+03
807,NONE,STD,0,40000,0,389.97,389.97,684.608,900.902,611.229,611.229,2.72,2.584,16.565,15.737,3.421,3.421,25,25,0,0.4,12.4,0.49569,9.59E+03,8.32E+03
808,NONE,STD,0,40000,0,389.97,389.97,653.037,859.31,600.151,600.151,2.72,2.584,13.92,13.224,3.234,3.234,18.7,18.7,0,0.3,10.2,0.54251,9.31E+03,8.08E+03
809,NONE,STD,0,40000,0,389.97,389.97,609.988,818.327,601.335,601.335,2.72,2.584,10.753,10.215,3.057,3.057,12.5,12.5,0,0.2,8.2,0.66005,8.92E+03,7.73E+03
810,NONE,STD,0,40000,0,389.97,389.97,537.075,818.459,674.056,674.056,2.72,2.584,6.526,6.199,2.889,2.889,6.2,6.2,0,0.1,7.3,1.17231,8.14E+03,7.06E+03
811,NONE,STD,0.1,40000,0,389.97,390.75,864.505,1300,851.163,851.163,2.72,2.6,27.963,26.565,4.681,4.681,57.9,63,5,1,37,0.63932,1.14E+04,9.92E+03
812,NONE,STD,0.1,40000,0,389.97,390.75,825.322,1211.484,795.978,795.978,2.72,2.6,25.943,24.646,4.468,4.468,52.1,57.1,4.9,0.9,31.8,0.60918,1.09E+04,9.46E+03
813,NONE,STD,0.1,40000,0,389.97,390.75,792.889,1132.933,745.309,745.309,2.72,2.6,24.306,23.091,4.261,4.261,46.4,51.1,4.8,0.8,26.9,0.58048,1.05E+04,9.14E+03
814,NONE,STD,0.1,40000,0,389.97,390.75,765.132,1060.043,696.52,696.52,2.72,2.6,22.924,21.778,4.062,4.062,40.6,45.2,4.6,0.7,22.3,0.5502,1.03E+04,8.92E+03
815,NONE,STD,0.1,40000,0,389.97,390.75,740.654,1005.206,663.784,663.784,2.72,2.6,21.232,20.17,3.876,3.876,34.8,39.1,4.3,0.6,18.8,0.5408,1.01E+04,8.72E+03
816,NONE,STD,0.1,40000,0,389.97,390.75,718.488,960.909,640.017,640.017,2.72,2.6,19.342,18.375,3.675,3.675,29,33,4,0.5,15.9,0.54842,9.86E+03,8.56E+03
817,NONE,STD,0.1,40000,0,389.97,390.75,693.248,911.467,614.219,614.219,2.72,2.6,17.323,16.457,3.478,3.478,23.2,26.8,3.7,0.4,13,0.55985,9.66E+03,8.38E+03
818,NONE,STD,0.1,40000,0,389.97,390.75,663.809,869.789,600.87,600.87,2.72,2.6,14.783,14.043,3.288,3.288,17.4,20.6,3.2,0.3,10.7,0.61471,9.40E+03,8.16E+03
819,NONE,STD,0.1,40000,0,389.97,390.75,624.535,826.972,596.371,596.371,2.72,2.6,11.759,11.171,3.107,3.107,11.6,14.2,2.7,0.2,8.6,0.74451,9.05E+03,7.86E+03
820,NONE,STD,0.1,40000,0,389.97,390.75,558.905,800.641,635.027,635.027,2.72,2.6,7.651,7.268,2.93,2.93,5.8,7.7,1.9,0.1,7.2,1.24282,8.38E+03,7.27E+03
821,NONE,STD,0.2,40000,0,389.97,393.092,867.905,1300,850.024,850.024,2.72,2.649,28.443,27.021,4.738,4.738,54.3,64.5,10.2,1,37.3,0.68711,1.14E+04,9.93E+03
822,NONE,STD,0.2,40000,0,389.97,393.092,831.655,1217.308,798.084,798.084,2.72,2.649,26.548,25.221,4.531,4.531,48.9,58.9,10,0.9,32.3,0.66065,1.09E+04,9.51E+03
823,NONE,STD,0.2,40000,0,389.97,393.092,800.563,1142.35,749.833,749.833,2.72,2.649,24.953,23.706,4.331,4.331,43.4,53.2,9.7,0.8,27.6,0.63577,1.06E+04,9.19E+03
824,NONE,STD,0.2,40000,0,389.97,393.092,774.793,1073.731,703.461,703.461,2.72,2.649,23.658,22.475,4.136,4.136,38,47.4,9.4,0.7,23.2,0.60994,1.03E+04,8.99E+03
825,NONE,STD,0.2,40000,0,389.97,393.092,749.688,1014.655,666.853,666.853,2.72,2.649,22.096,20.991,3.955,3.955,32.6,41.6,9,0.6,19.5,0.59737,1.01E+04,8.79E+03
826,NONE,STD,0.2,40000,0,389.97,393.092,729.056,972.198,643.409,643.409,2.72,2.649,20.283,19.269,3.755,3.755,27.2,35.5,8.4,0.5,16.6,0.6106,9.92E+03,8.63E+03
827,NONE,STD,0.2,40000,0,389.97,393.092,705.587,925.385,618.508,618.508,2.72,2.649,18.343,17.425,3.557,3.557,21.7,29.4,7.7,0.4,13.7,0.63121,9.72E+03,8.46E+03
828,NONE,STD,0.2,40000,0,389.97,393.092,678.26,880.616,599.803,599.803,2.72,2.649,15.991,15.192,3.363,3.363,16.3,23.2,6.9,0.3,11.2,0.68774,9.49E+03,8.26E+03
829,NONE,STD,0.2,40000,0,389.97,393.092,642.713,835.695,589.376,589.376,2.72,2.649,13.113,12.458,3.178,3.178,10.9,16.7,5.8,0.2,9,0.82868,9.19E+03,8.00E+03
830,NONE,STD,0.2,40000,0,389.97,393.092,586.955,792.288,600.897,600.897,2.72,2.649,9.251,8.789,2.982,2.982,5.4,9.8,4.3,0.1,7.1,1.31467,8.65E+03,7.53E+03
831,NONE,STD,0.3,40000,0,389.97,396.995,873.395,1300,848.282,848.282,2.72,2.731,29.239,27.777,4.834,4.834,51.4,67.1,15.7,1,37.8,0.73432,1.14E+04,9.96E+03
832,NONE,STD,0.3,40000,0,389.97,396.995,840.305,1223.12,799.379,799.379,2.72,2.731,27.474,26.1,4.63,4.63,46.3,61.7,15.4,0.9,32.9,0.71176,1.09E+04,9.57E+03
833,NONE,STD,0.3,40000,0,389.97,396.995,810.596,1151.792,753.536,753.536,2.72,2.731,25.911,24.616,4.435,4.435,41.1,56.2,15,0.8,28.4,0.69105,1.06E+04,9.26E+03
834,NONE,STD,0.3,40000,0,389.97,396.995,787.127,1087.91,709.77,709.77,2.72,2.731,24.71,23.475,4.242,4.242,36,50.6,14.6,0.7,24.2,0.67091,1.04E+04,9.07E+03
835,NONE,STD,0.3,40000,0,389.97,396.995,761.665,1024.553,668.966,668.966,2.72,2.731,23.302,22.137,4.062,4.062,30.9,44.9,14,0.6,20.2,0.65395,1.01E+04,8.87E+03
836,NONE,STD,0.3,40000,0,389.97,396.995,742.641,983.982,645.82,645.82,2.72,2.731,21.577,20.498,3.861,3.861,25.7,38.9,13.2,0.5,17.3,0.6732,9.97E+03,8.73E+03
837,NONE,STD,0.3,40000,0,389.97,396.995,721.094,940.34,622.224,622.224,2.72,2.731,19.692,18.707,3.661,3.661,20.6,32.8,12.2,0.4,14.5,0.705,9.79E+03,8.57E+03
838,NONE,STD,0.3,40000,0,389.97,396.995,696.073,893.09,598.594,598.594,2.72,2.731,17.564,16.686,3.464,3.464,15.4,26.5,11.1,0.3,11.8,0.76319,9.59E+03,8.39E+03
839,NONE,STD,0.3,40000,0,389.97,396.995,664.239,848.908,585.161,585.161,2.72,2.731,14.788,14.049,3.273,3.273,10.3,19.9,9.6,0.2,9.5,0.92515,9.31E+03,8.15E+03
840,NONE,STD,0.3,40000,0,389.97,396.995,617.351,798.444,580.611,580.611,2.72,2.731,11.191,10.631,3.069,3.069,5.1,12.8,7.6,0.1,7.4,1.43372,8.89E+03,7.78E+03
841,NONE,STD,0.4,40000,0,389.97,402.453,880.196,1300,846.741,846.741,2.72,2.857,30.358,28.84,4.985,4.985,49.5,71.2,21.7,1,38.5,0.77877,1.13E+04,9.97E+03
842,NONE,STD,0.4,40000,0,389.97,402.453,850.569,1228.873,800.493,800.493,2.72,2.857,28.738,27.301,4.78,4.78,44.5,65.8,21.3,0.9,33.8,0.7601,1.09E+04,9.63E+03
843,NONE,STD,0.4,40000,0,389.97,402.453,822.843,1161.822,757.156,757.156,2.72,2.857,27.23,25.868,4.586,4.586,39.6,60.4,20.9,0.8,29.4,0.7441,1.06E+04,9.34E+03
844,NONE,STD,0.4,40000,0,389.97,402.453,801.802,1102.666,715.862,715.862,2.72,2.857,26.125,24.819,4.392,4.392,34.6,55,20.3,0.7,25.3,0.7303,1.04E+04,9.17E+03
845,NONE,STD,0.4,40000,0,389.97,402.453,777.95,1041.052,675.183,675.183,2.72,2.857,24.851,23.609,4.209,4.209,29.7,49.4,19.7,0.6,21.3,0.7167,1.02E+04,8.98E+03
846,NONE,STD,0.4,40000,0,389.97,402.453,759.246,997.741,648.782,648.782,2.72,2.857,23.255,22.092,4.005,4.005,24.7,43.4,18.7,0.5,18.2,0.73545,1.00E+04,8.83E+03
847,NONE,STD,0.4,40000,0,389.97,402.453,739.532,956.346,625.621,625.621,2.72,2.857,21.436,20.364,3.801,3.801,19.8,37.2,17.4,0.4,15.4,0.77731,9.86E+03,8.69E+03
848,NONE,STD,0.4,40000,0,389.97,402.453,717.094,909.621,599.871,599.871,2.72,2.857,19.476,18.502,3.598,3.598,14.8,30.9,16.1,0.3,12.5,0.84393,9.68E+03,8.53E+03
849,NONE,STD,0.4,40000,0,389.97,402.453,689.007,865.437,582.632,582.632,2.72,2.857,16.882,16.038,3.4,3.4,9.9,24.1,14.3,0.2,10.1,1.02469,9.44E+03,8.32E+03
850,NONE,STD,0.4,40000,0,389.97,402.453,650.595,812.711,567.209,567.209,2.72,2.857,13.671,12.988,3.19,3.19,4.9,16.9,11.9,0.1,7.7,1.56644,9.12E+03,8.04E+03
851,NONE,STD,0.5,40000,0,389.97,409.459,887.189,1300,846.495,846.495,2.72,3.039,31.788,30.199,5.212,5.212,48.7,77.1,28.5,1,39.8,0.81732,1.12E+04,9.95E+03
852,NONE,STD,0.5,40000,0,389.97,409.459,861.317,1234.373,802.364,802.364,2.72,3.039,30.343,28.826,5.001,5.001,43.8,71.8,28,0.9,35.1,0.80221,1.09E+04,9.66E+03
853,NONE,STD,0.5,40000,0,389.97,409.459,836.921,1172.969,761.635,761.635,2.72,3.039,28.962,27.514,4.803,4.803,38.9,66.4,27.5,0.8,30.8,0.7915,1.06E+04,9.41E+03
854,NONE,STD,0.5,40000,0,389.97,409.459,817.701,1117.66,722.513,722.513,2.72,3.039,27.912,26.516,4.604,4.604,34.1,60.9,26.8,0.7,26.7,0.78366,1.04E+04,9.26E+03
855,NONE,STD,0.5,40000,0,389.97,409.459,796.983,1060.903,683.695,683.695,2.72,3.039,26.779,25.44,4.41,4.41,29.2,55.3,26.1,0.6,22.7,0.77771,1.02E+04,9.10E+03
856,NONE,STD,0.5,40000,0,389.97,409.459,778.493,1014.408,653.663,653.663,2.72,3.039,25.339,24.072,4.201,4.201,24.3,49.3,25,0.5,19.3,0.79488,1.01E+04,8.95E+03
857,NONE,STD,0.5,40000,0,389.97,409.459,760.57,974.808,630.492,630.492,2.72,3.039,23.587,22.408,3.988,3.988,19.5,43,23.6,0.4,16.5,0.84596,9.92E+03,8.82E+03
858,NONE,STD,0.5,40000,0,389.97,409.459,740.665,930.645,604.766,604.766,2.72,3.039,21.719,20.633,3.775,3.775,14.6,36.5,21.9,0.3,13.5,0.92767,9.76E+03,8.67E+03
859,NONE,STD,0.5,40000,0,389.97,409.459,715.995,885.547,583.074,583.074,2.72,3.039,19.364,18.396,3.568,3.568,9.7,29.6,19.9,0.2,10.9,1.12177,9.55E+03,8.49E+03
860,NONE,STD,0.5,40000,0,389.97,409.459,683.996,835.895,564.306,564.306,2.72,3.039,16.384,15.564,3.346,3.346,4.9,22.1,17.3,0.1,8.4,1.73571,9.29E+03,8.25E+03
861,NONE,STD,0.6,40000,0,389.97,418.025,896.258,1300,845.676,845.676,2.72,3.272,33.679,31.995,5.501,5.501,48.5,84.7,36.2,1,41.3,0.85019,1.11E+04,9.95E+03
862,NONE,STD,0.6,40000,0,389.97,418.025,872.11,1238.239,803.955,803.955,2.72,3.272,32.237,30.625,5.286,5.286,43.7,79.4,35.7,0.9,36.6,0.83833,1.08E+04,9.68E+03
863,NONE,STD,0.6,40000,0,389.97,418.025,851.944,1183.522,766.05,766.05,2.72,3.272,31.047,29.495,5.081,5.081,38.8,73.9,35,0.8,32.4,0.83321,1.06E+04,9.49E+03
864,NONE,STD,0.6,40000,0,389.97,418.025,834.444,1131.919,729.06,729.06,2.72,3.272,30.051,28.549,4.874,4.874,34,68.3,34.3,0.7,28.2,0.83135,1.04E+04,9.35E+03
865,NONE,STD,0.6,40000,0,389.97,418.025,816.377,1078.977,691.509,691.509,2.72,3.272,29.029,27.578,4.665,4.665,29.1,62.6,33.5,0.6,24.2,0.83118,1.03E+04,9.21E+03
866,NONE,STD,0.6,40000,0,389.97,418.025,799.182,1032.371,659.986,659.986,2.72,3.272,27.749,26.361,4.448,4.448,24.3,56.6,32.3,0.5,20.7,0.85117,1.01E+04,9.07E+03
867,NONE,STD,0.6,40000,0,389.97,418.025,783.426,994.427,636.276,636.276,2.72,3.272,26.114,24.809,4.223,4.223,19.4,50.1,30.7,0.4,17.7,0.91032,9.97E+03,8.95E+03
868,NONE,STD,0.6,40000,0,389.97,418.025,765.686,952.76,610.88,610.88,2.72,3.272,24.328,23.112,3.999,3.999,14.6,43.4,28.9,0.3,14.7,1.00774,9.83E+03,8.82E+03
869,NONE,STD,0.6,40000,0,389.97,418.025,744.193,907.234,585.445,585.445,2.72,3.272,22.248,21.136,3.781,3.781,9.7,36.4,26.7,0.2,11.8,1.21354,9.65E+03,8.67E+03
870,NONE,STD,0.6,40000,0,389.97,418.025,717.439,861.853,565.732,565.732,2.72,3.272,19.425,18.454,3.545,3.545,4.9,28.7,23.8,0.1,9.3,1.90818,9.43E+03,8.46E+03
871,NONE,STD,0.7,40000,0,389.97,428.151,906.671,1300,844.998,844.998,2.72,3.564,35.989,34.19,5.86,5.86,49,94.1,45.2,1,43,0.87851,1.09E+04,9.95E+03
872,NONE,STD,0.7,40000,0,389.97,428.151,883.905,1241.435,805.326,805.326,2.72,3.564,34.518,32.792,5.637,5.637,44.1,88.6,44.6,0.9,38.3,0.86912,1.07E+04,9.69E+03
873,NONE,STD,0.7,40000,0,389.97,428.151,868.019,1193.154,769.936,769.936,2.72,3.564,33.55,31.872,5.423,5.423,39.2,82.9,43.7,0.8,34,0.86826,1.05E+04,9.57E+03
874,NONE,STD,0.7,40000,0,389.97,428.151,851.431,1144.554,735.167,735.167,2.72,3.564,32.548,30.921,5.209,5.209,34.3,77.1,42.9,0.7,29.9,0.87166,1.04E+04,9.44E+03
875,NONE,STD,0.7,40000,0,389.97,428.151,836.007,1095.275,698.744,698.744,2.72,3.564,31.633,30.051,4.981,4.981,29.4,71.4,42,0.6,25.8,0.87648,1.02E+04,9.31E+03
876,NONE,STD,0.7,40000,0,389.97,428.151,820.433,1051.046,668.013,668.013,2.72,3.564,30.426,28.905,4.755,4.755,24.5,65.2,40.7,0.5,22.1,0.90323,1.01E+04,9.19E+03
877,NONE,STD,0.7,40000,0,389.97,428.151,806.827,1014.827,643.873,643.873,2.72,3.564,28.926,27.48,4.514,4.514,19.6,58.6,39,0.4,19,0.97057,1.00E+04,9.08E+03
878,NONE,STD,0.7,40000,0,389.97,428.151,791.531,975.677,618.546,618.546,2.72,3.564,27.276,25.912,4.274,4.274,14.7,51.7,37,0.3,15.9,1.08341,9.87E+03,8.97E+03
879,NONE,STD,0.7,40000,0,389.97,428.151,773.15,932.737,592.563,592.563,2.72,3.564,25.349,24.082,4.038,4.038,9.8,44.5,34.7,0.2,12.9,1.31443,9.73E+03,8.84E+03
880,NONE,STD,0.7,40000,0,389.97,428.151,750.48,887.96,569.228,569.228,2.72,3.564,22.859,21.716,3.795,3.795,4.9,36.6,31.7,0.1,10.1,2.06193,9.54E+03,8.67E+03
881,NONE,STD,0.8,40000,0,389.97,439.84,918.353,1300,844.537,844.537,2.72,3.922,38.735,36.798,6.294,6.294,49.8,105.4,55.6,1,45,0.90382,1.08E+04,9.94E+03
882,NONE,STD,0.8,40000,0,389.97,439.84,900.788,1249.157,807.887,807.887,2.72,3.922,37.543,35.666,6.059,6.059,44.8,99.7,54.8,0.9,40.3,0.89844,1.06E+04,9.77E+03
883,NONE,STD,0.8,40000,0,389.97,439.84,885.513,1202.602,773.7,773.7,2.72,3.922,36.558,34.73,5.835,5.835,39.8,93.7,53.9,0.8,35.8,0.89893,1.05E+04,9.65E+03
884,NONE,STD,0.8,40000,0,389.97,439.84,869.722,1156.041,740.255,740.255,2.72,3.922,35.538,33.762,5.61,5.61,34.9,87.7,52.8,0.7,31.5,0.90492,1.03E+04,9.52E+03
885,NONE,STD,0.8,40000,0,389.97,439.84,855.241,1109.18,705.386,705.386,2.72,3.922,34.615,32.884,5.373,5.373,29.9,81.7,51.8,0.6,27.3,0.91383,1.02E+04,9.41E+03
886,NONE,STD,0.8,40000,0,389.97,439.84,842.122,1069.736,677.145,677.145,2.72,3.922,33.406,31.736,5.126,5.126,24.9,75.2,50.3,0.5,23.7,0.95049,1.01E+04,9.30E+03
887,NONE,STD,0.8,40000,0,389.97,439.84,830.129,1035.289,653.166,653.166,2.72,3.922,31.974,30.375,4.869,4.869,19.9,68.3,48.4,0.4,20.4,1.02619,1.00E+04,9.21E+03
888,NONE,STD,0.8,40000,0,389.97,439.84,816.895,998.356,627.994,627.994,2.72,3.922,30.443,28.921,4.61,4.61,14.9,61.3,46.3,0.3,17.2,1.15336,9.90E+03,9.11E+03
889,NONE,STD,0.8,40000,0,389.97,439.84,802.14,958.3,601.267,601.267,2.72,3.922,28.777,27.339,4.351,4.351,10,54,44,0.2,14,1.40843,9.78E+03,9.00E+03
890,NONE,STD,0.8,40000,0,389.97,439.84,782.825,914.552,575.487,575.487,2.72,3.922,26.62,25.289,4.1,4.1,5,46,41.1,0.1,11,2.20642,9.63E+03,8.87E+03
891,NONE,STD,0.9,40000,0,389.97,453.094,931.677,1300,843.908,843.908,2.72,4.354,41.987,39.888,6.805,6.805,50.8,118.6,67.8,1,47.1,0.92754,1.06E+04,9.94E+03
892,NONE,STD,0.9,40000,0,389.97,453.094,918.59,1255.872,809.925,809.925,2.72,4.354,41.085,39.031,6.557,6.557,45.7,112.5,66.8,0.9,42.3,0.92531,1.05E+04,9.84E+03
893,NONE,STD,0.9,40000,0,389.97,453.094,904.479,1211.781,777.182,777.182,2.72,4.354,40.122,38.116,6.318,6.318,40.6,106.3,65.7,0.8,37.7,0.92804,1.04E+04,9.74E+03
894,NONE,STD,0.9,40000,0,389.97,453.094,889.632,1167.303,744.967,744.967,2.72,4.354,39.085,37.131,6.081,6.081,35.6,100.1,64.5,0.7,33.3,0.93616,1.03E+04,9.62E+03
895,NONE,STD,0.9,40000,0,389.97,453.094,875.281,1122.035,711.618,711.618,2.72,4.354,38.087,36.183,5.838,5.838,30.5,93.8,63.3,0.6,28.9,0.94774,1.02E+04,9.50E+03
896,NONE,STD,0.9,40000,0,389.97,453.094,864.635,1087.997,686.519,686.519,2.72,4.354,36.787,34.948,5.563,5.563,25.4,86.8,61.4,0.5,25.3,0.99438,1.01E+04,9.42E+03
897,NONE,STD,0.9,40000,0,389.97,453.094,853.448,1054.623,662.794,662.794,2.72,4.354,35.351,33.583,5.29,5.29,20.3,79.5,59.2,0.4,21.9,1.07608,9.99E+03,9.33E+03
898,NONE,STD,0.9,40000,0,389.97,453.094,841.729,1019.945,638.371,638.371,2.72,4.354,33.866,32.173,5.013,5.013,15.2,72.2,57,0.3,18.6,1.21754,9.89E+03,9.25E+03
899,NONE,STD,0.9,40000,0,389.97,453.094,829.128,982.661,612.269,612.269,2.72,4.354,32.309,30.694,4.734,4.734,10.2,64.7,54.5,0.2,15.2,1.49986,9.79E+03,9.15E+03
900,NONE,STD,0.9,40000,0,389.97,453.094,813.881,942.254,585.755,585.755,2.72,4.354,30.495,28.97,4.461,4.461,5.1,56.7,51.7,0.1,12,2.36712,9.67E+03,9.04E+03
