Case,Limit_Flag,Day,Mach,Alt,Tds,Tt1,Tt2,Tt3,TtB030,Tt4,Tt5,Tt9,Pt1,Pt2,Pt3,PtB030,Pt4,Pt5,Pt9,Fn,Fg,Fr,WFuel,TSFC,CmpH_Nc,N
1,NONE,HOT,0.00,0.0,44.000,562.670,562.666,1176.536,1176.536,2200.000,1668.248,1668.248,14.696,13.961,167.530,167.530,159.154,45.214,44.988,190.3,190.3,0.0,150.4,0.79016,9.6011E+003,1.0000E+004
2,NONE,HOT,0.00,0.0,44.000,562.670,562.666,1176.536,1176.536,2039.083,1494.761,1494.761,14.696,13.961,167.530,167.530,159.154,39.807,39.608,171.3,171.3,0.0,124.8,0.72881,9.6011E+003,1.0000E+004
3,NONE,HOT,0.00,0.0,44.000,562.670,562.666,1176.536,1176.536,1899.194,1343.101,1343.101,14.696,13.961,167.530,167.530,159.154,34.824,34.650,152.3,152.3,0.0,103.2,0.67788,9.6011E+003,1.0000E+004
4,NONE,HOT,0.00,0.0,44.000,562.670,562.666,1176.536,1176.536,1777.301,1210.218,1210.218,14.696,13.961,167.530,167.530,159.154,30.287,30.136,133.2,133.2,0.0,84.8,0.63650,9.6011E+003,1.0000E+004
5,NONE,HOT,0.00,0.0,44.000,562.670,562.666,1176.536,1176.536,1672.131,1095.100,1095.100,14.696,13.961,167.530,167.530,159.154,26.242,26.111,114.2,114.2,0.0,69.2,0.60630,9.6011E+003,1.0000E+004
6,NONE,HOT,0.00,0.0,44.000,562.670,562.666,1176.536,1176.536,1582.625,996.899,996.899,14.696,13.961,167.530,167.530,159.154,22.736,22.623,95.2,95.2,0.0,56.2,0.59091,9.6011E+003,1.0000E+004
7,NONE,HOT,0.00,0.0,44.000,562.670,562.666,1176.536,1176.536,1509.214,916.285,916.285,14.696,13.961,167.530,167.530,159.154,19.844,19.745,76.1,76.1,0.0,45.7,0.60071,9.6011E+003,1.0000E+004
8,NONE,HOT,0.00,0.0,44.000,562.670,562.666,1176.536,1176.536,1453.087,854.658,854.658,14.696,13.961,167.530,167.530,159.154,17.617,17.529,57.1,57.1,0.0,37.8,0.66210,9.6011E+003,1.0000E+004
9,NONE,HOT,0.00,0.0,44.000,562.670,562.666,1176.536,1176.536,1411.703,809.273,809.273,14.696,13.961,167.530,167.530,159.154,16.020,15.940,38.1,38.1,0.0,32.0,0.84105,9.6011E+003,1.0000E+004
10,NONE,HOT,0.00,0.0,44.000,562.670,562.666,1176.536,1176.536,1387.635,782.890,782.890,14.696,13.961,167.530,167.530,159.154,15.080,15.004,19.0,19.0,0.0,28.7,1.50633,9.6011E+003,1.0000E+004
11,NONE,HOT,0.10,0.0,44.000,562.670,563.791,1178.749,1178.749,2200.000,1667.142,1667.142,14.696,14.058,168.702,168.702,160.266,45.398,45.171,181.0,190.5,9.5,150.1,0.82926,9.5915E+003,1.0000E+004
12,NONE,HOT,0.10,0.0,44.000,562.670,563.791,1178.749,1178.749,2046.537,1501.676,1501.676,14.696,14.058,168.702,168.702,160.266,40.213,40.012,162.9,172.4,9.5,125.7,0.77174,9.5915E+003,1.0000E+004
13,NONE,HOT,0.10,0.0,44.000,562.670,563.791,1178.749,1178.749,1912.141,1356.013,1356.013,14.696,14.058,168.702,168.702,160.266,35.412,35.235,144.8,154.3,9.5,104.9,0.72445,9.5915E+003,1.0000E+004
14,NONE,HOT,0.10,0.0,44.000,562.670,563.791,1178.749,1178.749,1794.169,1227.465,1227.465,14.696,14.058,168.702,168.702,160.266,31.016,30.861,126.7,136.2,9.5,87.0,0.68692,9.5915E+003,1.0000E+004
15,NONE,HOT,0.10,0.0,44.000,562.670,563.791,1178.749,1178.749,1691.672,1115.315,1115.315,14.696,14.058,168.702,168.702,160.266,27.070,26.935,108.6,118.1,9.5,71.8,0.66126,9.5915E+003,1.0000E+004
16,NONE,HOT,0.10,0.0,44.000,562.670,563.791,1178.749,1178.749,1603.427,1018.514,1018.514,14.696,14.058,168.702,168.702,160.266,23.606,23.488,90.5,100.0,9.5,58.9,0.65130,9.5915E+003,1.0000E+004
17,NONE,HOT,0.10,0.0,44.000,562.670,563.791,1178.749,1178.749,1529.531,937.357,937.357,14.696,14.058,168.702,168.702,160.266,20.672,20.569,72.4,81.9,9.5,48.3,0.66754,9.5915E+003,1.0000E+004
18,NONE,HOT,0.10,0.0,44.000,562.670,563.791,1178.749,1178.749,1470.746,872.796,872.796,14.696,14.058,168.702,168.702,160.266,18.339,18.247,54.3,63.8,9.5,40.0,0.73657,9.5915E+003,1.0000E+004
19,NONE,HOT,0.10,0.0,44.000,562.670,563.791,1178.749,1178.749,1426.132,823.838,823.838,14.696,14.058,168.702,168.702,160.266,16.593,16.510,36.2,45.7,9.5,33.7,0.93189,9.5915E+003,1.0000E+004
20,NONE,HOT,0.10,0.0,44.000,562.670,563.791,1178.749,1178.749,1396.259,791.085,791.085,14.696,14.058,168.702,168.702,160.266,15.424,15.347,18.1,27.6,9.5,29.6,1.63385,9.5915E+003,1.0000E+004
21,NONE,HOT,0.20,0.0,44.000,562.670,567.164,1185.376,1185.376,2200.000,1663.832,1663.833,14.696,14.354,172.246,172.246,163.634,45.947,45.717,172.0,191.0,19.1,149.2,0.86727,9.5629E+003,1.0000E+004
22,NONE,HOT,0.20,0.0,44.000,562.670,567.164,1185.376,1185.376,2053.855,1506.211,1506.211,14.696,14.354,172.246,172.246,163.634,40.918,40.714,154.8,173.9,19.1,125.9,0.81360,9.5629E+003,1.0000E+004
23,NONE,HOT,0.20,0.0,44.000,562.670,567.164,1185.376,1185.376,1924.743,1366.246,1366.246,14.696,14.354,172.246,172.246,163.634,36.234,36.052,137.6,156.7,19.1,105.9,0.76976,9.5629E+003,1.0000E+004
24,NONE,HOT,0.20,0.0,44.000,562.670,567.164,1185.376,1185.376,1811.025,1242.341,1242.341,14.696,14.354,172.246,172.246,163.634,31.933,31.773,120.4,139.5,19.1,88.7,0.73634,9.5629E+003,1.0000E+004
25,NONE,HOT,0.20,0.0,44.000,562.670,567.164,1185.376,1185.376,1711.420,1133.359,1133.359,14.696,14.354,172.246,172.246,163.634,28.049,27.909,103.2,122.3,19.1,73.8,0.71531,9.5629E+003,1.0000E+004
26,NONE,HOT,0.20,0.0,44.000,562.670,567.164,1185.376,1185.376,1624.855,1038.388,1038.388,14.696,14.354,172.246,172.246,163.634,24.601,24.478,86.0,105.1,19.1,61.1,0.71103,9.5629E+003,1.0000E+004
27,NONE,HOT,0.20,0.0,44.000,562.670,567.164,1185.376,1185.376,1550.900,957.140,957.140,14.696,14.354,172.246,172.246,163.634,21.618,21.510,68.8,87.9,19.1,50.5,0.73382,9.5629E+003,1.0000E+004
28,NONE,HOT,0.20,0.0,44.000,562.670,567.164,1185.376,1185.376,1489.949,890.167,890.167,14.696,14.354,172.246,172.246,163.634,19.176,19.080,51.6,70.7,19.1,41.8,0.81034,9.5629E+003,1.0000E+004
29,NONE,HOT,0.20,0.0,44.000,562.670,567.164,1185.376,1185.376,1442.823,838.402,838.402,14.696,14.354,172.246,172.246,163.634,17.287,17.200,34.4,53.5,19.1,35.2,1.02262,9.5629E+003,1.0000E+004
30,NONE,HOT,0.20,0.0,44.000,562.670,567.164,1185.376,1185.376,1407.869,800.056,800.056,14.696,14.354,172.246,172.246,163.634,15.904,15.825,17.2,36.3,19.1,30.3,1.76142,9.5629E+003,1.0000E+004
31,NONE,HOT,0.30,0.0,44.000,562.670,572.787,1196.381,1196.381,2200.000,1658.338,1658.338,14.696,14.855,178.255,178.255,169.343,46.862,46.628,163.3,191.9,28.6,147.6,0.90400,9.5159E+003,1.0000E+004
32,NONE,HOT,0.30,0.0,44.000,562.670,572.787,1196.381,1196.381,2060.972,1508.291,1508.291,14.696,14.855,178.255,178.255,169.343,41.926,41.716,147.0,175.6,28.6,125.5,0.85411,9.5159E+003,1.0000E+004
33,NONE,HOT,0.30,0.0,44.000,562.670,572.787,1196.381,1196.381,1937.052,1373.888,1373.888,14.696,14.855,178.255,178.255,169.343,37.301,37.114,130.7,159.2,28.6,106.3,0.81358,9.5159E+003,1.0000E+004
34,NONE,HOT,0.30,0.0,44.000,562.670,572.787,1196.381,1196.381,1827.722,1254.725,1254.725,14.696,14.855,178.255,178.255,169.343,33.053,32.888,114.3,142.9,28.6,89.7,0.78431,9.5159E+003,1.0000E+004
35,NONE,HOT,0.30,0.0,44.000,562.670,572.787,1196.381,1196.381,1731.189,1149.073,1149.073,14.696,14.855,178.255,178.255,169.343,29.191,29.045,98.0,126.6,28.6,75.2,0.76787,9.5159E+003,1.0000E+004
36,NONE,HOT,0.30,0.0,44.000,562.670,572.787,1196.381,1196.381,1646.631,1056.265,1056.265,14.696,14.855,178.255,178.255,169.343,25.739,25.610,81.7,110.2,28.6,62.8,0.76934,9.5159E+003,1.0000E+004
37,NONE,HOT,0.30,0.0,44.000,562.670,572.787,1196.381,1196.381,1572.844,975.154,975.154,14.696,14.855,178.255,178.255,169.343,22.702,22.589,65.3,93.9,28.6,52.1,0.79823,9.5159E+003,1.0000E+004
38,NONE,HOT,0.30,0.0,44.000,562.670,572.787,1196.381,1196.381,1510.853,906.982,906.982,14.696,14.855,178.255,178.255,169.343,20.151,20.051,49.0,77.6,28.6,43.3,0.88359,9.5159E+003,1.0000E+004
39,NONE,HOT,0.30,0.0,44.000,562.670,572.787,1196.381,1196.381,1461.747,852.979,852.979,14.696,14.855,178.255,178.255,169.343,18.115,18.025,32.7,61.2,28.6,36.4,1.11296,9.5159E+003,1.0000E+004
40,NONE,HOT,0.30,0.0,44.000,562.670,572.787,1196.381,1196.381,1422.779,810.177,810.177,14.696,14.855,178.255,178.255,169.343,16.544,16.461,16.3,44.9,28.6,30.9,1.89172,9.5159E+003,1.0000E+004
41,NONE,HOT,0.40,0.0,44.000,562.670,580.658,1211.697,1211.697,2200.000,1650.691,1650.691,14.696,15.573,186.881,186.881,177.537,48.140,47.899,154.9,193.0,38.1,145.5,0.93958,9.4512E+003,1.0000E+004
42,NONE,HOT,0.40,0.0,44.000,562.670,580.658,1211.697,1211.697,2067.785,1507.857,1507.857,14.696,15.573,186.881,186.881,177.537,43.237,43.021,139.4,177.5,38.1,124.5,0.89322,9.4512E+003,1.0000E+004
43,NONE,HOT,0.40,0.0,44.000,562.670,580.658,1211.697,1211.697,1948.988,1378.900,1378.900,14.696,15.573,186.881,186.881,177.537,38.620,38.427,123.9,162.0,38.1,106.0,0.85580,9.4512E+003,1.0000E+004
44,NONE,HOT,0.40,0.0,44.000,562.670,580.658,1211.697,1211.697,1844.121,1264.523,1264.523,14.696,15.573,186.881,186.881,177.537,34.390,34.218,108.4,146.5,38.1,90.0,0.83060,9.4512E+003,1.0000E+004
45,NONE,HOT,0.40,0.0,44.000,562.670,580.658,1211.697,1211.697,1750.819,1162.344,1162.344,14.696,15.573,186.881,186.881,177.537,30.520,30.367,92.9,131.0,38.1,76.1,0.81864,9.4512E+003,1.0000E+004
46,NONE,HOT,0.40,0.0,44.000,562.670,580.658,1211.697,1211.697,1668.558,1071.993,1071.993,14.696,15.573,186.881,186.881,177.537,27.046,26.910,77.4,115.5,38.1,63.9,0.82580,9.4512E+003,1.0000E+004
47,NONE,HOT,0.40,0.0,44.000,562.670,580.658,1211.697,1211.697,1595.626,991.754,991.754,14.696,15.573,186.881,186.881,177.537,23.940,23.821,61.9,100.1,38.1,53.3,0.86125,9.4512E+003,1.0000E+004
48,NONE,HOT,0.40,0.0,44.000,562.670,580.658,1211.697,1211.697,1533.584,923.439,923.439,14.696,15.573,186.881,186.881,177.537,21.288,21.182,46.5,84.6,38.1,44.5,0.95686,9.4512E+003,1.0000E+004
49,NONE,HOT,0.40,0.0,44.000,562.670,580.658,1211.697,1211.697,1482.520,867.213,867.213,14.696,15.573,186.881,186.881,177.537,19.100,19.004,31.0,69.1,38.1,37.2,1.20148,9.4512E+003,1.0000E+004
50,NONE,HOT,0.40,0.0,44.000,562.670,580.658,1211.697,1211.697,1440.700,821.206,821.206,14.696,15.573,186.881,186.881,177.537,17.347,17.260,15.5,53.6,38.1,31.3,2.02346,9.4512E+003,1.0000E+004
51,NONE,HOT,0.50,0.0,44.000,562.670,590.779,1231.232,1231.232,2200.000,1640.974,1640.974,14.696,16.527,198.328,198.328,188.412,49.782,49.533,146.6,194.2,47.6,142.8,0.97416,9.3699E+003,1.0000E+004
52,NONE,HOT,0.50,0.0,44.000,562.670,590.779,1231.232,1231.232,2074.481,1505.171,1505.171,14.696,16.527,198.328,198.328,188.412,44.859,44.635,131.9,179.6,47.6,122.8,0.93118,9.3699E+003,1.0000E+004
53,NONE,HOT,0.50,0.0,44.000,562.670,590.779,1231.232,1231.232,1961.209,1382.066,1382.066,14.696,16.527,198.328,198.328,188.412,40.224,40.023,117.3,164.9,47.6,105.2,0.89727,9.3699E+003,1.0000E+004
54,NONE,HOT,0.50,0.0,44.000,562.670,590.779,1231.232,1231.232,1860.470,1272.079,1272.079,14.696,16.527,198.328,198.328,188.412,35.959,35.779,102.6,150.2,47.6,89.8,0.87551,9.3699E+003,1.0000E+004
55,NONE,HOT,0.50,0.0,44.000,562.670,590.779,1231.232,1231.232,1770.650,1173.623,1173.623,14.696,16.527,198.328,198.328,188.412,32.058,31.898,87.9,135.6,47.6,76.3,0.86809,9.3699E+003,1.0000E+004
56,NONE,HOT,0.50,0.0,44.000,562.670,590.779,1231.232,1231.232,1690.761,1085.789,1085.789,14.696,16.527,198.328,198.328,188.412,28.532,28.389,73.3,120.9,47.6,64.5,0.88055,9.3699E+003,1.0000E+004
57,NONE,HOT,0.50,0.0,44.000,562.670,590.779,1231.232,1231.232,1619.498,1007.292,1007.292,14.696,16.527,198.328,198.328,188.412,25.357,25.230,58.6,106.3,47.6,54.1,0.92350,9.3699E+003,1.0000E+004
58,NONE,HOT,0.50,0.0,44.000,562.670,590.779,1231.232,1231.232,1557.906,939.375,939.375,14.696,16.527,198.328,198.328,188.412,22.598,22.485,44.0,91.6,47.6,45.3,1.02971,9.3699E+003,1.0000E+004
59,NONE,HOT,0.50,0.0,44.000,562.670,590.779,1231.232,1231.232,1505.420,881.500,881.500,14.696,16.527,198.328,198.328,188.412,20.260,20.159,29.3,77.0,47.6,37.8,1.28968,9.3699E+003,1.0000E+004
60,NONE,HOT,0.50,0.0,44.000,562.670,590.779,1231.232,1231.232,1461.653,833.258,833.258,14.696,16.527,198.328,198.328,188.412,18.331,18.240,14.7,62.3,47.6,31.6,2.15822,9.3699E+003,1.0000E+004
61,NONE,HOT,0.60,0.0,44.000,562.670,603.137,1255.045,1255.045,2200.000,1629.039,1629.039,14.696,17.750,212.998,212.998,202.348,51.780,51.521,138.4,195.5,57.2,139.4,1.00794,9.2734E+003,1.0000E+004
62,NONE,HOT,0.60,0.0,44.000,562.670,603.137,1255.045,1255.045,2081.134,1500.216,1500.216,14.696,17.750,212.998,212.998,202.348,46.798,46.564,124.5,181.7,57.2,120.6,0.96829,9.2734E+003,1.0000E+004
63,NONE,HOT,0.60,0.0,44.000,562.670,603.137,1255.045,1255.045,1973.668,1383.244,1383.244,14.696,17.750,212.998,212.998,202.348,42.119,41.909,110.7,167.8,57.2,103.8,0.93813,9.2734E+003,1.0000E+004
64,NONE,HOT,0.60,0.0,44.000,562.670,603.137,1255.045,1255.045,1876.929,1277.481,1277.481,14.696,17.750,212.998,212.998,202.348,37.776,37.587,96.8,154.0,57.2,89.0,0.91938,9.2734E+003,1.0000E+004
65,NONE,HOT,0.60,0.0,44.000,562.670,603.137,1255.045,1255.045,1790.857,1183.015,1183.015,14.696,17.750,212.998,212.998,202.348,33.825,33.656,83.0,140.2,57.2,76.1,0.91657,9.2734E+003,1.0000E+004
66,NONE,HOT,0.60,0.0,44.000,562.670,603.137,1255.045,1255.045,1713.470,1097.819,1097.819,14.696,17.750,212.998,212.998,202.348,30.216,30.065,69.2,126.3,57.2,64.6,0.93399,9.2734E+003,1.0000E+004
67,NONE,HOT,0.60,0.0,44.000,562.670,603.137,1255.045,1255.045,1644.612,1021.853,1021.853,14.696,17.750,212.998,212.998,202.348,26.976,26.841,55.3,112.5,57.2,54.5,0.98546,9.2734E+003,1.0000E+004
68,NONE,HOT,0.60,0.0,44.000,562.670,603.137,1255.045,1255.045,1583.937,954.842,954.842,14.696,17.750,212.998,212.998,202.348,24.103,23.982,41.5,98.7,57.2,45.8,1.10270,9.2734E+003,1.0000E+004
69,NONE,HOT,0.60,0.0,44.000,562.670,603.137,1255.045,1255.045,1530.726,896.063,896.063,14.696,17.750,212.998,212.998,202.348,21.616,21.508,27.7,84.8,57.2,38.2,1.37917,9.2734E+003,1.0000E+004
70,NONE,HOT,0.60,0.0,44.000,562.670,603.137,1255.045,1255.045,1485.773,846.409,846.409,14.696,17.750,212.998,212.998,202.348,19.519,19.422,13.8,71.0,57.2,31.8,2.29830,9.2734E+003,1.0000E+004
71,NONE,HOT,0.70,0.0,44.000,562.670,617.728,1283.718,1283.718,2200.000,1614.289,1614.289,14.696,19.317,231.810,231.810,220.219,54.152,53.881,130.1,196.8,66.7,135.4,1.04100,9.1632E+003,1.0000E+004
72,NONE,HOT,0.70,0.0,44.000,562.670,617.728,1283.718,1283.718,2088.228,1492.899,1492.899,14.696,19.317,231.810,231.810,220.219,49.087,48.842,117.1,183.8,66.7,117.7,1.00510,9.1632E+003,1.0000E+004
73,NONE,HOT,0.70,0.0,44.000,562.670,617.728,1283.718,1283.718,1986.440,1381.888,1381.888,14.696,19.317,231.810,231.810,220.219,44.318,44.097,104.1,170.8,66.7,101.8,0.97835,9.1632E+003,1.0000E+004
74,NONE,HOT,0.70,0.0,44.000,562.670,617.728,1283.718,1283.718,1894.147,1280.808,1280.808,14.696,19.317,231.810,231.810,220.219,39.877,39.678,91.1,157.8,66.7,87.7,0.96288,9.1632E+003,1.0000E+004
75,NONE,HOT,0.70,0.0,44.000,562.670,617.728,1283.718,1283.718,1811.816,1190.295,1190.295,14.696,19.317,231.810,231.810,220.219,35.836,35.657,78.1,144.8,66.7,75.3,0.96427,9.1632E+003,1.0000E+004
76,NONE,HOT,0.70,0.0,44.000,562.670,617.728,1283.718,1283.718,1737.546,1108.387,1108.387,14.696,19.317,231.810,231.810,220.219,32.139,31.978,65.0,131.7,66.7,64.2,0.98729,9.1632E+003,1.0000E+004
77,NONE,HOT,0.70,0.0,44.000,562.670,617.728,1283.718,1283.718,1671.196,1035.054,1035.054,14.696,19.317,231.810,231.810,220.219,28.812,28.667,52.0,118.7,66.7,54.5,1.04691,9.1632E+003,1.0000E+004
78,NONE,HOT,0.70,0.0,44.000,562.670,617.728,1283.718,1283.718,1611.952,969.496,969.496,14.696,19.317,231.810,231.810,220.219,25.832,25.703,39.0,105.7,66.7,45.9,1.17562,9.1632E+003,1.0000E+004
79,NONE,HOT,0.70,0.0,44.000,562.670,617.728,1283.718,1283.718,1559.152,911.042,911.042,14.696,19.317,231.810,231.810,220.219,23.206,23.090,26.0,92.7,66.7,38.3,1.47208,9.1632E+003,1.0000E+004
80,NONE,HOT,0.70,0.0,44.000,562.670,617.728,1283.718,1283.718,1513.623,860.631,860.631,14.696,19.317,231.810,231.810,220.219,20.936,20.832,13.0,79.7,66.7,31.8,2.44649,9.1632E+003,1.0000E+004
81,NONE,HOT,0.80,0.0,44.000,562.670,634.547,1316.578,1316.578,2200.000,1597.294,1597.294,14.696,21.243,254.913,254.913,242.168,56.853,56.569,121.7,197.9,76.2,130.8,1.07491,9.0409E+003,1.0000E+004
82,NONE,HOT,0.80,0.0,44.000,562.670,634.547,1316.578,1316.578,2095.331,1483.337,1483.337,14.696,21.243,254.913,254.913,242.168,51.682,51.424,109.5,185.7,76.2,114.2,1.04270,9.0409E+003,1.0000E+004
83,NONE,HOT,0.80,0.0,44.000,562.670,634.547,1316.578,1316.578,1999.356,1378.429,1378.429,14.696,21.243,254.913,254.913,242.168,46.804,46.570,97.3,173.6,76.2,99.2,1.01937,9.0409E+003,1.0000E+004
84,NONE,HOT,0.80,0.0,44.000,562.670,634.547,1316.578,1316.578,1912.287,1282.864,1282.864,14.696,21.243,254.913,254.913,242.168,42.273,42.061,85.2,161.4,76.2,85.9,1.00819,9.0409E+003,1.0000E+004
85,NONE,HOT,0.80,0.0,44.000,562.670,634.547,1316.578,1316.578,1833.419,1195.984,1195.984,14.696,21.243,254.913,254.913,242.168,38.100,37.909,73.0,149.2,76.2,74.0,1.01292,9.0409E+003,1.0000E+004
86,NONE,HOT,0.80,0.0,44.000,562.670,634.547,1316.578,1316.578,1762.699,1117.834,1117.834,14.696,21.243,254.913,254.913,242.168,34.316,34.144,60.8,137.1,76.2,63.4,1.04211,9.0409E+003,1.0000E+004
87,NONE,HOT,0.80,0.0,44.000,562.670,634.547,1316.578,1316.578,1698.980,1047.274,1047.274,14.696,21.243,254.913,254.913,242.168,30.884,30.730,48.7,124.9,76.2,54.0,1.10976,9.0409E+003,1.0000E+004
88,NONE,HOT,0.80,0.0,44.000,562.670,634.547,1316.578,1316.578,1641.767,983.813,983.813,14.696,21.243,254.913,254.913,242.168,27.804,27.665,36.5,112.7,76.2,45.7,1.25129,9.0409E+003,1.0000E+004
89,NONE,HOT,0.80,0.0,44.000,562.670,634.547,1316.578,1316.578,1590.170,926.549,926.549,14.696,21.243,254.913,254.913,242.168,25.054,24.928,24.3,100.6,76.2,38.2,1.57117,9.0409E+003,1.0000E+004
90,NONE,HOT,0.80,0.0,44.000,562.670,634.547,1316.578,1316.578,1544.426,875.770,875.770,14.696,21.243,254.913,254.913,242.168,22.615,22.502,12.2,88.4,76.2,31.7,2.60521,9.0409E+003,1.0000E+004
91,NONE,HOT,0.90,0.0,44.000,562.670,653.595,1353.563,1353.563,2200.000,1578.033,1578.033,14.696,23.578,282.937,282.937,268.790,59.843,59.544,113.0,198.8,85.8,125.6,1.11090,8.9082E+003,1.0000E+004
92,NONE,HOT,0.90,0.0,44.000,562.670,653.595,1353.563,1353.563,2102.471,1471.563,1471.563,14.696,23.578,282.937,282.937,268.790,54.556,54.283,101.7,187.5,85.8,110.1,1.08237,8.9082E+003,1.0000E+004
93,NONE,HOT,0.90,0.0,44.000,562.670,653.595,1353.563,1353.563,2012.962,1373.449,1373.449,14.696,23.578,282.937,282.937,268.790,49.580,49.332,90.4,176.2,85.8,96.1,1.06331,8.9082E+003,1.0000E+004
94,NONE,HOT,0.90,0.0,44.000,562.670,653.595,1353.563,1353.563,1931.086,1283.367,1283.367,14.696,23.578,282.937,282.937,268.790,44.942,44.718,79.1,164.9,85.8,83.6,1.05626,8.9082E+003,1.0000E+004
95,NONE,HOT,0.90,0.0,44.000,562.670,653.595,1353.563,1353.563,1856.439,1200.943,1200.943,14.696,23.578,282.937,282.937,268.790,40.658,40.455,67.8,153.6,85.8,72.3,1.06554,8.9082E+003,1.0000E+004
96,NONE,HOT,0.90,0.0,44.000,562.670,653.595,1353.563,1353.563,1789.101,1126.372,1126.372,14.696,23.578,282.937,282.937,268.790,36.760,36.576,56.5,142.3,85.8,62.2,1.10039,8.9082E+003,1.0000E+004
97,NONE,HOT,0.90,0.0,44.000,562.670,653.595,1353.563,1353.563,1728.661,1059.275,1059.275,14.696,23.578,282.937,282.937,268.790,33.232,33.066,45.2,131.0,85.8,53.2,1.17777,8.9082E+003,1.0000E+004
98,NONE,HOT,0.90,0.0,44.000,562.670,653.595,1353.563,1353.563,1673.252,997.677,997.677,14.696,23.578,282.937,282.937,268.790,30.028,29.878,33.9,119.7,85.8,45.1,1.33124,8.9082E+003,1.0000E+004
99,NONE,HOT,0.90,0.0,44.000,562.670,653.595,1353.563,1353.563,1623.787,942.628,942.628,14.696,23.578,282.937,282.937,268.790,27.176,27.041,22.6,108.4,85.8,38.0,1.67981,8.9082E+003,1.0000E+004
100,NONE,HOT,0.90,0.0,44.000,562.670,653.595,1353.563,1353.563,1578.521,892.244,892.244,14.696,23.578,282.937,282.937,268.790,24.589,24.466,11.3,97.1,85.8,31.5,2.78451,8.9082E+003,1.0000E+004
101,NONE,HOT,0.00,5000.0,24.700,525.539,525.536,1102.207,1102.207,2200.000,1705.367,1705.367,12.228,11.616,139.394,139.394,132.424,41.462,41.255,198.5,198.5,0.0,160.7,0.80914,9.9345E+003,1.0000E+004
102,NONE,HOT,0.00,5000.0,24.700,525.539,525.536,1102.207,1102.207,2020.724,1513.129,1513.129,12.228,11.616,139.394,139.394,132.424,36.403,36.220,178.7,178.7,0.0,132.2,0.73956,9.9345E+003,1.0000E+004
103,NONE,HOT,0.00,5000.0,24.700,525.539,525.536,1102.207,1102.207,1863.910,1343.959,1343.959,12.228,11.616,139.394,139.394,132.424,31.634,31.476,158.8,158.8,0.0,108.0,0.67965,9.9345E+003,1.0000E+004
104,NONE,HOT,0.00,5000.0,24.700,525.539,525.536,1102.207,1102.207,1729.221,1197.826,1197.826,12.228,11.616,139.394,139.394,132.424,27.303,27.166,139.0,139.0,0.0,87.7,0.63103,9.9345E+003,1.0000E+004
105,NONE,HOT,0.00,5000.0,24.700,525.539,525.536,1102.207,1102.207,1614.107,1072.433,1072.433,12.228,11.616,139.394,139.394,132.424,23.431,23.314,119.1,119.1,0.0,70.8,0.59422,9.9345E+003,1.0000E+004
106,NONE,HOT,0.00,5000.0,24.700,525.539,525.536,1102.207,1102.207,1515.899,965.245,965.245,12.228,11.616,139.394,139.394,132.424,20.040,19.939,99.3,99.3,0.0,56.7,0.57064,9.9345E+003,1.0000E+004
107,NONE,HOT,0.00,5000.0,24.700,525.539,525.536,1102.207,1102.207,1435.740,877.737,877.737,12.228,11.616,139.394,139.394,132.424,17.244,17.157,79.4,79.4,0.0,45.3,0.57050,9.9345E+003,1.0000E+004
108,NONE,HOT,0.00,5000.0,24.700,525.539,525.536,1102.207,1102.207,1372.442,808.714,808.714,12.228,11.616,139.394,139.394,132.424,15.041,14.965,59.6,59.6,0.0,36.5,0.61243,9.9345E+003,1.0000E+004
109,NONE,HOT,0.00,5000.0,24.700,525.539,525.536,1102.207,1102.207,1328.655,761.026,761.026,12.228,11.616,139.394,139.394,132.424,13.509,13.442,39.7,39.7,0.0,30.4,0.76645,9.9345E+003,1.0000E+004
110,NONE,HOT,0.00,5000.0,24.700,525.539,525.536,1102.207,1102.207,1301.562,731.584,731.584,12.228,11.616,139.394,139.394,132.424,12.594,12.531,19.9,19.9,0.0,26.7,1.34595,9.9345E+003,1.0000E+004
111,NONE,HOT,0.10,5000.0,24.700,525.539,526.586,1104.333,1104.333,2200.000,1704.311,1704.311,12.228,11.698,140.382,140.382,133.363,41.642,41.434,189.5,198.7,9.2,160.4,0.84618,9.9245E+003,1.0000E+004
112,NONE,HOT,0.10,5000.0,24.700,525.539,526.586,1104.333,1104.333,2028.449,1520.348,1520.348,12.228,11.698,140.382,140.382,133.363,36.774,36.590,170.6,179.8,9.2,133.1,0.78021,9.9245E+003,1.0000E+004
113,NONE,HOT,0.10,5000.0,24.700,525.539,526.586,1104.333,1104.333,1877.097,1357.110,1357.110,12.228,11.698,140.382,140.382,133.363,32.163,32.002,151.6,160.8,9.2,109.7,0.72341,9.9245E+003,1.0000E+004
114,NONE,HOT,0.10,5000.0,24.700,525.539,526.586,1104.333,1104.333,1746.476,1215.442,1215.442,12.228,11.698,140.382,140.382,133.363,27.957,27.817,132.7,141.9,9.2,90.0,0.67830,9.9245E+003,1.0000E+004
115,NONE,HOT,0.10,5000.0,24.700,525.539,526.586,1104.333,1104.333,1633.602,1092.530,1092.530,12.228,11.698,140.382,140.382,133.363,24.162,24.041,113.7,122.9,9.2,73.3,0.64501,9.9245E+003,1.0000E+004
116,NONE,HOT,0.10,5000.0,24.700,525.539,526.586,1104.333,1104.333,1536.651,986.722,986.722,12.228,11.698,140.382,140.382,133.363,20.810,20.706,94.8,104.0,9.2,59.3,0.62615,9.9245E+003,1.0000E+004
117,NONE,HOT,0.10,5000.0,24.700,525.539,526.586,1104.333,1104.333,1455.786,898.418,898.418,12.228,11.698,140.382,140.382,133.363,17.978,17.888,75.8,85.0,9.2,47.8,0.63116,9.9245E+003,1.0000E+004
118,NONE,HOT,0.10,5000.0,24.700,525.539,526.586,1104.333,1104.333,1390.857,827.572,827.572,12.228,11.698,140.382,140.382,133.363,15.698,15.620,56.9,66.1,9.2,38.8,0.68164,9.9245E+003,1.0000E+004
119,NONE,HOT,0.10,5000.0,24.700,525.539,526.586,1104.333,1104.333,1342.754,775.155,775.155,12.228,11.698,140.382,140.382,133.363,14.011,13.941,37.9,47.1,9.2,32.1,0.84675,9.9245E+003,1.0000E+004
120,NONE,HOT,0.10,5000.0,24.700,525.539,526.586,1104.333,1104.333,1310.688,740.270,740.270,12.228,11.698,140.382,140.382,133.363,12.904,12.839,19.0,28.2,9.2,27.7,1.46108,9.9245E+003,1.0000E+004
121,NONE,HOT,0.20,5000.0,24.700,525.539,529.737,1110.708,1110.708,2200.000,1701.125,1701.125,12.228,11.948,143.375,143.375,136.207,42.180,41.969,180.8,199.2,18.4,159.5,0.88208,9.8950E+003,1.0000E+004
122,NONE,HOT,0.20,5000.0,24.700,525.539,529.737,1110.708,1110.708,2035.901,1525.099,1525.099,12.228,11.948,143.375,143.375,136.207,37.432,37.245,162.7,181.1,18.4,133.4,0.81961,9.8950E+003,1.0000E+004
123,NONE,HOT,0.20,5000.0,24.700,525.539,529.737,1110.708,1110.708,1890.100,1367.831,1367.831,12.228,11.948,143.375,143.375,136.207,32.922,32.758,144.6,163.1,18.4,110.8,0.76600,9.8950E+003,1.0000E+004
124,NONE,HOT,0.20,5000.0,24.700,525.539,529.737,1110.708,1110.708,1763.571,1230.603,1230.603,12.228,11.948,143.375,143.375,136.207,28.788,28.644,126.6,145.0,18.4,91.7,0.72433,9.8950E+003,1.0000E+004
125,NONE,HOT,0.20,5000.0,24.700,525.539,529.737,1110.708,1110.708,1653.271,1110.490,1110.490,12.228,11.948,143.375,143.375,136.207,25.035,24.910,108.5,126.9,18.4,75.4,0.69467,9.8950E+003,1.0000E+004
126,NONE,HOT,0.20,5000.0,24.700,525.539,529.737,1110.708,1110.708,1557.949,1006.439,1006.439,12.228,11.948,143.375,143.375,136.207,21.697,21.589,90.4,108.8,18.4,61.5,0.68066,9.8950E+003,1.0000E+004
127,NONE,HOT,0.20,5000.0,24.700,525.539,529.737,1110.708,1110.708,1477.201,918.221,918.221,12.228,11.948,143.375,143.375,136.207,18.828,18.734,72.3,90.7,18.4,50.0,0.69161,9.8950E+003,1.0000E+004
128,NONE,HOT,0.20,5000.0,24.700,525.539,529.737,1110.708,1110.708,1411.020,845.944,845.944,12.228,11.948,143.375,143.375,136.207,16.456,16.374,54.2,72.7,18.4,40.7,0.75065,9.8950E+003,1.0000E+004
129,NONE,HOT,0.20,5000.0,24.700,525.539,529.737,1110.708,1110.708,1359.027,789.241,789.241,12.228,11.948,143.375,143.375,136.207,14.616,14.543,36.2,54.6,18.4,33.5,0.92622,9.8950E+003,1.0000E+004
130,NONE,HOT,0.20,5000.0,24.700,525.539,529.737,1110.708,1110.708,1322.818,749.802,749.802,12.228,11.948,143.375,143.375,136.207,13.329,13.262,18.1,36.5,18.4,28.5,1.57665,9.8950E+003,1.0000E+004
131,NONE,HOT,0.30,5000.0,24.700,525.539,534.989,1121.318,1121.318,2200.000,1695.828,1695.828,12.228,12.372,148.460,148.460,141.037,43.077,42.862,172.4,200.0,27.6,158.0,0.91670,9.8463E+003,1.0000E+004
132,NONE,HOT,0.30,5000.0,24.700,525.539,534.989,1121.318,1121.318,2043.052,1527.356,1527.356,12.228,12.372,148.460,148.460,141.037,38.385,38.193,155.1,182.8,27.6,133.0,0.85755,9.8463E+003,1.0000E+004
133,NONE,HOT,0.30,5000.0,24.700,525.539,534.989,1121.318,1121.318,1902.993,1376.228,1376.228,12.228,12.372,148.460,148.460,141.037,33.928,33.759,137.9,165.5,27.6,111.3,0.80729,9.8463E+003,1.0000E+004
134,NONE,HOT,0.30,5000.0,24.700,525.539,534.989,1121.318,1121.318,1780.455,1243.272,1243.272,12.228,12.372,148.460,148.460,141.037,29.811,29.662,120.7,148.3,27.6,92.8,0.76878,9.8463E+003,1.0000E+004
135,NONE,HOT,0.30,5000.0,24.700,525.539,534.989,1121.318,1121.318,1673.100,1126.321,1126.321,12.228,12.372,148.460,148.460,141.037,26.068,25.938,103.4,131.1,27.6,76.8,0.74292,9.8463E+003,1.0000E+004
136,NONE,HOT,0.30,5000.0,24.700,525.539,534.989,1121.318,1121.318,1579.862,1024.491,1024.491,12.228,12.372,148.460,148.460,141.037,22.724,22.611,86.2,113.8,27.6,63.3,0.73403,9.8463E+003,1.0000E+004
137,NONE,HOT,0.30,5000.0,24.700,525.539,534.989,1121.318,1121.318,1499.612,936.753,936.753,12.228,12.372,148.460,148.460,141.037,19.799,19.700,69.0,96.6,27.6,51.8,0.75093,9.8463E+003,1.0000E+004
138,NONE,HOT,0.30,5000.0,24.700,525.539,534.989,1121.318,1121.318,1432.398,863.267,863.267,12.228,12.372,148.460,148.460,141.037,17.330,17.243,51.7,79.3,27.6,42.3,0.81783,9.8463E+003,1.0000E+004
139,NONE,HOT,0.30,5000.0,24.700,525.539,534.989,1121.318,1121.318,1377.537,803.368,803.368,12.228,12.372,148.460,148.460,141.037,15.340,15.263,34.5,62.1,27.6,34.6,1.00488,9.8463E+003,1.0000E+004
140,NONE,HOT,0.30,5000.0,24.700,525.539,534.989,1121.318,1121.318,1337.559,759.762,759.762,12.228,12.372,148.460,148.460,141.037,13.878,13.809,17.2,44.9,27.6,29.1,1.68946,9.8463E+003,1.0000E+004
141,NONE,HOT,0.40,5000.0,24.700,525.539,542.342,1136.140,1136.140,2200.000,1688.401,1688.401,12.228,12.982,155.781,155.781,147.992,44.332,44.111,164.2,201.0,36.8,156.0,0.95004,9.7793E+003,1.0000E+004
142,NONE,HOT,0.40,5000.0,24.700,525.539,542.342,1136.140,1136.140,2050.089,1527.328,1527.328,12.228,12.982,155.781,155.781,147.992,39.641,39.443,147.8,184.6,36.8,132.1,0.89413,9.7793E+003,1.0000E+004
143,NONE,HOT,0.40,5000.0,24.700,525.539,542.342,1136.140,1136.140,1915.794,1382.286,1382.286,12.228,12.982,155.781,155.781,147.992,35.185,35.009,131.3,168.2,36.8,111.3,0.84718,9.7793E+003,1.0000E+004
144,NONE,HOT,0.40,5000.0,24.700,525.539,542.342,1136.140,1136.140,1797.078,1253.424,1253.424,12.228,12.982,155.781,155.781,147.992,31.043,30.888,114.9,151.8,36.8,93.3,0.81144,9.7793E+003,1.0000E+004
145,NONE,HOT,0.40,5000.0,24.700,525.539,542.342,1136.140,1136.140,1693.123,1140.082,1140.082,12.228,12.982,155.781,155.781,147.992,27.280,27.143,98.5,135.3,36.8,77.8,0.78966,9.7793E+003,1.0000E+004
146,NONE,HOT,0.40,5000.0,24.700,525.539,542.342,1136.140,1136.140,1602.076,1040.575,1040.575,12.228,12.982,155.781,155.781,147.992,23.897,23.778,82.1,118.9,36.8,64.5,0.78559,9.7793E+003,1.0000E+004
147,NONE,HOT,0.40,5000.0,24.700,525.539,542.342,1136.140,1136.140,1523.036,954.051,954.051,12.228,12.982,155.781,155.781,147.992,20.906,20.801,65.7,102.5,36.8,53.1,0.80899,9.7793E+003,1.0000E+004
148,NONE,HOT,0.40,5000.0,24.700,525.539,542.342,1136.140,1136.140,1455.070,879.653,879.653,12.228,12.982,155.781,155.781,147.992,18.334,18.242,49.3,86.1,36.8,43.5,0.88314,9.7793E+003,1.0000E+004
149,NONE,HOT,0.40,5000.0,24.700,525.539,542.342,1136.140,1136.140,1398.573,817.876,817.876,12.228,12.982,155.781,155.781,147.992,16.208,16.126,32.8,69.7,36.8,35.6,1.08396,9.7793E+003,1.0000E+004
150,NONE,HOT,0.40,5000.0,24.700,525.539,542.342,1136.140,1136.140,1355.166,770.449,770.449,12.228,12.982,155.781,155.781,147.992,14.565,14.492,16.4,53.3,36.8,29.6,1.80148,9.7793E+003,1.0000E+004
151,NONE,HOT,0.50,5000.0,24.700,525.539,551.795,1155.044,1155.044,2200.000,1678.965,1678.965,12.228,13.795,165.537,165.537,157.260,45.957,45.727,156.1,202.2,46.0,153.4,0.98226,9.6952E+003,1.0000E+004
152,NONE,HOT,0.50,5000.0,24.700,525.539,551.795,1155.044,1155.044,2057.204,1525.316,1525.316,12.228,13.795,165.537,165.537,157.260,41.221,41.015,140.5,186.6,46.0,130.6,0.92968,9.6952E+003,1.0000E+004
153,NONE,HOT,0.50,5000.0,24.700,525.539,551.795,1155.044,1155.044,1928.446,1386.096,1386.096,12.228,13.795,165.537,165.537,157.260,36.713,36.529,124.9,171.0,46.0,110.6,0.88572,9.6952E+003,1.0000E+004
154,NONE,HOT,0.50,5000.0,24.700,525.539,551.795,1155.044,1155.044,1813.641,1261.340,1261.340,12.228,13.795,165.537,165.537,157.260,32.502,32.339,109.3,155.3,46.0,93.2,0.85252,9.6952E+003,1.0000E+004
155,NONE,HOT,0.50,5000.0,24.700,525.539,551.795,1155.044,1155.044,1713.270,1151.811,1151.811,12.228,13.795,165.537,165.537,157.260,28.687,28.543,93.7,139.7,46.0,78.2,0.83479,9.6952E+003,1.0000E+004
156,NONE,HOT,0.50,5000.0,24.700,525.539,551.795,1155.044,1155.044,1624.687,1054.875,1054.875,12.228,13.795,165.537,165.537,157.260,25.239,25.113,78.1,124.1,46.0,65.2,0.83544,9.6952E+003,1.0000E+004
157,NONE,HOT,0.50,5000.0,24.700,525.539,551.795,1155.044,1155.044,1546.977,969.709,969.709,12.228,13.795,165.537,165.537,157.260,22.173,22.062,62.5,108.5,46.0,54.0,0.86479,9.6952E+003,1.0000E+004
158,NONE,HOT,0.50,5000.0,24.700,525.539,551.795,1155.044,1155.044,1479.055,895.253,895.253,12.228,13.795,165.537,165.537,157.260,19.486,19.388,46.8,92.9,46.0,44.3,0.94680,9.6952E+003,1.0000E+004
159,NONE,HOT,0.50,5000.0,24.700,525.539,551.795,1155.044,1155.044,1421.880,832.602,832.602,12.228,13.795,165.537,165.537,157.260,17.225,17.139,31.2,77.3,46.0,36.3,1.16294,9.6952E+003,1.0000E+004
160,NONE,HOT,0.50,5000.0,24.700,525.539,551.795,1155.044,1155.044,1375.569,781.923,781.923,12.228,13.795,165.537,165.537,157.260,15.404,15.327,15.6,61.7,46.0,29.9,1.91336,9.6952E+003,1.0000E+004
161,NONE,HOT,0.60,5000.0,24.700,525.539,563.349,1177.880,1177.880,2200.000,1667.575,1667.575,12.228,14.832,177.987,177.987,169.088,47.951,47.712,148.1,203.4,55.3,150.2,1.01394,9.5953E+003,1.0000E+004
162,NONE,HOT,0.60,5000.0,24.700,525.539,563.349,1177.880,1177.880,2063.971,1520.971,1520.971,12.228,14.832,177.987,177.987,169.088,43.119,42.903,133.3,188.6,55.3,128.6,0.96427,9.5953E+003,1.0000E+004
163,NONE,HOT,0.60,5000.0,24.700,525.539,563.349,1177.880,1177.880,1940.816,1387.614,1387.614,12.228,14.832,177.987,177.987,169.088,38.519,38.326,118.5,173.8,55.3,109.4,0.92321,9.5953E+003,1.0000E+004
164,NONE,HOT,0.60,5000.0,24.700,525.539,563.349,1177.880,1177.880,1830.733,1267.832,1267.832,12.228,14.832,177.987,177.987,169.088,34.229,34.057,103.7,158.9,55.3,92.6,0.89338,9.5953E+003,1.0000E+004
165,NONE,HOT,0.60,5000.0,24.700,525.539,563.349,1177.880,1177.880,1733.356,1161.435,1161.435,12.228,14.832,177.987,177.987,169.088,30.308,30.157,88.9,144.1,55.3,78.1,0.87845,9.5953E+003,1.0000E+004
166,NONE,HOT,0.60,5000.0,24.700,525.539,563.349,1177.880,1177.880,1647.526,1067.381,1067.381,12.228,14.832,177.987,177.987,169.088,26.777,26.643,74.1,129.3,55.3,65.5,0.88376,9.5953E+003,1.0000E+004
167,NONE,HOT,0.60,5000.0,24.700,525.539,563.349,1177.880,1177.880,1571.492,983.927,983.927,12.228,14.832,177.987,177.987,169.088,23.612,23.494,59.3,114.5,55.3,54.5,0.91890,9.5953E+003,1.0000E+004
168,NONE,HOT,0.60,5000.0,24.700,525.539,563.349,1177.880,1177.880,1504.488,910.344,910.344,12.228,14.832,177.987,177.987,169.088,20.815,20.711,44.4,99.7,55.3,44.9,1.00989,9.5953E+003,1.0000E+004
169,NONE,HOT,0.60,5000.0,24.700,525.539,563.349,1177.880,1177.880,1447.208,847.448,847.448,12.228,14.832,177.987,177.987,169.088,18.410,18.318,29.6,84.9,55.3,36.8,1.24205,9.5953E+003,1.0000E+004
170,NONE,HOT,0.60,5000.0,24.700,525.539,563.349,1177.880,1177.880,1398.622,794.179,794.179,12.228,14.832,177.987,177.987,169.088,16.414,16.332,14.8,70.1,55.3,30.0,2.02622,9.5953E+003,1.0000E+004
171,NONE,HOT,0.70,5000.0,24.700,525.539,577.003,1204.599,1204.599,2200.000,1654.248,1654.248,12.228,16.120,193.438,193.438,183.766,50.303,50.052,140.1,204.6,64.5,146.5,1.04555,9.4810E+003,1.0000E+004
172,NONE,HOT,0.70,5000.0,24.700,525.539,577.003,1204.599,1204.599,2070.729,1514.660,1514.660,12.228,16.120,193.438,193.438,183.766,45.337,45.110,126.1,190.6,64.5,125.9,0.99869,9.4810E+003,1.0000E+004
173,NONE,HOT,0.70,5000.0,24.700,525.539,577.003,1204.599,1204.599,1953.499,1387.496,1387.496,12.228,16.120,193.438,193.438,183.766,40.620,40.417,112.1,176.5,64.5,107.7,0.96078,9.4810E+003,1.0000E+004
174,NONE,HOT,0.70,5000.0,24.700,525.539,577.003,1204.599,1204.599,1848.080,1272.605,1272.605,12.228,16.120,193.438,193.438,183.766,36.215,36.034,98.1,162.5,64.5,91.6,0.93403,9.4810E+003,1.0000E+004
175,NONE,HOT,0.70,5000.0,24.700,525.539,577.003,1204.599,1204.599,1753.819,1169.451,1169.451,12.228,16.120,193.438,193.438,183.766,32.159,31.998,84.1,148.5,64.5,77.5,0.92163,9.4810E+003,1.0000E+004
176,NONE,HOT,0.70,5000.0,24.700,525.539,577.003,1204.599,1204.599,1670.908,1078.449,1078.449,12.228,16.120,193.438,193.438,183.766,28.523,28.380,70.1,134.5,64.5,65.3,0.93140,9.4810E+003,1.0000E+004
177,NONE,HOT,0.70,5000.0,24.700,525.539,577.003,1204.599,1204.599,1596.728,996.888,996.888,12.228,16.120,193.438,193.438,183.766,25.237,25.111,56.0,120.5,64.5,54.5,0.97191,9.4810E+003,1.0000E+004
178,NONE,HOT,0.70,5000.0,24.700,525.539,577.003,1204.599,1204.599,1531.596,925.207,925.207,12.228,16.120,193.438,193.438,183.766,22.337,22.225,42.0,106.5,64.5,45.1,1.07367,9.4810E+003,1.0000E+004
179,NONE,HOT,0.70,5000.0,24.700,525.539,577.003,1204.599,1204.599,1474.499,862.375,862.375,12.228,16.120,193.438,193.438,183.766,19.788,19.689,28.0,92.5,64.5,37.0,1.32177,9.4810E+003,1.0000E+004
180,NONE,HOT,0.70,5000.0,24.700,525.539,577.003,1204.599,1204.599,1424.845,807.794,807.794,12.228,16.120,193.438,193.438,183.766,17.624,17.536,14.0,78.5,64.5,30.1,2.14658,9.4810E+003,1.0000E+004
181,NONE,HOT,0.80,5000.0,24.700,525.539,592.759,1235.032,1235.032,2200.000,1639.081,1639.081,12.228,17.686,212.236,212.236,201.624,53.004,52.739,132.0,205.6,73.7,142.2,1.07785,9.3542E+003,1.0000E+004
182,NONE,HOT,0.80,5000.0,24.700,525.539,592.759,1235.032,1235.032,2077.856,1506.901,1506.901,12.228,17.686,212.236,212.236,201.624,47.884,47.644,118.8,192.4,73.7,122.8,1.03417,9.3542E+003,1.0000E+004
183,NONE,HOT,0.80,5000.0,24.700,525.539,592.759,1235.032,1235.032,1966.568,1385.937,1385.937,12.228,17.686,212.236,212.236,201.624,43.023,42.808,105.6,179.2,73.7,105.5,0.99933,9.3542E+003,1.0000E+004
184,NONE,HOT,0.80,5000.0,24.700,525.539,592.759,1235.032,1235.032,1865.857,1275.971,1275.971,12.228,17.686,212.236,212.236,201.624,38.473,38.281,92.4,166.0,73.7,90.1,0.97550,9.3542E+003,1.0000E+004
185,NONE,HOT,0.80,5000.0,24.700,525.539,592.759,1235.032,1235.032,1775.553,1176.972,1176.972,12.228,17.686,212.236,212.236,201.624,34.289,34.117,79.2,152.9,73.7,76.5,0.96673,9.3542E+003,1.0000E+004
186,NONE,HOT,0.80,5000.0,24.700,525.539,592.759,1235.032,1235.032,1695.085,1088.488,1088.488,12.228,17.686,212.236,212.236,201.624,30.499,30.346,66.0,139.7,73.7,64.6,0.97966,9.3542E+003,1.0000E+004
187,NONE,HOT,0.80,5000.0,24.700,525.539,592.759,1235.032,1235.032,1623.424,1009.532,1009.532,12.228,17.686,212.236,212.236,201.624,27.091,26.956,52.8,126.5,73.7,54.2,1.02658,9.3542E+003,1.0000E+004
188,NONE,HOT,0.80,5000.0,24.700,525.539,592.759,1235.032,1235.032,1560.232,939.832,939.832,12.228,17.686,212.236,212.236,201.624,24.071,23.950,39.6,113.3,73.7,45.1,1.13894,9.3542E+003,1.0000E+004
189,NONE,HOT,0.80,5000.0,24.700,525.539,592.759,1235.032,1235.032,1503.700,877.479,877.479,12.228,17.686,212.236,212.236,201.624,21.384,21.277,26.4,100.1,73.7,37.0,1.40355,9.3542E+003,1.0000E+004
190,NONE,HOT,0.80,5000.0,24.700,525.539,592.759,1235.032,1235.032,1454.123,822.827,822.827,12.228,17.686,212.236,212.236,201.624,19.062,18.967,13.2,86.9,73.7,30.1,2.27784,9.3542E+003,1.0000E+004
191,NONE,HOT,0.90,5000.0,24.700,525.539,610.593,1269.713,1269.713,2200.000,1621.503,1621.503,12.228,19.613,235.357,235.357,223.589,56.065,55.784,123.6,206.5,82.9,137.4,1.11117,9.2166E+003,1.0000E+004
192,NONE,HOT,0.90,5000.0,24.700,525.539,610.593,1269.713,1269.713,2085.478,1497.255,1497.255,12.228,19.613,235.357,235.357,223.589,50.779,50.525,111.3,194.2,82.9,119.2,1.07119,9.2166E+003,1.0000E+004
193,NONE,HOT,0.90,5000.0,24.700,525.539,610.593,1269.713,1269.713,1980.263,1382.620,1382.620,12.228,19.613,235.357,235.357,223.589,45.747,45.518,98.9,181.8,82.9,102.8,1.03940,9.2166E+003,1.0000E+004
194,NONE,HOT,0.90,5000.0,24.700,525.539,610.593,1269.713,1269.713,1884.790,1278.145,1278.145,12.228,19.613,235.357,235.357,223.589,41.046,40.841,86.6,169.4,82.9,88.2,1.01906,9.2166E+003,1.0000E+004
195,NONE,HOT,0.90,5000.0,24.700,525.539,610.593,1269.713,1269.713,1798.594,1183.463,1183.463,12.228,19.613,235.357,235.357,223.589,36.713,36.529,74.2,157.1,82.9,75.2,1.01394,9.2166E+003,1.0000E+004
196,NONE,HOT,0.90,5000.0,24.700,525.539,610.593,1269.713,1269.713,1720.826,1097.750,1097.750,12.228,19.613,235.357,235.357,223.589,32.741,32.578,61.8,144.7,82.9,63.7,1.03002,9.2166E+003,1.0000E+004
197,NONE,HOT,0.90,5000.0,24.700,525.539,610.593,1269.713,1269.713,1652.055,1021.799,1021.799,12.228,19.613,235.357,235.357,223.589,29.204,29.058,49.5,132.3,82.9,53.6,1.08394,9.2166E+003,1.0000E+004
198,NONE,HOT,0.90,5000.0,24.700,525.539,610.593,1269.713,1269.713,1591.038,954.335,954.335,12.228,19.613,235.357,235.357,223.589,26.051,25.921,37.1,120.0,82.9,44.8,1.20735,9.2166E+003,1.0000E+004
199,NONE,HOT,0.90,5000.0,24.700,525.539,610.593,1269.713,1269.713,1535.622,893.050,893.050,12.228,19.613,235.357,235.357,223.589,23.223,23.107,24.7,107.6,82.9,36.9,1.49052,9.2166E+003,1.0000E+004
200,NONE,HOT,0.90,5000.0,24.700,525.539,610.593,1269.713,1269.713,1486.845,839.115,839.115,12.228,19.613,235.357,235.357,223.589,20.754,20.650,12.4,95.2,82.9,30.0,2.42250,9.2166E+003,1.0000E+004
201,NONE,HOT,0.00,10000.0,4.900,487.908,487.908,1026.800,1026.800,2200.000,1742.095,1742.095,10.107,9.601,115.214,115.214,109.453,37.663,37.475,206.0,206.0,0.0,171.0,0.82984,1.0310E+004,1.0000E+004
202,NONE,HOT,0.00,10000.0,4.900,487.908,487.908,1026.800,1026.800,2001.976,1530.876,1530.876,10.107,9.601,115.214,115.214,109.453,33.030,32.865,185.4,185.4,0.0,139.5,0.75207,1.0310E+004,1.0000E+004
203,NONE,HOT,0.00,10000.0,4.900,487.908,487.908,1026.800,1026.800,1828.722,1344.895,1344.895,10.107,9.601,115.214,115.214,109.453,28.586,28.443,164.8,164.8,0.0,112.8,0.68416,1.0310E+004,1.0000E+004
204,NONE,HOT,0.00,10000.0,4.900,487.908,487.908,1026.800,1026.800,1680.296,1184.633,1184.633,10.107,9.601,115.214,115.214,109.453,24.493,24.370,144.2,144.2,0.0,90.6,0.62789,1.0310E+004,1.0000E+004
205,NONE,HOT,0.00,10000.0,4.900,487.908,487.908,1026.800,1026.800,1554.247,1048.024,1048.024,10.107,9.601,115.214,115.214,109.453,20.808,20.704,123.6,123.6,0.0,72.2,0.58384,1.0310E+004,1.0000E+004
206,NONE,HOT,0.00,10000.0,4.900,487.908,487.908,1026.800,1026.800,1448.191,932.918,932.918,10.107,9.601,115.214,115.214,109.453,17.606,17.518,103.0,103.0,0.0,57.1,0.55382,1.0310E+004,1.0000E+004
207,NONE,HOT,0.00,10000.0,4.900,487.908,487.908,1026.800,1026.800,1360.544,837.841,837.841,10.107,9.601,115.214,115.214,109.453,14.905,14.831,82.4,82.4,0.0,44.8,0.54351,1.0310E+004,1.0000E+004
208,NONE,HOT,0.00,10000.0,4.900,487.908,487.908,1026.800,1026.800,1293.027,764.734,764.734,10.107,9.601,115.214,115.214,109.453,12.820,12.756,61.8,61.8,0.0,35.5,0.57422,1.0310E+004,1.0000E+004
209,NONE,HOT,0.00,10000.0,4.900,487.908,487.908,1026.800,1026.800,1243.839,711.616,711.616,10.107,9.601,115.214,115.214,109.453,11.324,11.267,41.2,41.2,0.0,28.8,0.69880,1.0310E+004,1.0000E+004
210,NONE,HOT,0.00,10000.0,4.900,487.908,487.908,1026.800,1026.800,1215.078,680.609,680.609,10.107,9.601,115.214,115.214,109.453,10.446,10.393,20.6,20.6,0.0,24.9,1.20898,1.0310E+004,1.0000E+004
211,NONE,HOT,0.10,10000.0,4.900,487.908,488.886,1028.722,1028.722,2200.000,1741.187,1741.187,10.107,9.666,115.997,115.997,110.197,37.831,37.642,197.3,206.2,8.9,170.7,0.86516,1.0300E+004,1.0000E+004
212,NONE,HOT,0.10,10000.0,4.900,487.908,488.886,1028.722,1028.722,2009.893,1538.400,1538.400,10.107,9.666,115.997,115.997,110.197,33.360,33.193,177.6,186.5,8.9,140.4,0.79078,1.0300E+004,1.0000E+004
213,NONE,HOT,0.10,10000.0,4.900,487.908,488.886,1028.722,1028.722,1842.408,1358.666,1358.666,10.107,9.666,115.997,115.997,110.197,29.060,28.915,157.9,166.7,8.9,114.6,0.72590,1.0300E+004,1.0000E+004
214,NONE,HOT,0.10,10000.0,4.900,487.908,488.886,1028.722,1028.722,1697.553,1202.334,1202.334,10.107,9.666,115.997,115.997,110.197,25.070,24.944,138.1,147.0,8.9,92.9,0.67225,1.0300E+004,1.0000E+004
215,NONE,HOT,0.10,10000.0,4.900,487.908,488.886,1028.722,1028.722,1574.245,1068.708,1068.708,10.107,9.666,115.997,115.997,110.197,21.468,21.361,118.4,127.3,8.9,74.8,0.63185,1.0300E+004,1.0000E+004
216,NONE,HOT,0.10,10000.0,4.900,487.908,488.886,1028.722,1028.722,1469.315,954.818,954.818,10.107,9.666,115.997,115.997,110.197,18.290,18.198,98.7,107.5,8.9,59.8,0.60598,1.0300E+004,1.0000E+004
217,NONE,HOT,0.10,10000.0,4.900,487.908,488.886,1028.722,1028.722,1381.127,859.114,859.114,10.107,9.666,115.997,115.997,110.197,15.568,15.490,78.9,87.8,8.9,47.4,0.60054,1.0300E+004,1.0000E+004
218,NONE,HOT,0.10,10000.0,4.900,487.908,488.886,1028.722,1028.722,1310.865,782.987,782.987,10.107,9.666,115.997,115.997,110.197,13.395,13.328,59.2,68.1,8.9,37.7,0.63661,1.0300E+004,1.0000E+004
219,NONE,HOT,0.10,10000.0,4.900,487.908,488.886,1028.722,1028.722,1258.643,726.531,726.531,10.107,9.666,115.997,115.997,110.197,11.782,11.723,39.5,48.3,8.9,30.6,0.77417,1.0300E+004,1.0000E+004
220,NONE,HOT,0.10,10000.0,4.900,487.908,488.886,1028.722,1028.722,1223.686,688.827,688.827,10.107,9.666,115.997,115.997,110.197,10.714,10.661,19.7,28.6,8.9,25.8,1.30844,1.0300E+004,1.0000E+004
221,NONE,HOT,0.20,10000.0,4.900,487.908,491.819,1034.473,1034.473,2200.000,1738.465,1738.465,10.107,9.864,118.363,118.363,112.445,38.336,38.144,188.9,206.7,17.8,169.9,0.89949,1.0269E+004,1.0000E+004
222,NONE,HOT,0.20,10000.0,4.900,487.908,491.819,1034.473,1034.473,2017.501,1543.739,1543.739,10.107,9.864,118.363,118.363,112.445,33.962,33.792,170.0,187.8,17.8,140.8,0.82840,1.0269E+004,1.0000E+004
223,NONE,HOT,0.20,10000.0,4.900,487.908,491.819,1034.473,1034.473,1855.716,1370.113,1370.113,10.107,9.864,118.363,118.363,112.445,29.748,29.599,151.1,168.9,17.8,115.8,0.76649,1.0269E+004,1.0000E+004
224,NONE,HOT,0.20,10000.0,4.900,487.908,491.819,1034.473,1034.473,1714.695,1217.912,1217.912,10.107,9.864,118.363,118.363,112.445,25.812,25.683,132.2,150.0,17.8,94.6,0.71556,1.0269E+004,1.0000E+004
225,NONE,HOT,0.20,10000.0,4.900,487.908,491.819,1034.473,1034.473,1593.824,1086.941,1086.941,10.107,9.864,118.363,118.363,112.445,22.249,22.137,113.3,131.1,17.8,76.9,0.67825,1.0269E+004,1.0000E+004
226,NONE,HOT,0.20,10000.0,4.900,487.908,491.819,1034.473,1034.473,1490.350,974.596,974.596,10.107,9.864,118.363,118.363,112.445,19.079,18.984,94.5,112.2,17.8,62.0,0.65650,1.0269E+004,1.0000E+004
227,NONE,HOT,0.20,10000.0,4.900,487.908,491.819,1034.473,1034.473,1402.100,878.781,878.781,10.107,9.864,118.363,118.363,112.445,16.322,16.241,75.6,93.3,17.8,49.6,0.65597,1.0269E+004,1.0000E+004
228,NONE,HOT,0.20,10000.0,4.900,487.908,491.819,1034.473,1034.473,1330.020,800.603,800.603,10.107,9.864,118.363,118.363,112.445,14.053,13.983,56.7,74.4,17.8,39.6,0.69809,1.0269E+004,1.0000E+004
229,NONE,HOT,0.20,10000.0,4.900,487.908,491.819,1034.473,1034.473,1275.391,741.468,741.468,10.107,9.864,118.363,118.363,112.445,12.325,12.263,37.8,55.5,17.8,32.1,0.84898,1.0269E+004,1.0000E+004
230,NONE,HOT,0.20,10000.0,4.900,487.908,491.819,1034.473,1034.473,1234.856,697.706,697.706,10.107,9.864,118.363,118.363,112.445,11.076,11.021,18.9,36.6,17.8,26.6,1.40665,1.0269E+004,1.0000E+004
231,NONE,HOT,0.30,10000.0,4.900,487.908,496.707,1043.978,1043.978,2200.000,1733.990,1733.990,10.107,10.197,122.360,122.360,116.242,39.181,38.985,180.8,207.4,26.6,168.6,0.93278,1.0219E+004,1.0000E+004
232,NONE,HOT,0.30,10000.0,4.900,487.908,496.707,1043.978,1043.978,2024.798,1546.949,1546.949,10.107,10.197,122.360,122.360,116.242,34.845,34.671,162.7,189.3,26.6,140.7,0.86479,1.0219E+004,1.0000E+004
233,NONE,HOT,0.30,10000.0,4.900,487.908,496.707,1043.978,1043.978,1868.614,1379.275,1379.275,10.107,10.197,122.360,122.360,116.242,30.664,30.510,144.6,171.2,26.6,116.5,0.80573,1.0219E+004,1.0000E+004
234,NONE,HOT,0.30,10000.0,4.900,487.908,496.707,1043.978,1043.978,1731.410,1231.156,1231.156,10.107,10.197,122.360,122.360,116.242,26.734,26.600,126.5,153.2,26.6,95.8,0.75735,1.0219E+004,1.0000E+004
235,NONE,HOT,0.30,10000.0,4.900,487.908,496.707,1043.978,1043.978,1613.250,1103.086,1103.086,10.107,10.197,122.360,122.360,116.242,23.172,23.057,108.5,135.1,26.6,78.4,0.72315,1.0219E+004,1.0000E+004
236,NONE,HOT,0.30,10000.0,4.900,487.908,496.707,1043.978,1043.978,1511.281,992.320,992.320,10.107,10.197,122.360,122.360,116.242,19.979,19.880,90.4,117.0,26.6,63.7,0.70511,1.0219E+004,1.0000E+004
237,NONE,HOT,0.30,10000.0,4.900,487.908,496.707,1043.978,1043.978,1423.741,897.186,897.186,10.107,10.197,122.360,122.360,116.242,17.178,17.092,72.3,98.9,26.6,51.3,0.71002,1.0219E+004,1.0000E+004
238,NONE,HOT,0.30,10000.0,4.900,487.908,496.707,1043.978,1043.978,1350.885,818.082,818.082,10.107,10.197,122.360,122.360,116.242,14.824,14.750,54.2,80.9,26.6,41.2,0.75954,1.0219E+004,1.0000E+004
239,NONE,HOT,0.30,10000.0,4.900,487.908,496.707,1043.978,1043.978,1293.531,755.916,755.916,10.107,10.197,122.360,122.360,116.242,12.962,12.898,36.2,62.8,26.6,33.3,0.92113,1.0219E+004,1.0000E+004
240,NONE,HOT,0.30,10000.0,4.900,487.908,496.707,1043.978,1043.978,1248.846,707.613,707.613,10.107,10.197,122.360,122.360,116.242,11.551,11.493,18.1,44.7,26.6,27.2,1.50575,1.0219E+004,1.0000E+004
241,NONE,HOT,0.40,10000.0,4.900,487.908,503.544,1057.521,1057.521,2200.000,1727.486,1727.486,10.107,10.689,128.265,128.265,121.852,40.393,40.191,172.9,208.4,35.5,166.8,0.96473,1.0149E+004,1.0000E+004
242,NONE,HOT,0.40,10000.0,4.900,487.908,503.544,1057.521,1057.521,2031.874,1547.850,1547.850,10.107,10.689,128.265,128.265,121.852,36.037,35.857,155.6,191.1,35.5,140.0,0.89968,1.0149E+004,1.0000E+004
243,NONE,HOT,0.40,10000.0,4.900,487.908,503.544,1057.521,1057.521,1881.211,1385.992,1385.992,10.107,10.689,128.265,128.265,121.852,31.833,31.674,138.3,173.8,35.5,116.6,0.84332,1.0149E+004,1.0000E+004
244,NONE,HOT,0.40,10000.0,4.900,487.908,503.544,1057.521,1057.521,1748.394,1242.526,1242.526,10.107,10.689,128.265,128.265,121.852,27.876,27.737,121.0,156.5,35.5,96.6,0.79793,1.0149E+004,1.0000E+004
245,NONE,HOT,0.40,10000.0,4.900,487.908,503.544,1057.521,1057.521,1632.825,1117.182,1117.182,10.107,10.689,128.265,128.265,121.852,24.269,24.148,103.7,139.2,35.5,79.5,0.76635,1.0149E+004,1.0000E+004
246,NONE,HOT,0.40,10000.0,4.900,487.908,503.544,1057.521,1057.521,1532.611,1008.237,1008.237,10.107,10.689,128.265,128.265,121.852,21.022,20.917,86.4,121.9,35.5,65.0,0.75186,1.0149E+004,1.0000E+004
247,NONE,HOT,0.40,10000.0,4.900,487.908,503.544,1057.521,1057.521,1446.365,914.405,914.405,10.107,10.689,128.265,128.265,121.852,18.164,18.074,69.1,104.7,35.5,52.7,0.76260,1.0149E+004,1.0000E+004
248,NONE,HOT,0.40,10000.0,4.900,487.908,503.544,1057.521,1057.521,1373.168,834.820,834.820,10.107,10.689,128.265,128.265,121.852,15.711,15.633,51.9,87.4,35.5,42.5,0.81938,1.0149E+004,1.0000E+004
249,NONE,HOT,0.40,10000.0,4.900,487.908,503.544,1057.521,1057.521,1313.421,769.965,769.965,10.107,10.689,128.265,128.265,121.852,13.714,13.645,34.6,70.1,35.5,34.2,0.99053,1.0149E+004,1.0000E+004
250,NONE,HOT,0.40,10000.0,4.900,487.908,503.544,1057.521,1057.521,1265.713,718.302,718.302,10.107,10.689,128.265,128.265,121.852,12.143,12.083,17.3,52.8,35.5,27.7,1.60414,1.0149E+004,1.0000E+004
251,NONE,HOT,0.50,10000.0,4.900,487.908,512.326,1075.395,1075.395,2200.000,1718.675,1718.675,10.107,11.365,136.379,136.379,129.560,41.986,41.776,165.1,209.5,44.4,164.3,0.99535,1.0062E+004,1.0000E+004
252,NONE,HOT,0.50,10000.0,4.900,487.908,512.326,1075.395,1075.395,2038.877,1546.299,1546.299,10.107,11.365,136.379,136.379,129.560,37.550,37.362,148.6,193.0,44.4,138.7,0.93311,1.0062E+004,1.0000E+004
253,NONE,HOT,0.50,10000.0,4.900,487.908,512.326,1075.395,1075.395,1893.931,1390.420,1390.420,10.107,11.365,136.379,136.379,129.560,33.278,33.112,132.1,176.5,44.4,116.2,0.87950,1.0062E+004,1.0000E+004
254,NONE,HOT,0.50,10000.0,4.900,487.908,512.326,1075.395,1075.395,1765.501,1251.559,1251.559,10.107,11.365,136.379,136.379,129.560,29.250,29.103,115.6,159.9,44.4,96.7,0.83687,1.0062E+004,1.0000E+004
255,NONE,HOT,0.50,10000.0,4.900,487.908,512.326,1075.395,1075.395,1652.696,1129.089,1129.089,10.107,11.365,136.379,136.379,129.560,25.551,25.424,99.1,143.4,44.4,80.0,0.80768,1.0062E+004,1.0000E+004
256,NONE,HOT,0.50,10000.0,4.900,487.908,512.326,1075.395,1075.395,1554.812,1022.553,1022.553,10.107,11.365,136.379,136.379,129.560,22.229,22.118,82.6,126.9,44.4,65.8,0.79706,1.0062E+004,1.0000E+004
257,NONE,HOT,0.50,10000.0,4.900,487.908,512.326,1075.395,1075.395,1470.092,930.254,930.254,10.107,11.365,136.379,136.379,129.560,19.291,19.194,66.0,110.4,44.4,53.7,0.81334,1.0062E+004,1.0000E+004
258,NONE,HOT,0.50,10000.0,4.900,487.908,512.326,1075.395,1075.395,1397.125,850.786,850.786,10.107,11.365,136.379,136.379,129.560,16.728,16.644,49.5,93.9,44.4,43.5,0.87754,1.0062E+004,1.0000E+004
259,NONE,HOT,0.50,10000.0,4.900,487.908,512.326,1075.395,1075.395,1335.714,784.006,784.006,10.107,11.365,136.379,136.379,129.560,14.591,14.518,33.0,77.4,44.4,35.0,1.05857,1.0062E+004,1.0000E+004
260,NONE,HOT,0.50,10000.0,4.900,487.908,512.326,1075.395,1075.395,1285.782,729.815,729.815,10.107,11.365,136.379,136.379,129.560,12.864,12.800,16.5,60.9,44.4,28.1,1.70260,1.0062E+004,1.0000E+004
261,NONE,HOT,0.60,10000.0,4.900,487.908,523.059,1097.187,1097.187,2200.000,1707.867,1707.867,10.107,12.231,146.776,146.776,139.437,43.942,43.722,157.4,210.6,53.3,161.3,1.02526,9.9580E+003,1.0000E+004
262,NONE,HOT,0.60,10000.0,4.900,487.908,523.059,1097.187,1097.187,2046.038,1542.902,1542.902,10.107,12.231,146.776,146.776,139.437,39.388,39.191,141.6,194.9,53.3,136.8,0.96595,9.9580E+003,1.0000E+004
263,NONE,HOT,0.60,10000.0,4.900,487.908,523.059,1097.187,1097.187,1906.787,1392.943,1392.943,10.107,12.231,146.776,146.776,139.437,35.001,34.826,125.9,179.1,53.3,115.2,0.91494,9.9580E+003,1.0000E+004
264,NONE,HOT,0.60,10000.0,4.900,487.908,523.059,1097.187,1097.187,1782.696,1258.607,1258.607,10.107,12.231,146.776,146.776,139.437,30.860,30.705,110.2,163.4,53.3,96.4,0.87476,9.9580E+003,1.0000E+004
265,NONE,HOT,0.60,10000.0,4.900,487.908,523.059,1097.187,1097.187,1672.881,1139.226,1139.226,10.107,12.231,146.776,146.776,139.437,27.035,26.900,94.4,147.7,53.3,80.1,0.84782,9.9580E+003,1.0000E+004
266,NONE,HOT,0.60,10000.0,4.900,487.908,523.059,1097.187,1097.187,1577.613,1035.388,1035.388,10.107,12.231,146.776,146.776,139.437,23.613,23.495,78.7,131.9,53.3,66.2,0.84102,9.9580E+003,1.0000E+004
267,NONE,HOT,0.60,10000.0,4.900,487.908,523.059,1097.187,1097.187,1494.646,944.849,944.849,10.107,12.231,146.776,146.776,139.437,20.570,20.467,62.9,116.2,53.3,54.3,0.86254,9.9580E+003,1.0000E+004
268,NONE,HOT,0.60,10000.0,4.900,487.908,523.059,1097.187,1097.187,1422.216,865.817,865.817,10.107,12.231,146.776,146.776,139.437,17.894,17.804,47.2,100.5,53.3,44.1,0.93369,9.9580E+003,1.0000E+004
269,NONE,HOT,0.60,10000.0,4.900,487.908,523.059,1097.187,1097.187,1360.073,798.095,798.095,10.107,12.231,146.776,146.776,139.437,15.610,15.532,31.5,84.7,53.3,35.4,1.12577,9.9580E+003,1.0000E+004
270,NONE,HOT,0.60,10000.0,4.900,487.908,523.059,1097.187,1097.187,1308.789,742.303,742.303,10.107,12.231,146.776,146.776,139.437,13.728,13.659,15.7,69.0,53.3,28.4,1.80311,9.9580E+003,1.0000E+004
271,NONE,HOT,0.70,10000.0,4.900,487.908,535.743,1122.839,1122.839,2200.000,1695.076,1695.076,10.107,13.313,159.752,159.752,151.764,46.262,46.031,149.6,211.7,62.1,157.8,1.05496,9.8394E+003,1.0000E+004
272,NONE,HOT,0.70,10000.0,4.900,487.908,535.743,1122.839,1122.839,2053.369,1537.680,1537.680,10.107,13.313,159.752,159.752,151.764,41.553,41.345,134.6,196.8,62.1,134.5,0.99869,9.8394E+003,1.0000E+004
273,NONE,HOT,0.70,10000.0,4.900,487.908,535.743,1122.839,1122.839,1919.849,1393.652,1393.652,10.107,13.313,159.752,159.752,151.764,37.009,36.824,119.7,181.8,62.1,113.7,0.95014,9.8394E+003,1.0000E+004
274,NONE,HOT,0.70,10000.0,4.900,487.908,535.743,1122.839,1122.839,1800.280,1264.015,1264.015,10.107,13.313,159.752,159.752,151.764,32.723,32.559,104.7,166.8,62.1,95.5,0.91235,9.8394E+003,1.0000E+004
275,NONE,HOT,0.70,10000.0,4.900,487.908,535.743,1122.839,1122.839,1694.283,1148.599,1148.599,10.107,13.313,159.752,159.752,151.764,28.764,28.620,89.8,151.9,62.1,79.8,0.88856,9.8394E+003,1.0000E+004
276,NONE,HOT,0.70,10000.0,4.900,487.908,535.743,1122.839,1122.839,1601.174,1046.948,1046.948,10.107,13.313,159.752,159.752,151.764,25.192,25.066,74.8,136.9,62.1,66.1,0.88434,9.8394E+003,1.0000E+004
277,NONE,HOT,0.70,10000.0,4.900,487.908,535.743,1122.839,1122.839,1520.177,958.382,958.382,10.107,13.313,159.752,159.752,151.764,22.025,21.915,59.8,122.0,62.1,54.5,0.91084,9.8394E+003,1.0000E+004
278,NONE,HOT,0.70,10000.0,4.900,487.908,535.743,1122.839,1122.839,1448.814,880.349,880.349,10.107,13.313,159.752,159.752,151.764,19.223,19.127,44.9,107.0,62.1,44.4,0.98926,9.8394E+003,1.0000E+004
279,NONE,HOT,0.70,10000.0,4.900,487.908,535.743,1122.839,1122.839,1386.955,812.776,812.776,10.107,13.313,159.752,159.752,151.764,16.803,16.719,29.9,92.0,62.1,35.7,1.19490,9.8394E+003,1.0000E+004
280,NONE,HOT,0.70,10000.0,4.900,487.908,535.743,1122.839,1122.839,1334.721,755.796,755.796,10.107,13.313,159.752,159.752,151.764,14.752,14.679,15.0,77.1,62.1,28.5,1.90723,9.8394E+003,1.0000E+004
281,NONE,HOT,0.80,10000.0,4.900,487.908,550.379,1152.230,1152.230,2200.000,1680.368,1680.368,10.107,14.638,175.653,175.653,166.870,48.945,48.701,141.7,212.7,71.0,153.8,1.08522,9.7077E+003,1.0000E+004
282,NONE,HOT,0.80,10000.0,4.900,487.908,550.379,1152.230,1152.230,2060.780,1530.609,1530.609,10.107,14.638,175.653,175.653,166.870,44.048,43.827,127.5,198.5,71.0,131.6,1.03197,9.7077E+003,1.0000E+004
283,NONE,HOT,0.80,10000.0,4.900,487.908,550.379,1152.230,1152.230,1933.359,1392.888,1392.888,10.107,14.638,175.653,175.653,166.870,39.320,39.123,113.3,184.3,71.0,111.8,0.98614,9.7077E+003,1.0000E+004
284,NONE,HOT,0.80,10000.0,4.900,487.908,550.379,1152.230,1152.230,1818.694,1268.339,1268.339,10.107,14.638,175.653,175.653,166.870,34.862,34.688,99.2,170.2,71.0,94.3,0.95102,9.7077E+003,1.0000E+004
285,NONE,HOT,0.80,10000.0,4.900,487.908,550.379,1152.230,1152.230,1716.360,1156.711,1156.711,10.107,14.638,175.653,175.653,166.870,30.736,30.582,85.0,156.0,71.0,79.0,0.92981,9.7077E+003,1.0000E+004
286,NONE,HOT,0.80,10000.0,4.900,487.908,550.379,1152.230,1152.230,1625.700,1057.530,1057.530,10.107,14.638,175.653,175.653,166.870,26.987,26.852,70.8,141.8,71.0,65.7,0.92810,9.7077E+003,1.0000E+004
287,NONE,HOT,0.80,10000.0,4.900,487.908,550.379,1152.230,1152.230,1546.720,970.993,970.993,10.107,14.638,175.653,175.653,166.870,23.675,23.556,56.7,127.7,71.0,54.4,0.95904,9.7077E+003,1.0000E+004
288,NONE,HOT,0.80,10000.0,4.900,487.908,550.379,1152.230,1152.230,1476.664,894.213,894.213,10.107,14.638,175.653,175.653,166.870,20.725,20.622,42.5,113.5,71.0,44.4,1.04432,9.7077E+003,1.0000E+004
289,NONE,HOT,0.80,10000.0,4.900,487.908,550.379,1152.230,1152.230,1416.129,827.902,827.902,10.107,14.638,175.653,175.653,166.870,18.182,18.091,28.3,99.3,71.0,35.9,1.26653,9.7077E+003,1.0000E+004
290,NONE,HOT,0.80,10000.0,4.900,487.908,550.379,1152.230,1152.230,1363.146,769.944,769.944,10.107,14.638,175.653,175.653,166.870,15.963,15.883,14.2,85.2,71.0,28.5,2.01384,9.7077E+003,1.0000E+004
291,NONE,HOT,0.90,10000.0,4.900,487.908,566.966,1184.988,1184.988,2200.000,1664.029,1664.029,10.107,16.240,194.875,194.875,185.131,52.011,51.750,133.7,213.5,79.9,149.2,1.11647,9.5646E+003,1.0000E+004
292,NONE,HOT,0.90,10000.0,4.900,487.908,566.966,1184.988,1184.988,2068.607,1522.357,1522.357,10.107,16.240,194.875,194.875,185.131,46.909,46.674,120.3,200.2,79.9,128.3,1.06670,9.5646E+003,1.0000E+004
293,NONE,HOT,0.90,10000.0,4.900,487.908,566.966,1184.988,1184.988,1947.625,1391.307,1391.307,10.107,16.240,194.875,194.875,185.131,41.979,41.769,106.9,186.8,79.9,109.5,1.02396,9.5646E+003,1.0000E+004
294,NONE,HOT,0.90,10000.0,4.900,487.908,566.966,1184.988,1184.988,1837.820,1271.792,1271.792,10.107,16.240,194.875,194.875,185.131,37.315,37.128,93.6,173.4,79.9,92.7,0.99128,9.5646E+003,1.0000E+004
295,NONE,HOT,0.90,10000.0,4.900,487.908,566.966,1184.988,1184.988,1739.395,1164.210,1164.210,10.107,16.240,194.875,194.875,185.131,32.997,32.832,80.2,160.1,79.9,78.0,0.97278,9.5646E+003,1.0000E+004
296,NONE,HOT,0.90,10000.0,4.900,487.908,566.966,1184.988,1184.988,1651.960,1068.354,1068.354,10.107,16.240,194.875,194.875,185.131,29.078,28.932,66.8,146.7,79.9,65.1,0.97482,9.5646E+003,1.0000E+004
297,NONE,HOT,0.90,10000.0,4.900,487.908,566.966,1184.988,1184.988,1574.424,983.207,983.207,10.107,16.240,194.875,194.875,185.131,25.562,25.434,53.5,133.3,79.9,53.9,1.00843,9.5646E+003,1.0000E+004
298,NONE,HOT,0.90,10000.0,4.900,487.908,566.966,1184.988,1184.988,1506.180,908.222,908.222,10.107,16.240,194.875,194.875,185.131,22.460,22.348,40.1,120.0,79.9,44.2,1.10146,9.5646E+003,1.0000E+004
299,NONE,HOT,0.90,10000.0,4.900,487.908,566.966,1184.988,1184.988,1447.089,843.304,843.304,10.107,16.240,194.875,194.875,185.131,19.767,19.669,26.7,106.6,79.9,35.8,1.34031,9.5646E+003,1.0000E+004
300,NONE,HOT,0.90,10000.0,4.900,487.908,566.966,1184.988,1184.988,1393.926,784.978,784.978,10.107,16.240,194.875,194.875,185.131,17.385,17.299,13.4,93.2,79.9,28.4,2.12562,9.5646E+003,1.0000E+004
301,NONE,HOT,0.00,15000.0,-14.100,451.078,451.078,952.733,952.733,2200.000,1777.363,1777.363,8.294,7.879,94.547,94.547,89.819,33.794,33.625,212.7,212.7,0.0,181.0,0.85118,1.0723E+004,1.0000E+004
302,NONE,HOT,0.00,15000.0,-14.100,451.078,451.078,952.733,952.733,1984.021,1548.146,1548.146,8.294,7.879,94.547,94.547,89.819,29.656,29.508,191.4,191.4,0.0,146.6,0.76592,1.0723E+004,1.0000E+004
303,NONE,HOT,0.00,15000.0,-14.100,451.078,451.078,952.733,952.733,1794.591,1345.803,1345.803,8.294,7.879,94.547,94.547,89.819,25.610,25.482,170.1,170.1,0.0,117.5,0.69047,1.0723E+004,1.0000E+004
304,NONE,HOT,0.00,15000.0,-14.100,451.078,451.078,952.733,952.733,1631.836,1170.914,1170.914,8.294,7.879,94.547,94.547,89.819,21.802,21.693,148.9,148.9,0.0,93.2,0.62631,1.0723E+004,1.0000E+004
305,NONE,HOT,0.00,15000.0,-14.100,451.078,451.078,952.733,952.733,1495.054,1023.438,1023.438,8.294,7.879,94.547,94.547,89.819,18.371,18.279,127.6,127.6,0.0,73.4,0.57557,1.0723E+004,1.0000E+004
306,NONE,HOT,0.00,15000.0,-14.100,451.078,451.078,952.733,952.733,1380.572,899.904,899.904,8.294,7.879,94.547,94.547,89.819,15.361,15.285,106.3,106.3,0.0,57.3,0.53868,1.0723E+004,1.0000E+004
307,NONE,HOT,0.00,15000.0,-14.100,451.078,451.078,952.733,952.733,1286.991,799.054,799.054,8.294,7.879,94.547,94.547,89.819,12.837,12.773,85.1,85.1,0.0,44.3,0.52121,1.0723E+004,1.0000E+004
308,NONE,HOT,0.00,15000.0,-14.100,451.078,451.078,952.733,952.733,1213.517,720.093,720.093,8.294,7.879,94.547,94.547,89.819,10.841,10.787,63.8,63.8,0.0,34.3,0.53831,1.0723E+004,1.0000E+004
309,NONE,HOT,0.00,15000.0,-14.100,451.078,451.078,952.733,952.733,1162.186,665.108,665.108,8.294,7.879,94.547,94.547,89.819,9.444,9.396,42.5,42.5,0.0,27.4,0.64533,1.0723E+004,1.0000E+004
310,NONE,HOT,0.00,15000.0,-14.100,451.078,451.078,952.733,952.733,1130.861,631.657,631.657,8.294,7.879,94.547,94.547,89.819,8.612,8.569,21.3,21.3,0.0,23.3,1.09435,1.0723E+004,1.0000E+004
311,NONE,HOT,0.10,15000.0,-14.100,451.078,451.980,954.577,954.577,2200.000,1776.486,1776.486,8.294,7.934,95.212,95.212,90.452,33.957,33.787,204.3,212.8,8.5,180.8,0.88486,1.0712E+004,1.0000E+004
312,NONE,HOT,0.10,15000.0,-14.100,451.078,451.980,954.577,954.577,1991.957,1555.685,1555.685,8.294,7.934,95.212,95.212,90.452,29.951,29.802,183.9,192.4,8.5,147.6,0.80273,1.0712E+004,1.0000E+004
313,NONE,HOT,0.10,15000.0,-14.100,451.078,451.980,954.577,954.577,1808.418,1359.682,1359.682,8.294,7.934,95.212,95.212,90.452,26.027,25.897,163.4,172.0,8.5,119.3,0.73009,1.0712E+004,1.0000E+004
314,NONE,HOT,0.10,15000.0,-14.100,451.078,451.980,954.577,954.577,1649.644,1189.125,1189.125,8.294,7.934,95.212,95.212,90.452,22.316,22.205,143.0,151.5,8.5,95.6,0.66858,1.0712E+004,1.0000E+004
315,NONE,HOT,0.10,15000.0,-14.100,451.078,451.980,954.577,954.577,1515.350,1044.350,1044.350,8.294,7.934,95.212,95.212,90.452,18.945,18.851,122.6,131.1,8.5,76.1,0.62089,1.0712E+004,1.0000E+004
316,NONE,HOT,0.10,15000.0,-14.100,451.078,451.980,954.577,954.577,1401.695,921.695,921.695,8.294,7.934,95.212,95.212,90.452,15.966,15.887,102.1,110.7,8.5,60.0,0.58735,1.0712E+004,1.0000E+004
317,NONE,HOT,0.10,15000.0,-14.100,451.078,451.980,954.577,954.577,1307.521,820.138,820.138,8.294,7.934,95.212,95.212,90.452,13.420,13.353,81.7,90.2,8.5,46.9,0.57414,1.0712E+004,1.0000E+004
318,NONE,HOT,0.10,15000.0,-14.100,451.078,451.980,954.577,954.577,1232.401,739.330,739.330,8.294,7.934,95.212,95.212,90.452,11.357,11.300,61.3,69.8,8.5,36.7,0.59816,1.0712E+004,1.0000E+004
319,NONE,HOT,0.10,15000.0,-14.100,451.078,451.980,954.577,954.577,1176.111,678.976,678.976,8.294,7.934,95.212,95.212,90.452,9.833,9.784,40.9,49.4,8.5,29.1,0.71156,1.0712E+004,1.0000E+004
320,NONE,HOT,0.10,15000.0,-14.100,451.078,451.980,954.577,954.577,1140.008,640.381,640.381,8.294,7.934,95.212,95.212,90.452,8.850,8.805,20.4,29.0,8.5,24.3,1.18709,1.0712E+004,1.0000E+004
321,NONE,HOT,0.20,15000.0,-14.100,451.078,454.686,960.114,960.114,2200.000,1773.836,1773.836,8.294,8.102,97.226,97.226,92.365,34.445,34.273,196.2,213.3,17.1,180.0,0.91750,1.0680E+004,1.0000E+004
322,NONE,HOT,0.20,15000.0,-14.100,451.078,454.686,960.114,960.114,1999.568,1561.057,1561.057,8.294,8.102,97.226,97.226,92.365,30.511,30.358,176.6,193.6,17.1,148.0,0.83836,1.0680E+004,1.0000E+004
323,NONE,HOT,0.20,15000.0,-14.100,451.078,454.686,960.114,960.114,1821.848,1371.253,1371.253,8.294,8.102,97.226,97.226,92.365,26.651,26.517,157.0,174.0,17.1,120.6,0.76846,1.0680E+004,1.0000E+004
324,NONE,HOT,0.20,15000.0,-14.100,451.078,454.686,960.114,960.114,1667.137,1205.064,1205.064,8.294,8.102,97.226,97.226,92.365,22.990,22.875,137.3,154.4,17.1,97.5,0.70957,1.0680E+004,1.0000E+004
325,NONE,HOT,0.20,15000.0,-14.100,451.078,454.686,960.114,960.114,1535.312,1062.932,1062.932,8.294,8.102,97.226,97.226,92.365,19.646,19.547,117.7,134.8,17.1,78.2,0.66464,1.0680E+004,1.0000E+004
326,NONE,HOT,0.20,15000.0,-14.100,451.078,454.686,960.114,960.114,1423.285,941.971,941.971,8.294,8.102,97.226,97.226,92.365,16.663,16.580,98.1,115.2,17.1,62.3,0.63506,1.0680E+004,1.0000E+004
327,NONE,HOT,0.20,15000.0,-14.100,451.078,454.686,960.114,960.114,1329.005,840.232,840.232,8.294,8.102,97.226,97.226,92.365,14.081,14.011,78.5,95.5,17.1,49.2,0.62633,1.0680E+004,1.0000E+004
328,NONE,HOT,0.20,15000.0,-14.100,451.078,454.686,960.114,960.114,1252.054,757.364,757.364,8.294,8.102,97.226,97.226,92.365,11.947,11.887,58.9,75.9,17.1,38.6,0.65591,1.0680E+004,1.0000E+004
329,NONE,HOT,0.20,15000.0,-14.100,451.078,454.686,960.114,960.114,1191.839,692.727,692.727,8.294,8.102,97.226,97.226,92.365,10.294,10.243,39.2,56.3,17.1,30.5,0.77637,1.0680E+004,1.0000E+004
330,NONE,HOT,0.20,15000.0,-14.100,451.078,454.686,960.114,960.114,1151.430,649.469,649.469,8.294,8.102,97.226,97.226,92.365,9.167,9.121,19.6,36.7,17.1,25.1,1.27702,1.0680E+004,1.0000E+004
331,NONE,HOT,0.30,15000.0,-14.100,451.078,459.196,969.312,969.312,2200.000,1769.438,1769.438,8.294,8.387,100.640,100.640,95.608,35.262,35.086,188.4,214.0,25.6,178.8,0.94901,1.0628E+004,1.0000E+004
332,NONE,HOT,0.30,15000.0,-14.100,451.078,459.196,969.312,969.312,2006.952,1564.385,1564.385,8.294,8.387,100.640,100.640,95.608,31.342,31.185,169.5,195.1,25.6,148.0,0.87274,1.0628E+004,1.0000E+004
333,NONE,HOT,0.30,15000.0,-14.100,451.078,459.196,969.312,969.312,1835.074,1380.757,1380.757,8.294,8.387,100.640,100.640,95.608,27.499,27.361,150.7,176.3,25.6,121.4,0.80560,1.0628E+004,1.0000E+004
334,NONE,HOT,0.30,15000.0,-14.100,451.078,459.196,969.312,969.312,1684.420,1218.883,1218.883,8.294,8.387,100.640,100.640,95.608,23.840,23.721,131.9,157.5,25.6,98.8,0.74920,1.0628E+004,1.0000E+004
335,NONE,HOT,0.30,15000.0,-14.100,451.078,459.196,969.312,969.312,1554.875,1079.155,1079.155,8.294,8.387,100.640,100.640,95.608,20.478,20.376,113.0,138.6,25.6,79.9,0.70650,1.0628E+004,1.0000E+004
336,NONE,HOT,0.30,15000.0,-14.100,451.078,459.196,969.312,969.312,1444.500,959.899,959.899,8.294,8.387,100.640,100.640,95.608,17.470,17.383,94.2,119.8,25.6,64.1,0.68042,1.0628E+004,1.0000E+004
337,NONE,HOT,0.30,15000.0,-14.100,451.078,459.196,969.312,969.312,1350.672,858.549,858.549,8.294,8.387,100.640,100.640,95.608,14.838,14.764,75.4,100.9,25.6,51.0,0.67623,1.0628E+004,1.0000E+004
338,NONE,HOT,0.30,15000.0,-14.100,451.078,459.196,969.312,969.312,1272.551,774.316,774.316,8.294,8.387,100.640,100.640,95.608,12.622,12.559,56.5,82.1,25.6,40.2,0.71142,1.0628E+004,1.0000E+004
339,NONE,HOT,0.30,15000.0,-14.100,451.078,459.196,969.312,969.312,1209.636,706.680,706.680,8.294,8.387,100.640,100.640,95.608,10.843,10.789,37.7,63.3,25.6,31.7,0.84054,1.0628E+004,1.0000E+004
340,NONE,HOT,0.30,15000.0,-14.100,451.078,459.196,969.312,969.312,1165.034,658.859,658.859,8.294,8.387,100.640,100.640,95.608,9.570,9.522,18.8,44.4,25.6,25.7,1.36321,1.0628E+004,1.0000E+004
341,NONE,HOT,0.40,15000.0,-14.100,451.078,465.512,982.120,982.120,2200.000,1763.320,1763.320,8.294,8.795,105.541,105.541,100.264,36.412,36.230,180.8,214.9,34.1,177.0,0.97945,1.0556E+004,1.0000E+004
342,NONE,HOT,0.40,15000.0,-14.100,451.078,465.512,982.120,982.120,2014.311,1565.929,1565.929,8.294,8.795,105.541,105.541,100.264,32.460,32.298,162.7,196.8,34.1,147.4,0.90609,1.0556E+004,1.0000E+004
343,NONE,HOT,0.40,15000.0,-14.100,451.078,465.512,982.120,982.120,1848.036,1388.174,1388.174,8.294,8.795,105.541,105.541,100.264,28.581,28.438,144.6,178.7,34.1,121.7,0.84144,1.0556E+004,1.0000E+004
344,NONE,HOT,0.40,15000.0,-14.100,451.078,465.512,982.120,982.120,1701.460,1230.604,1230.604,8.294,8.795,105.541,105.541,100.264,24.882,24.757,126.5,160.7,34.1,99.6,0.78737,1.0556E+004,1.0000E+004
345,NONE,HOT,0.40,15000.0,-14.100,451.078,465.512,982.120,982.120,1574.149,1093.186,1093.186,8.294,8.795,105.541,105.541,100.264,21.458,21.351,108.5,142.6,34.1,81.0,0.74645,1.0556E+004,1.0000E+004
346,NONE,HOT,0.40,15000.0,-14.100,451.078,465.512,982.120,982.120,1465.616,975.815,975.815,8.294,8.795,105.541,105.541,100.264,18.398,18.306,90.4,124.5,34.1,65.4,0.72361,1.0556E+004,1.0000E+004
347,NONE,HOT,0.40,15000.0,-14.100,451.078,465.512,982.120,982.120,1372.711,875.344,875.344,8.294,8.795,105.541,105.541,100.264,15.702,15.623,72.3,106.4,34.1,52.3,0.72395,1.0556E+004,1.0000E+004
348,NONE,HOT,0.40,15000.0,-14.100,451.078,465.512,982.120,982.120,1294.029,790.387,790.387,8.294,8.795,105.541,105.541,100.264,13.391,13.325,54.2,88.4,34.1,41.5,0.76483,1.0556E+004,1.0000E+004
349,NONE,HOT,0.40,15000.0,-14.100,451.078,465.512,982.120,982.120,1229.647,721.043,721.043,8.294,8.795,105.541,105.541,100.264,11.495,11.438,36.2,70.3,34.1,32.7,0.90470,1.0556E+004,1.0000E+004
350,NONE,HOT,0.40,15000.0,-14.100,451.078,465.512,982.120,982.120,1181.056,668.859,668.859,8.294,8.795,105.541,105.541,100.264,10.068,10.018,18.1,52.2,34.1,26.2,1.44737,1.0556E+004,1.0000E+004
351,NONE,HOT,0.50,15000.0,-14.100,451.078,473.635,998.458,998.458,2200.000,1755.528,1755.528,8.294,9.337,112.045,112.045,106.443,37.901,37.711,173.3,215.9,42.7,174.8,1.00903,1.0465E+004,1.0000E+004
352,NONE,HOT,0.50,15000.0,-14.100,451.078,473.635,998.458,998.458,2021.575,1565.664,1565.664,8.294,9.337,112.045,112.045,106.443,33.870,33.701,155.9,198.6,42.7,146.3,0.93852,1.0465E+004,1.0000E+004
353,NONE,HOT,0.50,15000.0,-14.100,451.078,473.635,998.458,998.458,1860.805,1393.638,1393.638,8.294,9.337,112.045,112.045,106.443,29.911,29.761,138.6,181.3,42.7,121.4,0.87616,1.0465E+004,1.0000E+004
354,NONE,HOT,0.50,15000.0,-14.100,451.078,473.635,998.458,998.458,1718.445,1240.463,1240.463,8.294,9.337,112.045,112.045,106.443,26.126,25.995,121.3,163.9,42.7,100.0,0.82436,1.0465E+004,1.0000E+004
355,NONE,HOT,0.50,15000.0,-14.100,451.078,473.635,998.458,998.458,1593.756,1105.763,1105.763,8.294,9.337,112.045,112.045,106.443,22.617,22.504,104.0,146.6,42.7,81.6,0.78535,1.0465E+004,1.0000E+004
356,NONE,HOT,0.50,15000.0,-14.100,451.078,473.635,998.458,998.458,1486.936,990.118,990.118,8.294,9.337,112.045,112.045,106.443,19.466,19.369,86.6,129.3,42.7,66.3,0.76508,1.0465E+004,1.0000E+004
357,NONE,HOT,0.50,15000.0,-14.100,451.078,473.635,998.458,998.458,1394.992,890.549,890.549,8.294,9.337,112.045,112.045,106.443,16.678,16.595,69.3,112.0,42.7,53.3,0.76922,1.0465E+004,1.0000E+004
358,NONE,HOT,0.50,15000.0,-14.100,451.078,473.635,998.458,998.458,1316.746,805.920,805.920,8.294,9.337,112.045,112.045,106.443,14.273,14.201,52.0,94.6,42.7,42.5,0.81687,1.0465E+004,1.0000E+004
359,NONE,HOT,0.50,15000.0,-14.100,451.078,473.635,998.458,998.458,1251.495,735.496,735.496,8.294,9.337,112.045,112.045,106.443,12.253,12.192,34.7,77.3,42.7,33.5,0.96786,1.0465E+004,1.0000E+004
360,NONE,HOT,0.50,15000.0,-14.100,451.078,473.635,998.458,998.458,1199.466,679.515,679.515,8.294,9.337,112.045,112.045,106.443,10.671,10.618,17.3,60.0,42.7,26.5,1.52992,1.0465E+004,1.0000E+004
361,NONE,HOT,0.60,15000.0,-14.100,451.078,483.566,1018.233,1018.233,2200.000,1746.155,1746.155,8.294,10.025,120.295,120.295,114.281,39.734,39.535,165.8,217.0,51.2,172.1,1.03818,1.0357E+004,1.0000E+004
362,NONE,HOT,0.60,15000.0,-14.100,451.078,483.566,1018.233,1018.233,2028.835,1563.762,1563.762,8.294,10.025,120.295,120.295,114.281,35.581,35.403,149.2,200.4,51.2,144.8,0.97046,1.0357E+004,1.0000E+004
363,NONE,HOT,0.60,15000.0,-14.100,451.078,483.566,1018.233,1018.233,1873.609,1397.474,1397.474,8.294,10.025,120.295,120.295,114.281,31.500,31.342,132.6,183.8,51.2,120.7,0.91032,1.0357E+004,1.0000E+004
364,NONE,HOT,0.60,15000.0,-14.100,451.078,483.566,1018.233,1018.233,1735.613,1248.832,1248.832,8.294,10.025,120.295,120.295,114.281,27.599,27.461,116.1,167.3,51.2,99.9,0.86075,1.0357E+004,1.0000E+004
365,NONE,HOT,0.60,15000.0,-14.100,451.078,483.566,1018.233,1018.233,1614.052,1117.360,1117.360,8.294,10.025,120.295,120.295,114.281,23.974,23.855,99.5,150.7,51.2,82.0,0.82401,1.0357E+004,1.0000E+004
366,NONE,HOT,0.60,15000.0,-14.100,451.078,483.566,1018.233,1018.233,1508.676,1003.131,1003.131,8.294,10.025,120.295,120.295,114.281,20.692,20.589,82.9,134.1,51.2,66.8,0.80539,1.0357E+004,1.0000E+004
367,NONE,HOT,0.60,15000.0,-14.100,451.078,483.566,1018.233,1018.233,1418.094,904.880,904.880,8.294,10.025,120.295,120.295,114.281,17.793,17.704,66.3,117.5,51.2,53.9,0.81338,1.0357E+004,1.0000E+004
368,NONE,HOT,0.60,15000.0,-14.100,451.078,483.566,1018.233,1018.233,1340.858,821.179,821.179,8.294,10.025,120.295,120.295,114.281,15.286,15.209,49.7,100.9,51.2,43.2,0.86832,1.0357E+004,1.0000E+004
369,NONE,HOT,0.60,15000.0,-14.100,451.078,483.566,1018.233,1018.233,1275.024,749.977,749.977,8.294,10.025,120.295,120.295,114.281,13.131,13.066,33.2,84.3,51.2,34.2,1.02997,1.0357E+004,1.0000E+004
370,NONE,HOT,0.60,15000.0,-14.100,451.078,483.566,1018.233,1018.233,1220.390,691.065,691.065,8.294,10.025,120.295,120.295,114.281,11.392,11.335,16.6,67.8,51.2,26.7,1.61300,1.0357E+004,1.0000E+004
371,NONE,HOT,0.70,15000.0,-14.100,451.078,495.308,1041.291,1041.291,2200.000,1735.248,1735.248,8.294,10.871,130.455,130.455,123.933,41.907,41.698,158.4,218.1,59.7,169.0,1.06721,1.0233E+004,1.0000E+004
372,NONE,HOT,0.70,15000.0,-14.100,451.078,495.308,1041.291,1041.291,2036.304,1560.548,1560.548,8.294,10.871,130.455,130.455,123.933,37.601,37.413,142.5,202.2,59.7,142.9,1.00251,1.0233E+004,1.0000E+004
373,NONE,HOT,0.70,15000.0,-14.100,451.078,495.308,1041.291,1041.291,1886.970,1400.350,1400.350,8.294,10.871,130.455,130.455,123.933,33.370,33.204,126.7,186.4,59.7,119.7,0.94487,1.0233E+004,1.0000E+004
374,NONE,HOT,0.70,15000.0,-14.100,451.078,495.308,1041.291,1041.291,1753.262,1256.140,1256.140,8.294,10.871,130.455,130.455,123.933,29.315,29.168,110.8,170.6,59.7,99.5,0.89727,1.0233E+004,1.0000E+004
375,NONE,HOT,0.70,15000.0,-14.100,451.078,495.308,1041.291,1041.291,1634.887,1127.937,1127.937,8.294,10.871,130.455,130.455,123.933,25.539,25.411,95.0,154.7,59.7,82.0,0.86257,1.0233E+004,1.0000E+004
376,NONE,HOT,0.70,15000.0,-14.100,451.078,495.308,1041.291,1041.291,1531.255,1015.424,1015.424,8.294,10.871,130.455,130.455,123.933,22.100,21.989,79.2,138.9,59.7,66.9,0.84556,1.0233E+004,1.0000E+004
377,NONE,HOT,0.70,15000.0,-14.100,451.078,495.308,1041.291,1041.291,1442.432,918.909,918.909,8.294,10.871,130.455,130.455,123.933,19.074,18.979,63.3,123.1,59.7,54.3,0.85768,1.0233E+004,1.0000E+004
378,NONE,HOT,0.70,15000.0,-14.100,451.078,495.308,1041.291,1041.291,1366.265,836.197,836.197,8.294,10.871,130.455,130.455,123.933,16.442,16.360,47.5,107.2,59.7,43.7,0.91941,1.0233E+004,1.0000E+004
379,NONE,HOT,0.70,15000.0,-14.100,451.078,495.308,1041.291,1041.291,1299.835,764.188,764.188,8.294,10.871,130.455,130.455,123.933,14.149,14.079,31.7,91.4,59.7,34.5,1.09000,1.0233E+004,1.0000E+004
380,NONE,HOT,0.70,15000.0,-14.100,451.078,495.308,1041.291,1041.291,1243.844,703.667,703.667,8.294,10.871,130.455,130.455,123.933,12.248,12.187,15.8,75.6,59.7,26.9,1.69848,1.0233E+004,1.0000E+004
381,NONE,HOT,0.80,15000.0,-14.100,451.078,508.842,1068.307,1068.307,2200.000,1722.179,1722.179,8.294,11.939,143.272,143.272,136.108,44.508,44.285,150.8,219.1,68.3,165.3,1.09614,1.0096E+004,1.0000E+004
382,NONE,HOT,0.80,15000.0,-14.100,451.078,508.842,1068.307,1068.307,2044.023,1555.410,1555.410,8.294,11.939,143.272,143.272,136.108,40.004,39.804,135.7,204.0,68.3,140.4,1.03462,1.0096E+004,1.0000E+004
383,NONE,HOT,0.80,15000.0,-14.100,451.078,508.842,1068.307,1068.307,1900.732,1401.429,1401.429,8.294,11.939,143.272,143.272,136.108,35.578,35.400,120.6,188.9,68.3,118.2,0.97945,1.0096E+004,1.0000E+004
384,NONE,HOT,0.80,15000.0,-14.100,451.078,508.842,1068.307,1068.307,1771.501,1261.824,1261.824,8.294,11.939,143.272,143.272,136.108,31.324,31.167,105.6,173.8,68.3,98.6,0.93374,1.0096E+004,1.0000E+004
385,NONE,HOT,0.80,15000.0,-14.100,451.078,508.842,1068.307,1068.307,1656.652,1137.228,1137.228,8.294,11.939,143.272,143.272,136.108,27.361,27.224,90.5,158.7,68.3,81.5,0.90113,1.0096E+004,1.0000E+004
386,NONE,HOT,0.80,15000.0,-14.100,451.078,508.842,1068.307,1068.307,1555.638,1027.355,1027.355,8.294,11.939,143.272,143.272,136.108,23.751,23.632,75.4,143.7,68.3,66.9,0.88671,1.0096E+004,1.0000E+004
387,NONE,HOT,0.80,15000.0,-14.100,451.078,508.842,1068.307,1068.307,1468.102,932.042,932.042,8.294,11.939,143.272,143.272,136.108,20.546,20.444,60.3,128.6,68.3,54.4,0.90137,1.0096E+004,1.0000E+004
388,NONE,HOT,0.80,15000.0,-14.100,451.078,508.842,1068.307,1068.307,1392.867,850.151,850.151,8.294,11.939,143.272,143.272,136.108,17.754,17.665,45.2,113.5,68.3,43.8,0.96835,1.0096E+004,1.0000E+004
389,NONE,HOT,0.80,15000.0,-14.100,451.078,508.842,1068.307,1068.307,1326.889,778.450,778.450,8.294,11.939,143.272,143.272,136.108,15.325,15.249,30.2,98.4,68.3,34.7,1.14967,1.0096E+004,1.0000E+004
390,NONE,HOT,0.80,15000.0,-14.100,451.078,508.842,1068.307,1068.307,1270.570,717.394,717.394,8.294,11.939,143.272,143.272,136.108,13.273,13.206,15.1,83.3,68.3,27.0,1.78855,1.0096E+004,1.0000E+004
391,NONE,HOT,0.90,15000.0,-14.100,451.078,524.168,1099.433,1099.433,2200.000,1706.749,1706.749,8.294,13.263,159.162,159.162,151.204,47.512,47.275,143.1,219.8,76.8,161.0,1.12564,9.9474E+003,1.0000E+004
392,NONE,HOT,0.90,15000.0,-14.100,451.078,524.168,1099.433,1099.433,2051.816,1547.962,1547.962,8.294,13.263,159.162,159.162,151.204,42.765,42.551,128.8,205.5,76.8,137.4,1.06723,9.9474E+003,1.0000E+004
393,NONE,HOT,0.90,15000.0,-14.100,451.078,524.168,1099.433,1099.433,1915.224,1400.876,1400.876,8.294,13.263,159.162,159.162,151.204,38.116,37.926,114.4,191.2,76.8,116.2,1.01510,9.9474E+003,1.0000E+004
394,NONE,HOT,0.90,15000.0,-14.100,451.078,524.168,1099.433,1099.433,1791.137,1266.570,1266.570,8.294,13.263,159.162,159.162,151.204,33.644,33.476,100.1,176.9,76.8,97.3,0.97187,9.9474E+003,1.0000E+004
395,NONE,HOT,0.90,15000.0,-14.100,451.078,524.168,1099.433,1099.433,1680.033,1145.793,1145.793,8.294,13.263,159.162,159.162,151.204,29.457,29.310,85.8,162.6,76.8,80.8,0.94135,9.9474E+003,1.0000E+004
396,NONE,HOT,0.90,15000.0,-14.100,451.078,524.168,1099.433,1099.433,1581.732,1038.640,1038.640,8.294,13.263,159.162,159.162,151.204,25.641,25.513,71.5,148.3,76.8,66.5,0.92924,9.9474E+003,1.0000E+004
397,NONE,HOT,0.90,15000.0,-14.100,451.078,524.168,1099.433,1099.433,1495.810,944.862,944.862,8.294,13.263,159.162,159.162,151.204,22.231,22.120,57.2,134.0,76.8,54.2,0.94646,9.9474E+003,1.0000E+004
398,NONE,HOT,0.90,15000.0,-14.100,451.078,524.168,1099.433,1099.433,1421.638,863.915,863.915,8.294,13.263,159.162,159.162,151.204,19.264,19.167,42.9,119.7,76.8,43.7,1.01822,9.9474E+003,1.0000E+004
399,NONE,HOT,0.90,15000.0,-14.100,451.078,524.168,1099.433,1099.433,1356.452,792.873,792.873,8.294,13.263,159.162,159.162,151.204,16.671,16.588,28.6,105.4,76.8,34.6,1.21045,9.9474E+003,1.0000E+004
400,NONE,HOT,0.90,15000.0,-14.100,451.078,524.168,1099.433,1099.433,1300.708,732.241,732.241,8.294,13.263,159.162,159.162,151.204,14.474,14.401,14.3,91.1,76.8,27.0,1.88542,9.9474E+003,1.0000E+004
401,NONE,HOT,0.00,20000.0,-33.500,413.847,413.847,874.756,874.756,2200.000,1814.834,1814.834,6.753,6.416,76.989,76.989,73.140,30.211,30.060,219.2,219.2,0.0,191.5,0.87360,1.1195E+004,1.0000E+004
402,NONE,HOT,0.00,20000.0,-33.500,413.847,413.847,874.756,874.756,1965.230,1567.006,1567.006,6.753,6.416,76.989,76.989,73.140,26.590,26.457,197.3,197.3,0.0,154.0,0.78077,1.1195E+004,1.0000E+004
403,NONE,HOT,0.00,20000.0,-33.500,413.847,413.847,874.756,874.756,1758.507,1347.351,1347.351,6.753,6.416,76.989,76.989,73.140,22.956,22.841,175.4,175.4,0.0,122.3,0.69749,1.1195E+004,1.0000E+004
404,NONE,HOT,0.00,20000.0,-33.500,413.847,413.847,874.756,874.756,1580.653,1157.270,1157.270,6.753,6.416,76.989,76.989,73.140,19.461,19.364,153.4,153.4,0.0,96.0,0.62547,1.1195E+004,1.0000E+004
405,NONE,HOT,0.00,20000.0,-33.500,413.847,413.847,874.756,874.756,1431.182,997.042,997.042,6.753,6.416,76.989,76.989,73.140,16.256,16.175,131.5,131.5,0.0,74.5,0.56665,1.1195E+004,1.0000E+004
406,NONE,HOT,0.00,20000.0,-33.500,413.847,413.847,874.756,874.756,1308.249,865.237,865.237,6.753,6.416,76.989,76.989,73.140,13.445,13.378,109.6,109.6,0.0,57.4,0.52334,1.1195E+004,1.0000E+004
407,NONE,HOT,0.00,20000.0,-33.500,413.847,413.847,874.756,874.756,1207.387,757.347,757.347,6.753,6.416,76.989,76.989,73.140,11.053,10.998,87.7,87.7,0.0,43.6,0.49706,1.1195E+004,1.0000E+004
408,NONE,HOT,0.00,20000.0,-33.500,413.847,413.847,874.756,874.756,1129.171,674.012,674.012,6.753,6.416,76.989,76.989,73.140,9.181,9.135,65.8,65.8,0.0,33.1,0.50315,1.1195E+004,1.0000E+004
409,NONE,HOT,0.00,20000.0,-33.500,413.847,413.847,874.756,874.756,1072.450,613.855,613.855,6.753,6.416,76.989,76.989,73.140,7.833,7.794,43.8,43.8,0.0,25.6,0.58339,1.1195E+004,1.0000E+004
410,NONE,HOT,0.00,20000.0,-33.500,413.847,413.847,874.756,874.756,1039.202,578.704,578.704,6.753,6.416,76.989,76.989,73.140,7.045,7.010,21.9,21.9,0.0,21.2,0.96762,1.1195E+004,1.0000E+004
411,NONE,HOT,0.10,20000.0,-33.500,413.847,414.673,876.500,876.500,2200.000,1814.002,1814.002,6.753,6.462,77.540,77.540,73.663,30.365,30.213,211.2,219.4,8.2,191.3,0.90568,1.1184E+004,1.0000E+004
412,NONE,HOT,0.10,20000.0,-33.500,413.847,414.673,876.500,876.500,1973.332,1574.722,1574.722,6.753,6.462,77.540,77.540,73.663,26.851,26.716,190.1,198.2,8.2,155.1,0.81588,1.1184E+004,1.0000E+004
413,NONE,HOT,0.10,20000.0,-33.500,413.847,414.673,876.500,876.500,1772.616,1361.501,1361.501,6.753,6.462,77.540,77.540,73.663,23.321,23.204,168.9,177.1,8.2,124.2,0.73523,1.1184E+004,1.0000E+004
414,NONE,HOT,0.10,20000.0,-33.500,413.847,414.673,876.500,876.500,1598.774,1175.765,1175.765,6.753,6.462,77.540,77.540,73.663,19.915,19.816,147.8,156.0,8.2,98.4,0.66559,1.1184E+004,1.0000E+004
415,NONE,HOT,0.10,20000.0,-33.500,413.847,414.673,876.500,876.500,1451.332,1017.709,1017.709,6.753,6.462,77.540,77.540,73.663,16.756,16.672,126.7,134.9,8.2,77.2,0.60892,1.1184E+004,1.0000E+004
416,NONE,HOT,0.10,20000.0,-33.500,413.847,414.673,876.500,876.500,1328.743,886.240,886.240,6.753,6.462,77.540,77.540,73.663,13.963,13.893,105.6,113.8,8.2,60.0,0.56792,1.1184E+004,1.0000E+004
417,NONE,HOT,0.10,20000.0,-33.500,413.847,414.673,876.500,876.500,1227.601,777.969,777.969,6.753,6.462,77.540,77.540,73.663,11.565,11.507,84.5,92.6,8.2,46.1,0.54571,1.1184E+004,1.0000E+004
418,NONE,HOT,0.10,20000.0,-33.500,413.847,414.673,876.500,876.500,1146.805,691.797,691.797,6.753,6.462,77.540,77.540,73.663,9.622,9.574,63.4,71.5,8.2,35.2,0.55587,1.1184E+004,1.0000E+004
419,NONE,HOT,0.10,20000.0,-33.500,413.847,414.673,876.500,876.500,1087.503,628.802,628.802,6.753,6.462,77.540,77.540,73.663,8.189,8.148,42.2,50.4,8.2,27.3,0.64727,1.1184E+004,1.0000E+004
420,NONE,HOT,0.10,20000.0,-33.500,413.847,414.673,876.500,876.500,1047.623,586.608,586.608,6.753,6.462,77.540,77.540,73.663,7.248,7.211,21.1,29.3,8.2,22.1,1.04606,1.1184E+004,1.0000E+004
421,NONE,HOT,0.20,20000.0,-33.500,413.847,417.150,881.728,881.728,2200.000,1811.502,1811.502,6.753,6.601,79.209,79.209,75.249,30.827,30.673,203.4,219.8,16.3,190.6,0.93672,1.1151E+004,1.0000E+004
422,NONE,HOT,0.20,20000.0,-33.500,413.847,417.150,881.728,881.728,1981.190,1580.456,1580.456,6.753,6.601,79.209,79.209,75.249,27.365,27.229,183.1,199.4,16.3,155.6,0.84988,1.1151E+004,1.0000E+004
423,NONE,HOT,0.20,20000.0,-33.500,413.847,417.150,881.728,881.728,1786.335,1373.452,1373.452,6.753,6.601,79.209,79.209,75.249,23.886,23.767,162.8,179.1,16.3,125.6,0.77174,1.1151E+004,1.0000E+004
424,NONE,HOT,0.20,20000.0,-33.500,413.847,417.150,881.728,881.728,1616.548,1192.036,1192.036,6.753,6.601,79.209,79.209,75.249,20.518,20.415,142.4,158.7,16.3,100.3,0.70439,1.1151E+004,1.0000E+004
425,NONE,HOT,0.20,20000.0,-33.500,413.847,417.150,881.728,881.728,1471.436,1036.454,1036.454,6.753,6.601,79.209,79.209,75.249,17.370,17.283,122.1,138.4,16.3,79.3,0.64997,1.1151E+004,1.0000E+004
426,NONE,HOT,0.20,20000.0,-33.500,413.847,417.150,881.728,881.728,1349.563,905.692,905.692,6.753,6.601,79.209,79.209,75.249,14.570,14.497,101.7,118.1,16.3,62.2,0.61131,1.1151E+004,1.0000E+004
427,NONE,HOT,0.20,20000.0,-33.500,413.847,417.150,881.728,881.728,1248.361,797.264,797.264,6.753,6.601,79.209,79.209,75.249,12.144,12.083,81.4,97.7,16.3,48.2,0.59292,1.1151E+004,1.0000E+004
428,NONE,HOT,0.20,20000.0,-33.500,413.847,417.150,881.728,881.728,1165.963,709.263,709.263,6.753,6.601,79.209,79.209,75.249,10.131,10.080,61.0,77.4,16.3,37.1,0.60805,1.1151E+004,1.0000E+004
429,NONE,HOT,0.20,20000.0,-33.500,413.847,417.150,881.728,881.728,1104.210,643.560,643.560,6.753,6.601,79.209,79.209,75.249,8.603,8.560,40.7,57.0,16.3,28.9,0.70977,1.1151E+004,1.0000E+004
430,NONE,HOT,0.20,20000.0,-33.500,413.847,417.150,881.728,881.728,1058.406,595.049,595.049,6.753,6.601,79.209,79.209,75.249,7.513,7.476,20.3,36.7,16.3,22.8,1.12256,1.1151E+004,1.0000E+004
431,NONE,HOT,0.30,20000.0,-33.500,413.847,421.280,890.439,890.439,2200.000,1807.328,1807.328,6.753,6.837,82.046,82.046,77.944,31.603,31.445,195.9,220.4,24.5,189.4,0.96665,1.1096E+004,1.0000E+004
432,NONE,HOT,0.30,20000.0,-33.500,413.847,421.280,890.439,890.439,1988.830,1584.238,1584.238,6.753,6.837,82.046,82.046,77.944,28.143,28.002,176.3,200.8,24.5,155.6,0.88268,1.1096E+004,1.0000E+004
433,NONE,HOT,0.30,20000.0,-33.500,413.847,421.280,890.439,890.439,1799.689,1383.242,1383.242,6.753,6.837,82.046,82.046,77.944,24.664,24.541,156.7,181.3,24.5,126.5,0.80690,1.1096E+004,1.0000E+004
434,NONE,HOT,0.30,20000.0,-33.500,413.847,421.280,890.439,890.439,1633.915,1206.055,1206.055,6.753,6.837,82.046,82.046,77.944,21.285,21.178,137.2,161.7,24.5,101.7,0.74166,1.1096E+004,1.0000E+004
435,NONE,HOT,0.30,20000.0,-33.500,413.847,421.280,890.439,890.439,1491.245,1053.022,1053.022,6.753,6.837,82.046,82.046,77.944,18.119,18.029,117.6,142.1,24.5,81.0,0.68929,1.1096E+004,1.0000E+004
436,NONE,HOT,0.30,20000.0,-33.500,413.847,421.280,890.439,890.439,1370.934,923.836,923.836,6.753,6.837,82.046,82.046,77.944,15.285,15.209,98.0,122.5,24.5,64.0,0.65362,1.1096E+004,1.0000E+004
437,NONE,HOT,0.30,20000.0,-33.500,413.847,421.280,890.439,890.439,1270.053,815.634,815.634,6.753,6.837,82.046,82.046,77.944,12.812,12.747,78.4,102.9,24.5,50.1,0.63910,1.1096E+004,1.0000E+004
438,NONE,HOT,0.30,20000.0,-33.500,413.847,421.280,890.439,890.439,1186.681,726.459,726.459,6.753,6.837,82.046,82.046,77.944,10.721,10.667,58.8,83.3,24.5,38.8,0.65964,1.1096E+004,1.0000E+004
439,NONE,HOT,0.30,20000.0,-33.500,413.847,421.280,890.439,890.439,1121.763,657.282,657.282,6.753,6.837,82.046,82.046,77.944,9.083,9.037,39.2,63.7,24.5,30.1,0.76789,1.1096E+004,1.0000E+004
440,NONE,HOT,0.30,20000.0,-33.500,413.847,421.280,890.439,890.439,1071.787,604.270,604.270,6.753,6.837,82.046,82.046,77.944,7.854,7.815,19.6,44.1,24.5,23.5,1.19843,1.1096E+004,1.0000E+004
441,NONE,HOT,0.40,20000.0,-33.500,413.847,427.064,902.621,902.621,2200.000,1801.470,1801.470,6.753,7.178,86.133,86.133,81.826,32.699,32.535,188.6,221.3,32.7,187.8,0.99553,1.1020E+004,1.0000E+004
442,NONE,HOT,0.40,20000.0,-33.500,413.847,427.064,902.621,902.621,1996.265,1586.099,1586.099,6.753,7.178,86.133,86.133,81.826,29.194,29.048,169.7,202.4,32.7,155.2,0.91432,1.1020E+004,1.0000E+004
443,NONE,HOT,0.40,20000.0,-33.500,413.847,427.064,902.621,902.621,1812.863,1391.062,1391.062,6.753,7.178,86.133,86.133,81.826,25.667,25.539,150.9,183.6,32.7,126.9,0.84085,1.1020E+004,1.0000E+004
444,NONE,HOT,0.40,20000.0,-33.500,413.847,427.064,902.621,902.621,1651.285,1218.260,1218.260,6.753,7.178,86.133,86.133,81.826,22.238,22.127,132.0,164.7,32.7,102.7,0.77776,1.1020E+004,1.0000E+004
445,NONE,HOT,0.40,20000.0,-33.500,413.847,427.064,902.621,902.621,1511.441,1068.156,1068.156,6.753,7.178,86.133,86.133,81.826,19.024,18.929,113.2,145.8,32.7,82.3,0.72762,1.1020E+004,1.0000E+004
446,NONE,HOT,0.40,20000.0,-33.500,413.847,427.064,902.621,902.621,1392.554,940.370,940.370,6.753,7.178,86.133,86.133,81.826,16.115,16.034,94.3,127.0,32.7,65.5,0.69433,1.1020E+004,1.0000E+004
447,NONE,HOT,0.40,20000.0,-33.500,413.847,427.064,902.621,902.621,1292.473,832.885,832.885,6.753,7.178,86.133,86.133,81.826,13.576,13.508,75.4,108.1,32.7,51.6,0.68382,1.1020E+004,1.0000E+004
448,NONE,HOT,0.40,20000.0,-33.500,413.847,427.064,902.621,902.621,1208.569,742.992,742.992,6.753,7.178,86.133,86.133,81.826,11.392,11.335,56.6,89.3,32.7,40.2,0.70971,1.1020E+004,1.0000E+004
449,NONE,HOT,0.40,20000.0,-33.500,413.847,427.064,902.621,902.621,1141.003,670.869,670.869,6.753,7.178,86.133,86.133,81.826,9.641,9.592,37.7,70.4,32.7,31.1,0.82414,1.1020E+004,1.0000E+004
450,NONE,HOT,0.40,20000.0,-33.500,413.847,427.064,902.621,902.621,1087.955,614.482,614.482,6.753,7.178,86.133,86.133,81.826,8.281,8.240,18.9,51.5,32.7,24.0,1.27513,1.1020E+004,1.0000E+004
451,NONE,HOT,0.50,20000.0,-33.500,413.847,434.501,918.253,918.253,2200.000,1793.943,1793.943,6.753,7.632,91.585,91.585,87.006,34.123,33.952,181.4,222.3,40.8,185.7,1.02343,1.0926E+004,1.0000E+004
452,NONE,HOT,0.50,20000.0,-33.500,413.847,434.501,918.253,918.253,2003.833,1586.360,1586.360,6.753,7.632,91.585,91.585,87.006,30.530,30.377,163.3,204.1,40.8,154.3,0.94511,1.0926E+004,1.0000E+004
453,NONE,HOT,0.50,20000.0,-33.500,413.847,434.501,918.253,918.253,1826.319,1397.416,1397.416,6.753,7.632,91.585,91.585,87.006,26.915,26.781,145.1,186.0,40.8,126.8,0.87407,1.0926E+004,1.0000E+004
454,NONE,HOT,0.50,20000.0,-33.500,413.847,434.501,918.253,918.253,1668.874,1228.894,1228.894,6.753,7.632,91.585,91.585,87.006,23.394,23.277,127.0,167.8,40.8,103.2,0.81289,1.0926E+004,1.0000E+004
455,NONE,HOT,0.50,20000.0,-33.500,413.847,434.501,918.253,918.253,1531.674,1081.487,1081.487,6.753,7.632,91.585,91.585,87.006,20.086,19.986,108.8,149.7,40.8,83.2,0.76444,1.0926E+004,1.0000E+004
456,NONE,HOT,0.50,20000.0,-33.500,413.847,434.501,918.253,918.253,1414.301,955.175,955.175,6.753,7.632,91.585,91.585,87.006,17.080,16.995,90.7,131.6,40.8,66.5,0.73314,1.0926E+004,1.0000E+004
457,NONE,HOT,0.50,20000.0,-33.500,413.847,434.501,918.253,918.253,1315.074,848.446,848.446,6.753,7.632,91.585,91.585,87.006,14.440,14.368,72.6,113.4,40.8,52.7,0.72592,1.0926E+004,1.0000E+004
458,NONE,HOT,0.50,20000.0,-33.500,413.847,434.501,918.253,918.253,1231.124,758.341,758.341,6.753,7.632,91.585,91.585,87.006,12.163,12.102,54.4,95.3,40.8,41.2,0.75688,1.0926E+004,1.0000E+004
459,NONE,HOT,0.50,20000.0,-33.500,413.847,434.501,918.253,918.253,1161.977,684.383,684.383,6.753,7.632,91.585,91.585,87.006,10.287,10.236,36.3,77.1,40.8,31.9,0.87854,1.0926E+004,1.0000E+004
460,NONE,HOT,0.50,20000.0,-33.500,413.847,434.501,918.253,918.253,1106.705,625.492,625.492,6.753,7.632,91.585,91.585,87.006,8.795,8.751,18.1,59.0,40.8,24.5,1.35151,1.0926E+004,1.0000E+004
461,NONE,HOT,0.60,20000.0,-33.500,413.847,443.594,937.324,937.324,2200.000,1784.741,1784.741,6.753,8.213,98.553,98.553,93.625,35.884,35.705,174.2,223.3,49.0,183.1,1.05083,1.0813E+004,1.0000E+004
462,NONE,HOT,0.60,20000.0,-33.500,413.847,443.594,937.324,937.324,2011.503,1584.986,1584.986,6.753,8.213,98.553,98.553,93.625,32.160,31.999,156.8,205.8,49.0,153.0,0.97544,1.0813E+004,1.0000E+004
463,NONE,HOT,0.60,20000.0,-33.500,413.847,443.594,937.324,937.324,1839.894,1402.135,1402.135,6.753,8.213,98.553,98.553,93.625,28.417,28.275,139.4,188.4,49.0,126.4,0.90675,1.0813E+004,1.0000E+004
464,NONE,HOT,0.60,20000.0,-33.500,413.847,443.594,937.324,937.324,1686.633,1237.913,1237.913,6.753,8.213,98.553,98.553,93.625,24.762,24.638,122.0,171.0,49.0,103.3,0.84732,1.0813E+004,1.0000E+004
465,NONE,HOT,0.60,20000.0,-33.500,413.847,443.594,937.324,937.324,1552.210,1093.312,1093.312,6.753,8.213,98.553,98.553,93.625,21.324,21.217,104.5,153.6,49.0,83.7,0.80035,1.0813E+004,1.0000E+004
466,NONE,HOT,0.60,20000.0,-33.500,413.847,443.594,937.324,937.324,1436.383,968.482,968.482,6.753,8.213,98.553,98.553,93.625,18.185,18.094,87.1,136.1,49.0,67.1,0.77050,1.0813E+004,1.0000E+004
467,NONE,HOT,0.60,20000.0,-33.500,413.847,443.594,937.324,937.324,1338.266,862.764,862.764,6.753,8.213,98.553,98.553,93.625,15.427,15.350,69.7,118.7,49.0,53.4,0.76625,1.0813E+004,1.0000E+004
468,NONE,HOT,0.60,20000.0,-33.500,413.847,443.594,937.324,937.324,1254.779,772.977,772.977,6.753,8.213,98.553,98.553,93.625,13.038,12.973,52.3,101.3,49.0,41.9,0.80230,1.0813E+004,1.0000E+004
469,NONE,HOT,0.60,20000.0,-33.500,413.847,443.594,937.324,937.324,1184.734,697.889,697.889,6.753,8.213,98.553,98.553,93.625,11.032,10.977,34.8,83.9,49.0,32.5,0.93156,1.0813E+004,1.0000E+004
470,NONE,HOT,0.60,20000.0,-33.500,413.847,443.594,937.324,937.324,1128.213,637.514,637.514,6.753,8.213,98.553,98.553,93.625,9.407,9.360,17.4,66.4,49.0,24.9,1.42976,1.0813E+004,1.0000E+004
471,NONE,HOT,0.70,20000.0,-33.500,413.847,454.344,959.416,959.416,2200.000,1774.172,1774.172,6.753,8.934,107.214,107.214,101.853,38.016,37.826,167.1,224.2,57.2,180.1,1.07810,1.0684E+004,1.0000E+004
472,NONE,HOT,0.70,20000.0,-33.500,413.847,454.344,959.416,959.416,2018.952,1582.028,1582.028,6.753,8.934,107.214,107.214,101.853,34.117,33.947,150.4,207.5,57.2,151.2,1.00545,1.0684E+004,1.0000E+004
473,NONE,HOT,0.70,20000.0,-33.500,413.847,454.344,959.416,959.416,1853.499,1405.496,1405.496,6.753,8.934,107.214,107.214,101.853,30.209,30.058,133.6,190.8,57.2,125.5,0.93925,1.0684E+004,1.0000E+004
474,NONE,HOT,0.70,20000.0,-33.500,413.847,454.344,959.416,959.416,1704.639,1245.783,1245.783,6.753,8.934,107.214,107.214,101.853,26.387,26.255,116.9,174.1,57.2,103.1,0.88162,1.0684E+004,1.0000E+004
475,NONE,HOT,0.70,20000.0,-33.500,413.847,454.344,959.416,959.416,1573.216,1104.209,1104.209,6.753,8.934,107.214,107.214,101.853,22.781,22.667,100.2,157.4,57.2,83.8,0.83609,1.0684E+004,1.0000E+004
476,NONE,HOT,0.70,20000.0,-33.500,413.847,454.344,959.416,959.416,1459.329,981.270,981.270,6.753,8.934,107.214,107.214,101.853,19.484,19.386,83.5,140.7,57.2,67.5,0.80787,1.0684E+004,1.0000E+004
477,NONE,HOT,0.70,20000.0,-33.500,413.847,454.344,959.416,959.416,1361.890,876.083,876.083,6.753,8.934,107.214,107.214,101.853,16.564,16.481,66.8,124.0,57.2,53.8,0.80514,1.0684E+004,1.0000E+004
478,NONE,HOT,0.70,20000.0,-33.500,413.847,454.344,959.416,959.416,1278.908,786.649,786.649,6.753,8.934,107.214,107.214,101.853,14.036,13.965,50.1,107.3,57.2,42.4,0.84521,1.0684E+004,1.0000E+004
479,NONE,HOT,0.70,20000.0,-33.500,413.847,454.344,959.416,959.416,1209.184,711.716,711.716,6.753,8.934,107.214,107.214,101.853,11.908,11.848,33.4,90.6,57.2,32.9,0.98440,1.0684E+004,1.0000E+004
480,NONE,HOT,0.70,20000.0,-33.500,413.847,454.344,959.416,959.416,1151.351,649.777,649.777,6.753,8.934,107.214,107.214,101.853,10.131,10.080,16.7,73.9,57.2,25.1,1.50455,1.0684E+004,1.0000E+004
481,NONE,HOT,0.80,20000.0,-33.500,413.847,466.753,984.628,984.628,2200.000,1762.137,1762.137,6.753,9.814,117.772,117.772,111.884,40.511,40.308,159.8,225.1,65.4,176.7,1.10592,1.0541E+004,1.0000E+004
482,NONE,HOT,0.80,20000.0,-33.500,413.847,466.753,984.628,984.628,2026.464,1577.652,1577.652,6.753,9.814,117.772,117.772,111.884,36.400,36.218,143.8,209.2,65.4,149.0,1.03598,1.0541E+004,1.0000E+004
483,NONE,HOT,0.80,20000.0,-33.500,413.847,466.753,984.628,984.628,1867.407,1407.677,1407.677,6.753,9.814,117.772,117.772,111.884,32.294,32.133,127.8,193.2,65.4,124.3,0.97243,1.0541E+004,1.0000E+004
484,NONE,HOT,0.80,20000.0,-33.500,413.847,466.753,984.628,984.628,1723.300,1252.827,1252.827,6.753,9.814,117.772,117.772,111.884,28.272,28.131,111.8,177.2,65.4,102.5,0.91679,1.0541E+004,1.0000E+004
485,NONE,HOT,0.80,20000.0,-33.500,413.847,466.753,984.628,984.628,1595.029,1114.428,1114.428,6.753,9.814,117.772,117.772,111.884,24.467,24.345,95.9,161.2,65.4,83.7,0.87260,1.0541E+004,1.0000E+004
486,NONE,HOT,0.80,20000.0,-33.500,413.847,466.753,984.628,984.628,1483.110,993.397,993.397,6.753,9.814,117.772,117.772,111.884,20.975,20.870,79.9,145.2,65.4,67.6,0.84558,1.0541E+004,1.0000E+004
487,NONE,HOT,0.80,20000.0,-33.500,413.847,466.753,984.628,984.628,1386.481,888.867,888.867,6.753,9.814,117.772,117.772,111.884,17.863,17.774,63.9,129.3,65.4,53.9,0.84389,1.0541E+004,1.0000E+004
488,NONE,HOT,0.80,20000.0,-33.500,413.847,466.753,984.628,984.628,1304.414,800.213,800.213,6.753,9.814,117.772,117.772,111.884,15.181,15.105,47.9,113.3,65.4,42.6,0.88814,1.0541E+004,1.0000E+004
489,NONE,HOT,0.80,20000.0,-33.500,413.847,466.753,984.628,984.628,1235.501,725.945,725.945,6.753,9.814,117.772,117.772,111.884,12.916,12.851,32.0,97.3,65.4,33.2,1.03806,1.0541E+004,1.0000E+004
490,NONE,HOT,0.80,20000.0,-33.500,413.847,466.753,984.628,984.628,1176.369,662.435,662.435,6.753,9.814,117.772,117.772,111.884,10.984,10.929,16.0,81.3,65.4,25.2,1.57770,1.0541E+004,1.0000E+004
491,NONE,HOT,0.90,20000.0,-33.500,413.847,480.825,1012.800,1012.800,2200.000,1748.733,1748.733,6.753,10.871,130.449,130.449,123.926,43.371,43.154,152.3,225.9,73.5,172.9,1.13488,1.0386E+004,1.0000E+004
492,NONE,HOT,0.90,20000.0,-33.500,413.847,480.825,1012.800,1012.800,2034.112,1572.044,1572.044,6.753,10.871,130.449,130.449,123.926,39.015,38.820,137.1,210.6,73.5,146.4,1.06773,1.0386E+004,1.0000E+004
493,NONE,HOT,0.90,20000.0,-33.500,413.847,480.825,1012.800,1012.800,1881.520,1408.688,1408.688,6.753,10.871,130.449,130.449,123.926,34.678,34.504,121.9,195.4,73.5,122.7,1.00677,1.0386E+004,1.0000E+004
494,NONE,HOT,0.90,20000.0,-33.500,413.847,480.825,1012.800,1012.800,1742.676,1259.238,1259.238,6.753,10.871,130.449,130.449,123.926,30.434,30.282,106.6,180.2,73.5,101.7,0.95359,1.0386E+004,1.0000E+004
495,NONE,HOT,0.90,20000.0,-33.500,413.847,480.825,1012.800,1012.800,1618.013,1124.490,1124.490,6.753,10.871,130.449,130.449,123.926,26.403,26.271,91.4,164.9,73.5,83.3,0.91112,1.0386E+004,1.0000E+004
496,NONE,HOT,0.90,20000.0,-33.500,413.847,480.825,1012.800,1012.800,1508.306,1005.622,1005.622,6.753,10.871,130.449,130.449,123.926,22.693,22.579,76.2,149.7,73.5,67.4,0.88537,1.0386E+004,1.0000E+004
497,NONE,HOT,0.90,20000.0,-33.500,413.847,480.825,1012.800,1012.800,1413.137,902.440,902.440,6.753,10.871,130.449,130.449,123.926,19.377,19.280,60.9,134.5,73.5,54.0,0.88567,1.0386E+004,1.0000E+004
498,NONE,HOT,0.90,20000.0,-33.500,413.847,480.825,1012.800,1012.800,1331.911,814.464,814.464,6.753,10.871,130.449,130.449,123.926,16.505,16.422,45.7,119.2,73.5,42.7,0.93372,1.0386E+004,1.0000E+004
499,NONE,HOT,0.90,20000.0,-33.500,413.847,480.825,1012.800,1012.800,1263.221,740.226,740.226,6.753,10.871,130.449,130.449,123.926,14.061,13.991,30.5,104.0,73.5,33.3,1.09166,1.0386E+004,1.0000E+004
500,NONE,HOT,0.90,20000.0,-33.500,413.847,480.825,1012.800,1012.800,1203.592,675.988,675.988,6.753,10.871,130.449,130.449,123.926,11.983,11.923,15.2,88.8,73.5,25.2,1.65376,1.0386E+004,1.0000E+004
501,NONE,HOT,0.00,25000.0,-52.300,377.216,377.216,802.536,802.536,2200.000,1846.963,1846.963,5.454,5.181,62.171,62.171,59.062,26.395,26.263,224.5,224.5,0.0,201.1,0.89612,1.1726E+004,1.0000E+004
502,NONE,HOT,0.00,25000.0,-52.300,377.216,377.216,802.536,802.536,1949.653,1583.895,1583.895,5.454,5.181,62.171,62.171,59.062,23.331,23.215,202.0,202.0,0.0,161.1,0.79767,1.1726E+004,1.0000E+004
503,NONE,HOT,0.00,25000.0,-52.300,377.216,377.216,802.536,802.536,1727.854,1349.311,1349.311,5.454,5.181,62.171,62.171,59.062,20.177,20.076,179.6,179.6,0.0,127.2,0.70813,1.1726E+004,1.0000E+004
504,NONE,HOT,0.00,25000.0,-52.300,377.216,377.216,802.536,802.536,1536.608,1145.892,1145.892,5.454,5.181,62.171,62.171,59.062,17.071,16.986,157.1,157.1,0.0,99.0,0.62985,1.1726E+004,1.0000E+004
505,NONE,HOT,0.00,25000.0,-52.300,377.216,377.216,802.536,802.536,1375.865,974.465,974.465,5.454,5.181,62.171,62.171,59.062,14.170,14.100,134.7,134.7,0.0,76.1,0.56480,1.1726E+004,1.0000E+004
506,NONE,HOT,0.00,25000.0,-52.300,377.216,377.216,802.536,802.536,1244.812,834.782,834.782,5.454,5.181,62.171,62.171,59.062,11.604,11.546,112.2,112.2,0.0,57.9,0.51619,1.1726E+004,1.0000E+004
507,NONE,HOT,0.00,25000.0,-52.300,377.216,377.216,802.536,802.536,1137.803,721.096,721.096,5.454,5.181,62.171,62.171,59.062,9.421,9.374,89.8,89.8,0.0,43.5,0.48419,1.1726E+004,1.0000E+004
508,NONE,HOT,0.00,25000.0,-52.300,377.216,377.216,802.536,802.536,1054.701,633.233,633.233,5.454,5.181,62.171,62.171,59.062,7.677,7.638,67.3,67.3,0.0,32.4,0.48190,1.1726E+004,1.0000E+004
509,NONE,HOT,0.00,25000.0,-52.300,377.216,377.216,802.536,802.536,995.237,570.684,570.684,5.454,5.181,62.171,62.171,59.062,6.450,6.418,44.9,44.9,0.0,24.7,0.54949,1.1726E+004,1.0000E+004
510,NONE,HOT,0.00,25000.0,-52.300,377.216,377.216,802.536,802.536,960.666,534.491,534.491,5.454,5.181,62.171,62.171,59.062,5.723,5.694,22.4,22.4,0.0,20.2,0.89919,1.1726E+004,1.0000E+004
511,NONE,HOT,0.10,25000.0,-52.300,377.216,377.970,804.020,804.020,2200.000,1846.313,1846.313,5.454,5.215,62.580,62.580,59.451,26.526,26.394,216.8,224.6,7.8,200.9,0.92688,1.1714E+004,1.0000E+004
512,NONE,HOT,0.10,25000.0,-52.300,377.216,377.970,804.020,804.020,1957.739,1591.739,1591.739,5.454,5.215,62.580,62.580,59.451,23.548,23.431,195.1,202.9,7.8,162.2,0.83134,1.1714E+004,1.0000E+004
513,NONE,HOT,0.10,25000.0,-52.300,377.216,377.970,804.020,804.020,1741.955,1363.570,1363.570,5.454,5.215,62.580,62.580,59.451,20.481,20.379,173.4,181.2,7.8,129.1,0.74427,1.1714E+004,1.0000E+004
514,NONE,HOT,0.10,25000.0,-52.300,377.216,377.970,804.020,804.020,1554.703,1164.447,1164.447,5.454,5.215,62.580,62.580,59.451,17.453,17.365,151.8,159.6,7.8,101.4,0.66813,1.1714E+004,1.0000E+004
515,NONE,HOT,0.10,25000.0,-52.300,377.216,377.970,804.020,804.020,1395.556,994.732,994.732,5.454,5.215,62.580,62.580,59.451,14.595,14.522,130.1,137.9,7.8,78.6,0.60456,1.1714E+004,1.0000E+004
516,NONE,HOT,0.10,25000.0,-52.300,377.216,377.970,804.020,804.020,1265.216,855.748,855.748,5.454,5.215,62.580,62.580,59.451,12.052,11.992,108.4,116.2,7.8,60.5,0.55844,1.1714E+004,1.0000E+004
517,NONE,HOT,0.10,25000.0,-52.300,377.216,377.970,804.020,804.020,1158.150,741.899,741.899,5.454,5.215,62.580,62.580,59.451,9.857,9.807,86.7,94.5,7.8,46.0,0.53056,1.1714E+004,1.0000E+004
518,NONE,HOT,0.10,25000.0,-52.300,377.216,377.970,804.020,804.020,1072.740,651.483,651.483,5.454,5.215,62.580,62.580,59.451,8.070,8.030,65.0,72.8,7.8,34.6,0.53259,1.1714E+004,1.0000E+004
519,NONE,HOT,0.10,25000.0,-52.300,377.216,377.970,804.020,804.020,1008.596,583.928,583.928,5.454,5.215,62.580,62.580,59.451,6.740,6.707,43.4,51.2,7.8,26.2,0.60472,1.1714E+004,1.0000E+004
520,NONE,HOT,0.10,25000.0,-52.300,377.216,377.970,804.020,804.020,969.182,542.614,542.614,5.454,5.215,62.580,62.580,59.451,5.899,5.870,21.7,29.5,7.8,21.1,0.97314,1.1714E+004,1.0000E+004
521,NONE,HOT,0.20,25000.0,-52.300,377.216,380.230,808.450,808.450,2200.000,1844.371,1844.371,5.454,5.318,63.812,63.812,60.621,26.921,26.786,209.4,225.0,15.6,200.4,0.95682,1.1679E+004,1.0000E+004
522,NONE,HOT,0.20,25000.0,-52.300,377.216,380.230,808.450,808.450,1965.589,1597.987,1597.987,5.454,5.318,63.812,63.812,60.621,23.985,23.865,188.5,204.1,15.6,162.9,0.86414,1.1679E+004,1.0000E+004
523,NONE,HOT,0.20,25000.0,-52.300,377.216,380.230,808.450,808.450,1755.790,1376.162,1376.162,5.454,5.318,63.812,63.812,60.621,20.963,20.858,167.5,183.1,15.6,130.6,0.77956,1.1679E+004,1.0000E+004
524,NONE,HOT,0.20,25000.0,-52.300,377.216,380.230,808.450,808.450,1572.564,1181.327,1181.327,5.454,5.318,63.812,63.812,60.621,17.972,17.882,146.6,162.2,15.6,103.4,0.70555,1.1679E+004,1.0000E+004
525,NONE,HOT,0.20,25000.0,-52.300,377.216,380.230,808.450,808.450,1415.567,1013.873,1013.873,5.454,5.318,63.812,63.812,60.621,15.127,15.051,125.6,141.2,15.6,80.9,0.64384,1.1679E+004,1.0000E+004
526,NONE,HOT,0.20,25000.0,-52.300,377.216,380.230,808.450,808.450,1285.398,875.001,875.001,5.454,5.318,63.812,63.812,60.621,12.574,12.511,104.7,120.3,15.6,62.7,0.59923,1.1679E+004,1.0000E+004
527,NONE,HOT,0.20,25000.0,-52.300,377.216,380.230,808.450,808.450,1178.177,760.876,760.876,5.454,5.318,63.812,63.812,60.621,10.356,10.304,83.8,99.4,15.6,48.1,0.57471,1.1679E+004,1.0000E+004
528,NONE,HOT,0.20,25000.0,-52.300,377.216,380.230,808.450,808.450,1091.242,668.726,668.726,5.454,5.318,63.812,63.812,60.621,8.516,8.473,62.8,78.4,15.6,36.5,0.58138,1.1679E+004,1.0000E+004
529,NONE,HOT,0.20,25000.0,-52.300,377.216,380.230,808.450,808.450,1023.366,597.156,597.156,5.454,5.318,63.812,63.812,60.621,7.078,7.043,41.9,57.5,15.6,27.6,0.65873,1.1679E+004,1.0000E+004
530,NONE,HOT,0.20,25000.0,-52.300,377.216,380.230,808.450,808.450,979.298,550.883,550.883,5.454,5.318,63.812,63.812,60.621,6.129,6.098,20.9,36.5,15.6,21.8,1.04332,1.1679E+004,1.0000E+004
531,NONE,HOT,0.30,25000.0,-52.300,377.216,383.998,815.764,815.764,2200.000,1841.188,1841.188,5.454,5.490,65.882,65.882,62.588,27.579,27.441,202.2,225.6,23.4,199.4,0.98592,1.1622E+004,1.0000E+004
532,NONE,HOT,0.30,25000.0,-52.300,377.216,383.998,815.764,815.764,1973.283,1602.816,1602.816,5.454,5.490,65.882,65.882,62.588,24.648,24.525,182.0,205.4,23.4,163.1,0.89611,1.1622E+004,1.0000E+004
533,NONE,HOT,0.30,25000.0,-52.300,377.216,383.998,815.764,815.764,1769.282,1387.068,1387.068,5.454,5.490,65.882,65.882,62.588,21.631,21.523,161.8,185.2,23.4,131.7,0.81390,1.1622E+004,1.0000E+004
534,NONE,HOT,0.30,25000.0,-52.300,377.216,383.998,815.764,815.764,1589.888,1196.275,1196.275,5.454,5.490,65.882,65.882,62.588,18.635,18.542,141.6,165.0,23.4,105.0,0.74173,1.1622E+004,1.0000E+004
535,NONE,HOT,0.30,25000.0,-52.300,377.216,383.998,815.764,815.764,1435.502,1031.542,1031.542,5.454,5.490,65.882,65.882,62.588,15.774,15.695,121.3,144.7,23.4,82.8,0.68215,1.1622E+004,1.0000E+004
536,NONE,HOT,0.30,25000.0,-52.300,377.216,383.998,815.764,815.764,1305.475,892.737,892.737,5.454,5.490,65.882,65.882,62.588,13.182,13.116,101.1,124.5,23.4,64.6,0.63859,1.1622E+004,1.0000E+004
537,NONE,HOT,0.30,25000.0,-52.300,377.216,383.998,815.764,815.764,1198.112,778.348,778.348,5.454,5.490,65.882,65.882,62.588,10.918,10.864,80.9,104.3,23.4,49.9,0.61682,1.1622E+004,1.0000E+004
538,NONE,HOT,0.30,25000.0,-52.300,377.216,383.998,815.764,815.764,1110.400,685.236,685.236,5.454,5.490,65.882,65.882,62.588,9.018,8.973,60.7,84.1,23.4,38.1,0.62855,1.1622E+004,1.0000E+004
539,NONE,HOT,0.30,25000.0,-52.300,377.216,383.998,815.764,815.764,1040.109,610.996,610.996,5.454,5.490,65.882,65.882,62.588,7.484,7.447,40.4,63.8,23.4,28.9,0.71334,1.1622E+004,1.0000E+004
540,NONE,HOT,0.30,25000.0,-52.300,377.216,383.998,815.764,815.764,991.264,559.627,559.627,5.454,5.490,65.882,65.882,62.588,6.415,6.383,20.2,43.6,23.4,22.5,1.11125,1.1622E+004,1.0000E+004
541,NONE,HOT,0.40,25000.0,-52.300,377.216,389.276,825.854,825.854,2200.000,1836.851,1836.851,5.454,5.734,68.811,68.811,65.370,28.501,28.359,195.2,226.4,31.2,198.0,1.01436,1.1543E+004,1.0000E+004
542,NONE,HOT,0.40,25000.0,-52.300,377.216,389.276,825.854,825.854,1980.808,1606.268,1606.268,5.454,5.734,68.811,68.811,65.370,25.539,25.412,175.7,206.9,31.2,162.9,0.92736,1.1543E+004,1.0000E+004
543,NONE,HOT,0.40,25000.0,-52.300,377.216,389.276,825.854,825.854,1782.516,1396.479,1396.479,5.454,5.734,68.811,68.811,65.370,22.490,22.378,156.2,187.4,31.2,132.4,0.84743,1.1543E+004,1.0000E+004
544,NONE,HOT,0.40,25000.0,-52.300,377.216,389.276,825.854,825.854,1606.956,1209.693,1209.693,5.454,5.734,68.811,68.811,65.370,19.455,19.358,136.7,167.9,31.2,106.2,0.77700,1.1543E+004,1.0000E+004
545,NONE,HOT,0.40,25000.0,-52.300,377.216,389.276,825.854,825.854,1455.094,1047.566,1047.566,5.454,5.734,68.811,68.811,65.370,16.549,16.466,117.1,148.3,31.2,84.2,0.71923,1.1543E+004,1.0000E+004
546,NONE,HOT,0.40,25000.0,-52.300,377.216,389.276,825.854,825.854,1325.737,909.365,909.365,5.454,5.734,68.811,68.811,65.370,13.889,13.819,97.6,128.8,31.2,66.1,0.67692,1.1543E+004,1.0000E+004
547,NONE,HOT,0.40,25000.0,-52.300,377.216,389.276,825.854,825.854,1218.389,794.854,794.854,5.454,5.734,68.811,68.811,65.370,11.558,11.500,78.1,109.3,31.2,51.3,0.65755,1.1543E+004,1.0000E+004
548,NONE,HOT,0.40,25000.0,-52.300,377.216,389.276,825.854,825.854,1130.172,701.078,701.078,5.454,5.734,68.811,68.811,65.370,9.585,9.537,58.6,89.8,31.2,39.5,0.67405,1.1543E+004,1.0000E+004
549,NONE,HOT,0.40,25000.0,-52.300,377.216,389.276,825.854,825.854,1058.401,625.128,625.128,5.454,5.734,68.811,68.811,65.370,7.958,7.918,39.0,70.2,31.2,30.0,0.76756,1.1543E+004,1.0000E+004
550,NONE,HOT,0.40,25000.0,-52.300,377.216,389.276,825.854,825.854,1005.039,568.920,568.920,5.454,5.734,68.811,68.811,65.370,6.765,6.731,19.5,50.7,31.2,23.0,1.17722,1.1543E+004,1.0000E+004
551,NONE,HOT,0.50,25000.0,-52.300,377.216,396.066,838.449,838.449,2200.000,1831.587,1831.587,5.454,6.052,72.619,72.619,68.988,29.694,29.546,188.4,227.4,39.0,196.4,1.04241,1.1444E+004,1.0000E+004
552,NONE,HOT,0.50,25000.0,-52.300,377.216,396.066,838.449,838.449,1988.144,1608.573,1608.573,5.454,6.052,72.619,72.619,68.988,26.669,26.535,169.5,208.5,39.0,162.4,0.95815,1.1444E+004,1.0000E+004
553,NONE,HOT,0.50,25000.0,-52.300,377.216,396.066,838.449,838.449,1795.529,1404.682,1404.682,5.454,6.052,72.619,72.619,68.988,23.556,23.438,150.7,189.7,39.0,132.7,0.88047,1.1444E+004,1.0000E+004
554,NONE,HOT,0.50,25000.0,-52.300,377.216,396.066,838.449,838.449,1623.779,1221.850,1221.850,5.454,6.052,72.619,72.619,68.988,20.445,20.343,131.9,170.9,39.0,107.0,0.81162,1.1444E+004,1.0000E+004
555,NONE,HOT,0.50,25000.0,-52.300,377.216,396.066,838.449,838.449,1474.331,1062.195,1062.195,5.454,6.052,72.619,72.619,68.988,17.467,17.379,113.0,152.0,39.0,85.4,0.75529,1.1444E+004,1.0000E+004
556,NONE,HOT,0.50,25000.0,-52.300,377.216,396.066,838.449,838.449,1346.153,925.124,925.124,5.454,6.052,72.619,72.619,68.988,14.715,14.642,94.2,133.2,39.0,67.3,0.71450,1.1444E+004,1.0000E+004
557,NONE,HOT,0.50,25000.0,-52.300,377.216,396.066,838.449,838.449,1239.122,810.812,810.812,5.454,6.052,72.619,72.619,68.988,12.300,12.238,75.3,114.3,39.0,52.6,0.69751,1.1444E+004,1.0000E+004
558,NONE,HOT,0.50,25000.0,-52.300,377.216,396.066,838.449,838.449,1150.801,716.773,716.773,5.454,6.052,72.619,72.619,68.988,10.241,10.190,56.5,95.5,39.0,40.6,0.71893,1.1444E+004,1.0000E+004
559,NONE,HOT,0.50,25000.0,-52.300,377.216,396.066,838.449,838.449,1077.693,639.261,639.261,5.454,6.052,72.619,72.619,68.988,8.504,8.462,37.7,76.7,39.0,30.9,0.82041,1.1444E+004,1.0000E+004
560,NONE,HOT,0.50,25000.0,-52.300,377.216,396.066,838.449,838.449,1020.370,578.783,578.783,5.454,6.052,72.619,72.619,68.988,7.185,7.149,18.8,57.8,39.0,23.4,1.24123,1.1444E+004,1.0000E+004
561,NONE,HOT,0.60,25000.0,-52.300,377.216,404.356,854.703,854.703,2200.000,1824.370,1824.370,5.454,6.484,77.803,77.803,73.913,31.256,31.100,181.6,228.4,46.8,194.2,1.06936,1.1326E+004,1.0000E+004
562,NONE,HOT,0.60,25000.0,-52.300,377.216,404.356,854.703,854.703,1995.303,1608.691,1608.691,5.454,6.484,77.803,77.803,73.913,28.116,27.975,163.4,210.2,46.8,161.4,0.98764,1.1326E+004,1.0000E+004
563,NONE,HOT,0.60,25000.0,-52.300,377.216,404.356,854.703,854.703,1808.664,1410.958,1410.958,5.454,6.484,77.803,77.803,73.913,24.894,24.769,145.3,192.1,46.8,132.5,0.91240,1.1326E+004,1.0000E+004
564,NONE,HOT,0.60,25000.0,-52.300,377.216,404.356,854.703,854.703,1641.135,1232.468,1232.468,5.454,6.484,77.803,77.803,73.913,21.667,21.558,127.1,173.9,46.8,107.5,0.84535,1.1326E+004,1.0000E+004
565,NONE,HOT,0.60,25000.0,-52.300,377.216,404.356,854.703,854.703,1494.165,1075.312,1075.312,5.454,6.484,77.803,77.803,73.913,18.574,18.481,109.0,155.7,46.8,86.1,0.79020,1.1326E+004,1.0000E+004
566,NONE,HOT,0.60,25000.0,-52.300,377.216,404.356,854.703,854.703,1367.713,939.916,939.916,5.454,6.484,77.803,77.803,73.913,15.700,15.622,90.8,137.6,46.8,68.2,0.75120,1.1326E+004,1.0000E+004
567,NONE,HOT,0.60,25000.0,-52.300,377.216,404.356,854.703,854.703,1260.984,825.751,825.751,5.454,6.484,77.803,77.803,73.913,13.162,13.097,72.6,119.4,46.8,53.5,0.73589,1.1326E+004,1.0000E+004
568,NONE,HOT,0.60,25000.0,-52.300,377.216,404.356,854.703,854.703,1172.326,731.179,731.179,5.454,6.484,77.803,77.803,73.913,10.984,10.929,54.5,101.3,46.8,41.4,0.76056,1.1326E+004,1.0000E+004
569,NONE,HOT,0.60,25000.0,-52.300,377.216,404.356,854.703,854.703,1098.045,652.260,652.260,5.454,6.484,77.803,77.803,73.913,9.141,9.096,36.3,83.1,46.8,31.5,0.86796,1.1326E+004,1.0000E+004
570,NONE,HOT,0.60,25000.0,-52.300,377.216,404.356,854.703,854.703,1038.252,589.054,589.054,5.454,6.484,77.803,77.803,73.913,7.684,7.645,18.2,65.0,46.8,23.6,1.30227,1.1326E+004,1.0000E+004
571,NONE,HOT,0.70,25000.0,-52.300,377.216,414.141,875.377,875.377,2200.000,1814.539,1814.539,5.454,7.063,84.756,84.756,80.518,33.234,33.068,174.8,229.4,54.6,191.4,1.09528,1.1191E+004,1.0000E+004
572,NONE,HOT,0.70,25000.0,-52.300,377.216,414.141,875.377,875.377,2002.677,1606.342,1606.342,5.454,7.063,84.756,84.756,80.518,29.923,29.773,157.3,211.9,54.6,159.8,1.01614,1.1191E+004,1.0000E+004
573,NONE,HOT,0.70,25000.0,-52.300,377.216,414.141,875.377,875.377,1822.309,1414.996,1414.996,5.454,7.063,84.756,84.756,80.518,26.538,26.405,139.8,194.4,54.6,131.9,0.94340,1.1191E+004,1.0000E+004
574,NONE,HOT,0.70,25000.0,-52.300,377.216,414.141,875.377,875.377,1659.275,1241.078,1241.078,5.454,7.063,84.756,84.756,80.518,23.146,23.030,122.3,176.9,54.6,107.4,0.87815,1.1191E+004,1.0000E+004
575,NONE,HOT,0.70,25000.0,-52.300,377.216,414.141,875.377,875.377,1515.016,1086.609,1086.609,5.454,7.063,84.756,84.756,80.518,19.885,19.786,104.9,159.5,54.6,86.4,0.82396,1.1191E+004,1.0000E+004
576,NONE,HOT,0.70,25000.0,-52.300,377.216,414.141,875.377,875.377,1390.505,953.071,953.071,5.454,7.063,84.756,84.756,80.518,16.859,16.774,87.4,142.0,54.6,68.7,0.78644,1.1191E+004,1.0000E+004
577,NONE,HOT,0.70,25000.0,-52.300,377.216,414.141,875.377,875.377,1284.536,839.500,839.500,5.454,7.063,84.756,84.756,80.518,14.156,14.085,69.9,124.5,54.6,54.0,0.77270,1.1191E+004,1.0000E+004
578,NONE,HOT,0.70,25000.0,-52.300,377.216,414.141,875.377,875.377,1195.839,744.674,744.674,5.454,7.063,84.756,84.756,80.518,11.836,11.777,52.4,107.0,54.6,41.9,0.80001,1.1191E+004,1.0000E+004
579,NONE,HOT,0.70,25000.0,-52.300,377.216,414.141,875.377,875.377,1121.256,665.248,665.248,5.454,7.063,84.756,84.756,80.518,9.874,9.825,35.0,89.6,54.6,32.0,0.91424,1.1191E+004,1.0000E+004
580,NONE,HOT,0.70,25000.0,-52.300,377.216,414.141,875.377,875.377,1059.657,599.978,599.978,5.454,7.063,84.756,84.756,80.518,8.272,8.230,17.5,72.1,54.6,23.8,1.36265,1.1191E+004,1.0000E+004
581,NONE,HOT,0.80,25000.0,-52.300,377.216,425.435,899.191,899.191,2200.000,1803.119,1803.119,5.454,7.775,93.303,93.303,88.638,35.567,35.389,167.8,230.2,62.4,188.2,1.12156,1.1042E+004,1.0000E+004
582,NONE,HOT,0.80,25000.0,-52.300,377.216,425.435,899.191,899.191,2010.183,1602.513,1602.513,5.454,7.775,93.303,93.303,88.638,32.044,31.884,151.0,213.4,62.4,157.8,1.04502,1.1042E+004,1.0000E+004
583,NONE,HOT,0.80,25000.0,-52.300,377.216,425.435,899.191,899.191,1835.959,1417.432,1417.432,5.454,7.775,93.303,93.303,88.638,28.455,28.312,134.3,196.7,62.4,130.8,0.97453,1.1042E+004,1.0000E+004
584,NONE,HOT,0.80,25000.0,-52.300,377.216,425.435,899.191,899.191,1677.946,1248.620,1248.620,5.454,7.775,93.303,93.303,88.638,24.871,24.747,117.5,179.9,62.4,107.1,0.91144,1.1042E+004,1.0000E+004
585,NONE,HOT,0.80,25000.0,-52.300,377.216,425.435,899.191,899.191,1536.892,1097.340,1097.340,5.454,7.775,93.303,93.303,88.638,21.409,21.302,100.7,163.1,62.4,86.4,0.85852,1.1042E+004,1.0000E+004
586,NONE,HOT,0.80,25000.0,-52.300,377.216,425.435,899.191,899.191,1414.224,965.535,965.535,5.454,7.775,93.303,93.303,88.638,18.191,18.100,83.9,146.3,62.4,69.0,0.82189,1.1042E+004,1.0000E+004
587,NONE,HOT,0.80,25000.0,-52.300,377.216,425.435,899.191,899.191,1309.128,852.658,852.658,5.454,7.775,93.303,93.303,88.638,15.306,15.230,67.1,129.5,62.4,54.3,0.80925,1.1042E+004,1.0000E+004
588,NONE,HOT,0.80,25000.0,-52.300,377.216,425.435,899.191,899.191,1220.650,757.839,757.839,5.454,7.775,93.303,93.303,88.638,12.818,12.754,50.3,112.7,62.4,42.2,0.83883,1.1042E+004,1.0000E+004
589,NONE,HOT,0.80,25000.0,-52.300,377.216,425.435,899.191,899.191,1146.142,678.285,678.285,5.454,7.775,93.303,93.303,88.638,10.714,10.661,33.6,96.0,62.4,32.2,0.95975,1.1042E+004,1.0000E+004
590,NONE,HOT,0.80,25000.0,-52.300,377.216,425.435,899.191,899.191,1084.086,612.328,612.328,5.454,7.775,93.303,93.303,88.638,8.979,8.934,16.8,79.2,62.4,24.0,1.42883,1.1042E+004,1.0000E+004
591,NONE,HOT,0.90,25000.0,-52.300,377.216,438.242,926.105,926.105,2200.000,1790.169,1790.169,5.454,8.639,103.673,103.673,98.489,38.264,38.073,160.7,230.9,70.2,184.6,1.14870,1.0879E+004,1.0000E+004
592,NONE,HOT,0.90,25000.0,-52.300,377.216,438.242,926.105,926.105,2018.024,1597.497,1597.497,5.454,8.639,103.673,103.673,98.489,34.497,34.324,144.6,214.8,70.2,155.5,1.07502,1.0879E+004,1.0000E+004
593,NONE,HOT,0.90,25000.0,-52.300,377.216,438.242,926.105,926.105,1850.235,1418.927,1418.927,5.454,8.639,103.673,103.673,98.489,30.668,30.514,128.6,198.8,70.2,129.5,1.00694,1.0879E+004,1.0000E+004
594,NONE,HOT,0.90,25000.0,-52.300,377.216,438.242,926.105,926.105,1697.493,1255.486,1255.486,5.454,8.639,103.673,103.673,98.489,26.861,26.726,112.5,182.7,70.2,106.4,0.94615,1.0879E+004,1.0000E+004
595,NONE,HOT,0.90,25000.0,-52.300,377.216,438.242,926.105,926.105,1560.203,1107.956,1107.956,5.454,8.639,103.673,103.673,98.489,23.171,23.055,96.4,166.6,70.2,86.3,0.89496,1.0879E+004,1.0000E+004
596,NONE,HOT,0.90,25000.0,-52.300,377.216,438.242,926.105,926.105,1439.551,978.053,978.053,5.454,8.639,103.673,103.673,98.489,19.727,19.628,80.4,150.6,70.2,69.0,0.85915,1.0879E+004,1.0000E+004
597,NONE,HOT,0.90,25000.0,-52.300,377.216,438.242,926.105,926.105,1335.611,866.156,866.156,5.454,8.639,103.673,103.673,98.489,16.632,16.549,64.3,134.5,70.2,54.5,0.84772,1.0879E+004,1.0000E+004
598,NONE,HOT,0.90,25000.0,-52.300,377.216,438.242,926.105,926.105,1247.225,771.187,771.187,5.454,8.639,103.673,103.673,98.489,13.943,13.873,48.2,118.4,70.2,42.4,0.87867,1.0879E+004,1.0000E+004
599,NONE,HOT,0.90,25000.0,-52.300,377.216,438.242,926.105,926.105,1172.964,691.670,691.670,5.454,8.639,103.673,103.673,98.489,11.678,11.620,32.1,102.3,70.2,32.3,1.00596,1.0879E+004,1.0000E+004
600,NONE,HOT,0.90,25000.0,-52.300,377.216,438.242,926.105,926.105,1111.155,625.751,625.751,5.454,8.639,103.673,103.673,98.489,9.804,9.755,16.1,86.3,70.2,24.1,1.49934,1.0879E+004,1.0000E+004
601,NONE,HOT,0.00,30000.0,-71.300,340.385,340.385,726.001,726.001,2200.000,1881.857,1881.857,4.364,4.146,49.751,49.751,47.264,22.983,22.868,229.9,229.9,0.0,211.3,0.91918,1.2344E+004,1.0000E+004
602,NONE,HOT,0.00,30000.0,-71.300,340.385,340.385,726.001,726.001,1933.693,1603.401,1603.401,4.364,4.146,49.751,49.751,47.264,20.449,20.347,206.9,206.9,0.0,168.7,0.81533,1.2344E+004,1.0000E+004
603,NONE,HOT,0.00,30000.0,-71.300,340.385,340.385,726.001,726.001,1695.963,1353.261,1353.261,4.364,4.146,49.751,49.751,47.264,17.763,17.674,183.9,183.9,0.0,132.3,0.71950,1.2344E+004,1.0000E+004
604,NONE,HOT,0.00,30000.0,-71.300,340.385,340.385,726.001,726.001,1489.564,1134.908,1134.908,4.364,4.146,49.751,49.751,47.264,15.031,14.956,160.9,160.9,0.0,102.0,0.63410,1.2344E+004,1.0000E+004
605,NONE,HOT,0.00,30000.0,-71.300,340.385,340.385,726.001,726.001,1315.941,950.829,950.829,4.364,4.146,49.751,49.751,47.264,12.415,12.353,137.9,137.9,0.0,77.5,0.56189,1.2344E+004,1.0000E+004
606,NONE,HOT,0.00,30000.0,-71.300,340.385,340.385,726.001,726.001,1173.452,799.974,799.974,4.364,4.146,49.751,49.751,47.264,10.049,9.998,114.9,114.9,0.0,58.0,0.50452,1.2344E+004,1.0000E+004
607,NONE,HOT,0.00,30000.0,-71.300,340.385,340.385,726.001,726.001,1060.313,680.684,680.684,4.364,4.146,49.751,49.751,47.264,8.043,8.003,91.9,91.9,0.0,42.9,0.46638,1.2344E+004,1.0000E+004
608,NONE,HOT,0.00,30000.0,-71.300,340.385,340.385,726.001,726.001,972.152,588.287,588.287,4.364,4.146,49.751,49.751,47.264,6.438,6.405,69.0,69.0,0.0,31.3,0.45440,1.2344E+004,1.0000E+004
609,NONE,HOT,0.00,30000.0,-71.300,340.385,340.385,726.001,726.001,909.943,523.486,523.486,4.364,4.146,49.751,49.751,47.264,5.293,5.266,46.0,46.0,0.0,23.3,0.50673,1.2344E+004,1.0000E+004
610,NONE,HOT,0.00,30000.0,-71.300,340.385,340.385,726.001,726.001,871.261,483.401,483.401,4.364,4.146,49.751,49.751,47.264,4.604,4.581,23.0,23.0,0.0,18.3,0.79795,1.2344E+004,1.0000E+004
611,NONE,HOT,0.10,30000.0,-71.300,340.385,341.061,727.501,727.501,2200.000,1881.143,1881.143,4.364,4.176,50.109,50.109,47.603,23.108,22.993,222.6,230.0,7.4,211.1,0.94833,1.2332E+004,1.0000E+004
612,NONE,HOT,0.10,30000.0,-71.300,340.385,341.061,727.501,727.501,1941.776,1611.133,1611.133,4.364,4.176,50.109,50.109,47.603,20.638,20.535,200.3,207.7,7.4,169.7,0.84731,1.2332E+004,1.0000E+004
613,NONE,HOT,0.10,30000.0,-71.300,340.385,341.061,727.501,727.501,1710.136,1367.448,1367.448,4.364,4.176,50.109,50.109,47.603,18.022,17.932,178.1,185.5,7.4,134.2,0.75385,1.2332E+004,1.0000E+004
614,NONE,HOT,0.10,30000.0,-71.300,340.385,341.061,727.501,727.501,1507.781,1153.412,1153.412,4.364,4.176,50.109,50.109,47.603,15.356,15.280,155.8,163.2,7.4,104.5,0.67043,1.2332E+004,1.0000E+004
615,NONE,HOT,0.10,30000.0,-71.300,340.385,341.061,727.501,727.501,1336.082,971.360,971.360,4.364,4.176,50.109,50.109,47.603,12.784,12.720,133.6,141.0,7.4,80.1,0.59980,1.2332E+004,1.0000E+004
616,NONE,HOT,0.10,30000.0,-71.300,340.385,341.061,727.501,727.501,1194.428,821.303,821.303,4.364,4.176,50.109,50.109,47.603,10.438,10.386,111.3,118.7,7.4,60.6,0.54480,1.2332E+004,1.0000E+004
617,NONE,HOT,0.10,30000.0,-71.300,340.385,341.061,727.501,727.501,1079.821,700.364,700.364,4.364,4.176,50.109,50.109,47.603,8.416,8.374,89.0,96.4,7.4,45.3,0.50848,1.2332E+004,1.0000E+004
618,NONE,HOT,0.10,30000.0,-71.300,340.385,341.061,727.501,727.501,989.229,605.290,605.290,4.364,4.176,50.109,50.109,47.603,6.761,6.728,66.8,74.2,7.4,33.4,0.49968,1.2332E+004,1.0000E+004
619,NONE,HOT,0.10,30000.0,-71.300,340.385,341.061,727.501,727.501,924.828,538.094,538.094,4.364,4.176,50.109,50.109,47.603,5.554,5.527,44.5,51.9,7.4,25.0,0.56209,1.2332E+004,1.0000E+004
620,NONE,HOT,0.10,30000.0,-71.300,340.385,341.061,727.501,727.501,879.201,490.760,490.760,4.364,4.176,50.109,50.109,47.603,4.749,4.726,22.3,29.7,7.4,19.2,0.86113,1.2332E+004,1.0000E+004
621,NONE,HOT,0.20,30000.0,-71.300,340.385,343.089,731.936,731.936,2200.000,1879.051,1879.051,4.364,4.266,51.188,51.188,48.629,23.488,23.371,215.6,230.4,14.8,210.5,0.97651,1.2295E+004,1.0000E+004
622,NONE,HOT,0.20,30000.0,-71.300,340.385,343.089,731.936,731.936,1949.663,1617.231,1617.231,4.364,4.266,51.188,51.188,48.629,21.042,20.936,194.0,208.8,14.8,170.4,0.87830,1.2295E+004,1.0000E+004
623,NONE,HOT,0.20,30000.0,-71.300,340.385,343.089,731.936,731.936,1723.990,1379.812,1379.812,4.364,4.266,51.188,51.188,48.629,18.454,18.362,172.4,187.3,14.8,135.7,0.78715,1.2295E+004,1.0000E+004
624,NONE,HOT,0.20,30000.0,-71.300,340.385,343.089,731.936,731.936,1525.686,1170.050,1170.050,4.364,4.266,51.188,51.188,48.629,15.814,15.735,150.9,165.7,14.8,106.5,0.70564,1.2295E+004,1.0000E+004
625,NONE,HOT,0.20,30000.0,-71.300,340.385,343.089,731.936,731.936,1355.916,989.997,989.997,4.364,4.266,51.188,51.188,48.629,13.248,13.182,129.3,144.1,14.8,82.3,0.63639,1.2295E+004,1.0000E+004
626,NONE,HOT,0.20,30000.0,-71.300,340.385,343.089,731.936,731.936,1215.397,841.036,841.036,4.364,4.266,51.188,51.188,48.629,10.897,10.843,107.8,122.6,14.8,62.9,0.58374,1.2295E+004,1.0000E+004
627,NONE,HOT,0.20,30000.0,-71.300,340.385,343.089,731.936,731.936,1100.707,719.870,719.870,4.364,4.266,51.188,51.188,48.629,8.856,8.812,86.2,101.0,14.8,47.5,0.55071,1.2295E+004,1.0000E+004
628,NONE,HOT,0.20,30000.0,-71.300,340.385,343.089,731.936,731.936,1008.176,622.610,622.610,4.364,4.266,51.188,51.188,48.629,7.140,7.104,64.7,79.5,14.8,35.3,0.54556,1.2295E+004,1.0000E+004
629,NONE,HOT,0.20,30000.0,-71.300,340.385,343.089,731.936,731.936,939.742,551.103,551.103,4.364,4.266,51.188,51.188,48.629,5.852,5.823,43.1,57.9,14.8,26.4,0.61209,1.2295E+004,1.0000E+004
630,NONE,HOT,0.20,30000.0,-71.300,340.385,343.089,731.936,731.936,889.076,498.478,498.478,4.364,4.266,51.188,51.188,48.629,4.934,4.909,21.6,36.4,14.8,19.9,0.92193,1.2295E+004,1.0000E+004
631,NONE,HOT,0.30,30000.0,-71.300,340.385,346.470,739.195,739.195,2200.000,1875.672,1875.672,4.364,4.418,53.016,53.016,50.365,24.130,24.009,208.8,231.0,22.2,209.5,1.00367,1.2235E+004,1.0000E+004
632,NONE,HOT,0.30,30000.0,-71.300,340.385,346.470,739.195,739.195,1957.251,1621.687,1621.687,4.364,4.418,53.016,53.016,50.365,21.670,21.561,187.9,210.1,22.2,170.6,0.90813,1.2235E+004,1.0000E+004
633,NONE,HOT,0.30,30000.0,-71.300,340.385,346.470,739.195,739.195,1737.569,1390.509,1390.509,4.364,4.418,53.016,53.016,50.365,19.073,18.978,167.0,189.2,22.2,136.8,0.81936,1.2235E+004,1.0000E+004
634,NONE,HOT,0.30,30000.0,-71.300,340.385,346.470,739.195,739.195,1543.265,1184.923,1184.923,4.364,4.418,53.016,53.016,50.365,16.419,16.337,146.1,168.4,22.2,108.1,0.73964,1.2235E+004,1.0000E+004
635,NONE,HOT,0.30,30000.0,-71.300,340.385,346.470,739.195,739.195,1375.555,1006.974,1006.974,4.364,4.418,53.016,53.016,50.365,13.826,13.757,125.3,147.5,22.2,84.1,0.67167,1.2235E+004,1.0000E+004
636,NONE,HOT,0.30,30000.0,-71.300,340.385,346.470,739.195,739.195,1235.437,858.316,858.316,4.364,4.418,53.016,53.016,50.365,11.435,11.378,104.4,126.6,22.2,64.7,0.62006,1.2235E+004,1.0000E+004
637,NONE,HOT,0.30,30000.0,-71.300,340.385,346.470,739.195,739.195,1121.056,737.322,737.322,4.364,4.418,53.016,53.016,50.365,9.341,9.295,83.5,105.7,22.2,49.3,0.59009,1.2235E+004,1.0000E+004
638,NONE,HOT,0.30,30000.0,-71.300,340.385,346.470,739.195,739.195,1027.810,639.162,639.162,4.364,4.418,53.016,53.016,50.365,7.571,7.533,62.6,84.8,22.2,36.9,0.58974,1.2235E+004,1.0000E+004
639,NONE,HOT,0.30,30000.0,-71.300,340.385,346.470,739.195,739.195,955.817,563.810,563.810,4.364,4.418,53.016,53.016,50.365,6.197,6.166,41.8,64.0,22.2,27.6,0.65989,1.2235E+004,1.0000E+004
640,NONE,HOT,0.30,30000.0,-71.300,340.385,346.470,739.195,739.195,901.411,507.205,507.205,4.364,4.418,53.016,53.016,50.365,5.176,5.150,20.9,43.1,22.2,20.5,0.98393,1.2235E+004,1.0000E+004
641,NONE,HOT,0.40,30000.0,-71.300,340.385,351.206,749.271,749.271,2200.000,1871.007,1871.007,4.364,4.636,55.632,55.632,52.850,25.037,24.912,202.1,231.8,29.6,208.2,1.02996,1.2152E+004,1.0000E+004
642,NONE,HOT,0.40,30000.0,-71.300,340.385,351.206,749.271,749.271,1964.617,1624.583,1624.583,4.364,4.636,55.632,55.632,52.850,22.527,22.415,181.9,211.5,29.6,170.5,0.93699,1.2152E+004,1.0000E+004
643,NONE,HOT,0.40,30000.0,-71.300,340.385,351.206,749.271,749.271,1750.895,1399.567,1399.567,4.364,4.636,55.632,55.632,52.850,19.886,19.786,161.7,191.3,29.6,137.6,0.85056,1.2152E+004,1.0000E+004
644,NONE,HOT,0.40,30000.0,-71.300,340.385,351.206,749.271,749.271,1560.627,1198.159,1198.159,4.364,4.636,55.632,55.632,52.850,17.183,17.097,141.5,171.1,29.6,109.3,0.77256,1.2152E+004,1.0000E+004
645,NONE,HOT,0.40,30000.0,-71.300,340.385,351.206,749.271,749.271,1395.390,1022.712,1022.712,4.364,4.636,55.632,55.632,52.850,14.534,14.461,121.3,150.9,29.6,85.6,0.70606,1.2152E+004,1.0000E+004
646,NONE,HOT,0.40,30000.0,-71.300,340.385,351.206,749.271,749.271,1255.835,874.511,874.511,4.364,4.636,55.632,55.632,52.850,12.074,12.014,101.1,130.7,29.6,66.2,0.65531,1.2152E+004,1.0000E+004
647,NONE,HOT,0.40,30000.0,-71.300,340.385,351.206,749.271,749.271,1141.229,753.114,753.114,4.364,4.636,55.632,55.632,52.850,9.907,9.857,80.9,110.5,29.6,50.7,0.62701,1.2152E+004,1.0000E+004
648,NONE,HOT,0.40,30000.0,-71.300,340.385,351.206,749.271,749.271,1047.423,654.202,654.202,4.364,4.636,55.632,55.632,52.850,8.065,8.025,60.6,90.3,29.6,38.2,0.63057,1.2152E+004,1.0000E+004
649,NONE,HOT,0.40,30000.0,-71.300,340.385,351.206,749.271,749.271,973.088,576.259,576.259,4.364,4.636,55.632,55.632,52.850,6.596,6.563,40.4,70.0,29.6,28.5,0.70549,1.2152E+004,1.0000E+004
650,NONE,HOT,0.40,30000.0,-71.300,340.385,351.206,749.271,749.271,916.104,516.852,516.852,4.364,4.636,55.632,55.632,52.850,5.473,5.445,20.2,49.8,29.6,21.2,1.04676,1.2152E+004,1.0000E+004
651,NONE,HOT,0.50,30000.0,-71.300,340.385,357.298,762.073,762.073,2200.000,1865.124,1865.124,4.364,4.924,59.088,59.088,56.134,26.217,26.086,195.6,232.6,37.0,206.5,1.05565,1.2048E+004,1.0000E+004
652,NONE,HOT,0.50,30000.0,-71.300,340.385,357.298,762.073,762.073,1971.884,1626.125,1626.125,4.364,4.924,59.088,59.088,56.134,23.625,23.507,176.1,213.1,37.0,169.9,0.96521,1.2048E+004,1.0000E+004
653,NONE,HOT,0.50,30000.0,-71.300,340.385,357.298,762.073,762.073,1764.169,1407.291,1407.291,4.364,4.924,59.088,59.088,56.134,20.905,20.800,156.5,193.5,37.0,137.9,0.88114,1.2048E+004,1.0000E+004
654,NONE,HOT,0.50,30000.0,-71.300,340.385,357.298,762.073,762.073,1577.991,1210.074,1210.074,4.364,4.924,59.088,59.088,56.134,18.118,18.028,136.9,174.0,37.0,110.2,0.80479,1.2048E+004,1.0000E+004
655,NONE,HOT,0.50,30000.0,-71.300,340.385,357.298,762.073,762.073,1415.314,1037.197,1037.197,4.364,4.924,59.088,59.088,56.134,15.379,15.302,117.4,154.4,37.0,86.8,0.73962,1.2048E+004,1.0000E+004
656,NONE,HOT,0.50,30000.0,-71.300,340.385,357.298,762.073,762.073,1276.509,889.631,889.631,4.364,4.924,59.088,59.088,56.134,12.824,12.760,97.8,134.8,37.0,67.4,0.68953,1.2048E+004,1.0000E+004
657,NONE,HOT,0.50,30000.0,-71.300,340.385,357.298,762.073,762.073,1161.692,767.826,767.826,4.364,4.924,59.088,59.088,56.134,10.557,10.504,78.2,115.3,37.0,51.8,0.66228,1.2048E+004,1.0000E+004
658,NONE,HOT,0.50,30000.0,-71.300,340.385,357.298,762.073,762.073,1067.478,668.308,668.308,4.364,4.924,59.088,59.088,56.134,8.625,8.582,58.7,95.7,37.0,39.3,0.66906,1.2048E+004,1.0000E+004
659,NONE,HOT,0.50,30000.0,-71.300,340.385,357.298,762.073,762.073,991.481,588.465,588.465,4.364,4.924,59.088,59.088,56.134,7.054,7.019,39.1,76.1,37.0,29.3,0.74884,1.2048E+004,1.0000E+004
660,NONE,HOT,0.50,30000.0,-71.300,340.385,357.298,762.073,762.073,932.758,527.128,527.128,4.364,4.924,59.088,59.088,56.134,5.826,5.797,19.6,56.6,37.0,21.7,1.10883,1.2048E+004,1.0000E+004
661,NONE,HOT,0.60,30000.0,-71.300,340.385,364.750,777.471,777.471,2200.000,1858.123,1858.123,4.364,5.287,63.445,63.445,60.273,27.677,27.538,189.1,233.6,44.4,204.5,1.08108,1.1925E+004,1.0000E+004
662,NONE,HOT,0.60,30000.0,-71.300,340.385,364.750,777.471,777.471,1979.045,1626.413,1626.413,4.364,5.287,63.445,63.445,60.273,24.969,24.844,170.2,214.6,44.4,169.0,0.99306,1.1925E+004,1.0000E+004
663,NONE,HOT,0.60,30000.0,-71.300,340.385,364.750,777.471,777.471,1777.221,1413.607,1413.607,4.364,5.287,63.445,63.445,60.273,22.137,22.026,151.3,195.7,44.4,137.9,0.91120,1.1925E+004,1.0000E+004
664,NONE,HOT,0.60,30000.0,-71.300,340.385,364.750,777.471,777.471,1595.474,1220.917,1220.917,4.364,5.287,63.445,63.445,60.273,19.238,19.142,132.4,176.8,44.4,110.8,0.83670,1.1925E+004,1.0000E+004
665,NONE,HOT,0.60,30000.0,-71.300,340.385,364.750,777.471,777.471,1435.334,1050.560,1050.560,4.364,5.287,63.445,63.445,60.273,16.380,16.298,113.5,157.9,44.4,87.7,0.77259,1.1925E+004,1.0000E+004
666,NONE,HOT,0.60,30000.0,-71.300,340.385,364.750,777.471,777.471,1297.541,903.885,903.885,4.364,5.287,63.445,63.445,60.273,13.699,13.631,94.6,139.0,44.4,68.4,0.72306,1.1925E+004,1.0000E+004
667,NONE,HOT,0.60,30000.0,-71.300,340.385,364.750,777.471,777.471,1182.555,781.705,781.705,4.364,5.287,63.445,63.445,60.273,11.305,11.248,75.7,120.1,44.4,52.7,0.69628,1.1925E+004,1.0000E+004
668,NONE,HOT,0.60,30000.0,-71.300,340.385,364.750,777.471,777.471,1088.112,681.755,681.755,4.364,5.287,63.445,63.445,60.273,9.264,9.218,56.7,101.2,44.4,40.0,0.70573,1.1925E+004,1.0000E+004
669,NONE,HOT,0.60,30000.0,-71.300,340.385,364.750,777.471,777.471,1011.091,600.678,600.678,4.364,5.287,63.445,63.445,60.273,7.581,7.543,37.8,82.2,44.4,29.9,0.79068,1.1925E+004,1.0000E+004
670,NONE,HOT,0.60,30000.0,-71.300,340.385,364.750,777.471,777.471,951.125,537.891,537.891,4.364,5.287,63.445,63.445,60.273,6.244,6.212,18.9,63.3,44.4,22.1,1.16947,1.1925E+004,1.0000E+004
671,NONE,HOT,0.70,30000.0,-71.300,340.385,373.564,795.287,795.287,2200.000,1850.167,1850.167,4.364,5.730,68.763,68.763,65.325,29.422,29.275,182.6,234.4,51.8,202.1,1.10669,1.1783E+004,1.0000E+004
672,NONE,HOT,0.70,30000.0,-71.300,340.385,373.564,795.287,795.287,1986.379,1625.891,1625.891,4.364,5.730,68.763,68.763,65.325,26.571,26.438,164.4,216.2,51.8,167.8,1.02124,1.1783E+004,1.0000E+004
673,NONE,HOT,0.70,30000.0,-71.300,340.385,373.564,795.287,795.287,1790.430,1419.075,1419.075,4.364,5.730,68.763,68.763,65.325,23.595,23.477,146.1,197.9,51.8,137.6,0.94152,1.1783E+004,1.0000E+004
674,NONE,HOT,0.70,30000.0,-71.300,340.385,373.564,795.287,795.287,1613.285,1231.073,1231.073,4.364,5.730,68.763,68.763,65.325,20.554,20.451,127.8,179.7,51.8,111.1,0.86895,1.1783E+004,1.0000E+004
675,NONE,HOT,0.70,30000.0,-71.300,340.385,373.564,795.287,795.287,1456.053,1063.618,1063.618,4.364,5.730,68.763,68.763,65.325,17.555,17.467,109.6,161.4,51.8,88.3,0.80612,1.1783E+004,1.0000E+004
676,NONE,HOT,0.70,30000.0,-71.300,340.385,373.564,795.287,795.287,1319.590,918.150,918.150,4.364,5.730,68.763,68.763,65.325,14.718,14.645,91.3,143.1,51.8,69.1,0.75729,1.1783E+004,1.0000E+004
677,NONE,HOT,0.70,30000.0,-71.300,340.385,373.564,795.287,795.287,1204.415,795.564,795.564,4.364,5.730,68.763,68.763,65.325,12.173,12.112,73.0,124.9,51.8,53.4,0.73050,1.1783E+004,1.0000E+004
678,NONE,HOT,0.70,30000.0,-71.300,340.385,373.564,795.287,795.287,1109.687,695.111,695.111,4.364,5.730,68.763,68.763,65.325,9.998,9.948,54.8,106.6,51.8,40.6,0.74188,1.1783E+004,1.0000E+004
679,NONE,HOT,0.70,30000.0,-71.300,340.385,373.564,795.287,795.287,1032.550,613.721,613.721,4.364,5.730,68.763,68.763,65.325,8.199,8.158,36.5,88.3,51.8,30.5,0.83398,1.1783E+004,1.0000E+004
680,NONE,HOT,0.70,30000.0,-71.300,340.385,373.564,795.287,795.287,970.225,548.311,548.311,4.364,5.730,68.763,68.763,65.325,6.736,6.703,18.3,70.1,51.8,22.3,1.22319,1.1783E+004,1.0000E+004
681,NONE,HOT,0.80,30000.0,-71.300,340.385,383.744,815.274,815.274,2200.000,1841.404,1841.404,4.364,6.258,75.092,75.092,71.338,31.451,31.294,176.0,235.2,59.2,199.4,1.13315,1.1626E+004,1.0000E+004
682,NONE,HOT,0.80,30000.0,-71.300,340.385,383.744,815.274,815.274,1993.680,1624.534,1624.534,4.364,6.258,75.092,75.092,71.338,28.430,28.288,158.4,217.6,59.2,166.4,1.05023,1.1626E+004,1.0000E+004
683,NONE,HOT,0.80,30000.0,-71.300,340.385,383.744,815.274,815.274,1803.631,1423.724,1423.724,4.364,6.258,75.092,75.092,71.338,25.282,25.155,140.8,200.0,59.2,136.9,0.97259,1.1626E+004,1.0000E+004
684,NONE,HOT,0.80,30000.0,-71.300,340.385,383.744,815.274,815.274,1631.204,1240.520,1240.520,4.364,6.258,75.092,75.092,71.338,22.073,21.963,123.2,182.4,59.2,111.1,0.90193,1.1626E+004,1.0000E+004
685,NONE,HOT,0.80,30000.0,-71.300,340.385,383.744,815.274,815.274,1477.186,1076.285,1076.285,4.364,6.258,75.092,75.092,71.338,18.909,18.814,105.6,164.8,59.2,88.8,0.84055,1.1626E+004,1.0000E+004
686,NONE,HOT,0.80,30000.0,-71.300,340.385,383.744,815.274,815.274,1342.426,932.409,932.409,4.364,6.258,75.092,75.092,71.338,15.892,15.813,88.0,147.2,59.2,69.8,0.79264,1.1626E+004,1.0000E+004
687,NONE,HOT,0.80,30000.0,-71.300,340.385,383.744,815.274,815.274,1227.609,809.985,809.985,4.364,6.258,75.092,75.092,71.338,13.179,13.113,70.4,129.6,59.2,54.0,0.76639,1.1626E+004,1.0000E+004
688,NONE,HOT,0.80,30000.0,-71.300,340.385,383.744,815.274,815.274,1132.536,708.951,708.951,4.364,6.258,75.092,75.092,71.338,10.843,10.789,52.8,112.0,59.2,41.1,0.77921,1.1626E+004,1.0000E+004
689,NONE,HOT,0.80,30000.0,-71.300,340.385,383.744,815.274,815.274,1054.754,626.680,626.680,4.364,6.258,75.092,75.092,71.338,8.898,8.853,35.2,94.4,59.2,30.8,0.87601,1.1626E+004,1.0000E+004
690,NONE,HOT,0.80,30000.0,-71.300,340.385,383.744,815.274,815.274,990.760,559.350,559.350,4.364,6.258,75.092,75.092,71.338,7.313,7.277,17.6,76.8,59.2,22.5,1.27657,1.1626E+004,1.0000E+004
691,NONE,HOT,0.90,30000.0,-71.300,340.385,395.296,837.054,837.054,2200.000,1832.166,1832.166,4.364,6.871,82.452,82.452,78.329,33.762,33.593,169.2,235.9,66.6,196.5,1.16130,1.1455E+004,1.0000E+004
692,NONE,HOT,0.90,30000.0,-71.300,340.385,395.296,837.054,837.054,2000.488,1622.189,1622.189,4.364,6.871,82.452,82.452,78.329,30.540,30.388,152.3,218.9,66.6,164.6,1.08037,1.1455E+004,1.0000E+004
693,NONE,HOT,0.90,30000.0,-71.300,340.385,395.296,837.054,837.054,1816.771,1427.834,1427.834,4.364,6.871,82.452,82.452,78.329,27.202,27.066,135.4,202.0,66.6,136.1,1.00517,1.1455E+004,1.0000E+004
694,NONE,HOT,0.90,30000.0,-71.300,340.385,395.296,837.054,837.054,1649.165,1249.544,1249.544,4.364,6.871,82.452,82.452,78.329,23.805,23.686,118.5,185.1,66.6,110.9,0.93643,1.1455E+004,1.0000E+004
695,NONE,HOT,0.90,30000.0,-71.300,340.385,395.296,837.054,837.054,1498.561,1088.754,1088.754,4.364,6.871,82.452,82.452,78.329,20.455,20.353,101.5,168.2,66.6,89.0,0.87658,1.1455E+004,1.0000E+004
696,NONE,HOT,0.90,30000.0,-71.300,340.385,395.296,837.054,837.054,1365.937,946.924,946.924,4.364,6.871,82.452,82.452,78.329,17.246,17.160,84.6,151.3,66.6,70.2,0.82995,1.1455E+004,1.0000E+004
697,NONE,HOT,0.90,30000.0,-71.300,340.385,395.296,837.054,837.054,1251.782,824.975,824.975,4.364,6.871,82.452,82.452,78.329,14.336,14.265,67.7,134.3,66.6,54.5,0.80448,1.1455E+004,1.0000E+004
698,NONE,HOT,0.90,30000.0,-71.300,340.385,395.296,837.054,837.054,1156.336,723.322,723.322,4.364,6.871,82.452,82.452,78.329,11.816,11.757,50.8,117.4,66.6,41.5,0.81828,1.1455E+004,1.0000E+004
699,NONE,HOT,0.90,30000.0,-71.300,340.385,395.296,837.054,837.054,1077.830,640.079,640.079,4.364,6.871,82.452,82.452,78.329,9.701,9.652,33.8,100.5,66.6,31.1,0.91890,1.1455E+004,1.0000E+004
700,NONE,HOT,0.90,30000.0,-71.300,340.385,395.296,837.054,837.054,1012.481,571.156,571.156,4.364,6.871,82.452,82.452,78.329,7.985,7.945,16.9,83.6,66.6,22.5,1.33113,1.1455E+004,1.0000E+004
701,NONE,HOT,0.00,35000.0,-89.100,304.754,304.754,645.907,645.907,2200.000,1919.968,1919.968,3.458,3.285,39.422,39.422,37.451,19.944,19.844,235.4,235.4,0.0,221.8,0.94247,1.3046E+004,1.0000E+004
702,NONE,HOT,0.00,35000.0,-89.100,304.754,304.754,645.907,645.907,1916.788,1625.436,1625.436,3.458,3.285,39.422,39.422,37.451,17.904,17.814,211.8,211.8,0.0,176.5,0.83297,1.3046E+004,1.0000E+004
703,NONE,HOT,0.00,35000.0,-89.100,304.754,304.754,645.907,645.907,1662.307,1359.200,1359.200,3.458,3.285,39.422,39.422,37.451,15.672,15.593,188.3,188.3,0.0,137.6,0.73073,1.3046E+004,1.0000E+004
704,NONE,HOT,0.00,35000.0,-89.100,304.754,304.754,645.907,645.907,1439.149,1124.563,1124.563,3.458,3.285,39.422,39.422,37.451,13.311,13.244,164.8,164.8,0.0,105.0,0.63750,1.3046E+004,1.0000E+004
705,NONE,HOT,0.00,35000.0,-89.100,304.754,304.754,645.907,645.907,1250.158,925.526,925.526,3.458,3.285,39.422,39.422,37.451,10.960,10.905,141.2,141.2,0.0,78.6,0.55634,1.3046E+004,1.0000E+004
706,NONE,HOT,0.00,35000.0,-89.100,304.754,304.754,645.907,645.907,1095.988,763.508,763.508,3.458,3.285,39.422,39.422,37.451,8.788,8.744,117.7,117.7,0.0,57.7,0.49032,1.3046E+004,1.0000E+004
707,NONE,HOT,0.00,35000.0,-89.100,304.754,304.754,645.907,645.907,975.062,637.115,637.115,3.458,3.285,39.422,39.422,37.451,6.915,6.880,94.2,94.2,0.0,41.8,0.44364,1.3046E+004,1.0000E+004
708,NONE,HOT,0.00,35000.0,-89.100,304.754,304.754,645.907,645.907,881.122,539.606,539.606,3.458,3.285,39.422,39.422,37.451,5.401,5.374,70.6,70.6,0.0,29.6,0.41959,1.3046E+004,1.0000E+004
709,NONE,HOT,0.00,35000.0,-89.100,304.754,304.754,645.907,645.907,813.857,470.273,470.273,3.458,3.285,39.422,39.422,37.451,4.328,4.306,47.1,47.1,0.0,21.1,0.44719,1.3046E+004,1.0000E+004
710,NONE,HOT,0.00,35000.0,-89.100,304.754,304.754,645.907,645.907,775.900,431.385,431.385,3.458,3.285,39.422,39.422,37.451,3.688,3.670,23.5,23.5,0.0,16.3,0.69049,1.3046E+004,1.0000E+004
711,NONE,HOT,0.10,35000.0,-89.100,304.754,305.358,647.277,647.277,2200.000,1919.318,1919.319,3.458,3.310,39.718,39.718,37.732,20.063,19.962,228.5,235.5,7.0,221.7,0.97006,1.3033E+004,1.0000E+004
712,NONE,HOT,0.10,35000.0,-89.100,304.754,305.358,647.277,647.277,1924.713,1633.022,1633.022,3.458,3.310,39.718,39.718,37.732,18.069,17.979,205.7,212.7,7.0,177.5,0.86320,1.3033E+004,1.0000E+004
713,NONE,HOT,0.10,35000.0,-89.100,304.754,305.358,647.277,647.277,1676.384,1373.265,1373.265,3.458,3.310,39.718,39.718,37.732,15.892,15.812,182.8,189.8,7.0,139.5,0.76327,1.3033E+004,1.0000E+004
714,NONE,HOT,0.10,35000.0,-89.100,304.754,305.358,647.277,647.277,1457.465,1143.115,1143.115,3.458,3.310,39.718,39.718,37.732,13.587,13.519,160.0,167.0,7.0,107.5,0.67198,1.3033E+004,1.0000E+004
715,NONE,HOT,0.10,35000.0,-89.100,304.754,305.358,647.277,647.277,1270.721,946.415,946.415,3.458,3.310,39.718,39.718,37.732,11.282,11.226,137.1,144.1,7.0,81.2,0.59248,1.3033E+004,1.0000E+004
716,NONE,HOT,0.10,35000.0,-89.100,304.754,305.358,647.277,647.277,1115.959,783.688,783.688,3.458,3.310,39.718,39.718,37.732,9.118,9.072,114.3,121.3,7.0,60.2,0.52692,1.3033E+004,1.0000E+004
717,NONE,HOT,0.10,35000.0,-89.100,304.754,305.358,647.277,647.277,993.815,655.871,655.871,3.458,3.310,39.718,39.718,37.732,7.240,7.204,91.4,98.4,7.0,44.0,0.48190,1.3033E+004,1.0000E+004
718,NONE,HOT,0.10,35000.0,-89.100,304.754,305.358,647.277,647.277,898.182,556.471,556.471,3.458,3.310,39.718,39.718,37.732,5.700,5.672,68.6,75.6,7.0,31.6,0.46168,1.3033E+004,1.0000E+004
719,NONE,HOT,0.10,35000.0,-89.100,304.754,305.358,647.277,647.277,826.634,482.628,482.628,3.458,3.310,39.718,39.718,37.732,4.543,4.520,45.7,52.7,7.0,22.5,0.49243,1.3033E+004,1.0000E+004
720,NONE,HOT,0.10,35000.0,-89.100,304.754,305.358,647.277,647.277,783.670,438.540,438.540,3.458,3.310,39.718,39.718,37.732,3.819,3.800,22.9,29.9,7.0,17.1,0.74671,1.3033E+004,1.0000E+004
721,NONE,HOT,0.20,35000.0,-89.100,304.754,307.168,651.382,651.382,2200.000,1917.368,1917.368,3.458,3.385,40.615,40.615,38.584,20.421,20.319,221.9,235.9,14.0,221.1,0.99664,1.2994E+004,1.0000E+004
722,NONE,HOT,0.20,35000.0,-89.100,304.754,307.168,651.382,651.382,1932.414,1639.022,1639.022,3.458,3.385,40.615,40.615,38.584,18.439,18.347,199.7,213.7,14.0,178.2,0.89239,1.2994E+004,1.0000E+004
723,NONE,HOT,0.20,35000.0,-89.100,304.754,307.168,651.382,651.382,1690.156,1385.603,1385.603,3.458,3.385,40.615,40.615,38.584,16.281,16.199,177.5,191.5,14.0,141.1,0.79474,1.2994E+004,1.0000E+004
724,NONE,HOT,0.20,35000.0,-89.100,304.754,307.168,651.382,651.382,1475.464,1159.877,1159.877,3.458,3.385,40.615,40.615,38.584,13.995,13.925,155.3,169.3,14.0,109.5,0.70534,1.2994E+004,1.0000E+004
725,NONE,HOT,0.20,35000.0,-89.100,304.754,307.168,651.382,651.382,1290.821,965.327,965.327,3.458,3.385,40.615,40.615,38.584,11.700,11.641,133.1,147.1,14.0,83.5,0.62717,1.2994E+004,1.0000E+004
726,NONE,HOT,0.20,35000.0,-89.100,304.754,307.168,651.382,651.382,1136.423,802.870,802.870,3.458,3.385,40.615,40.615,38.584,9.519,9.472,110.9,124.9,14.0,62.4,0.56275,1.2994E+004,1.0000E+004
727,NONE,HOT,0.20,35000.0,-89.100,304.754,307.168,651.382,651.382,1013.136,673.700,673.700,3.458,3.385,40.615,40.615,38.584,7.614,7.576,88.7,102.8,14.0,46.1,0.51903,1.2994E+004,1.0000E+004
728,NONE,HOT,0.20,35000.0,-89.100,304.754,307.168,651.382,651.382,916.193,572.779,572.779,3.458,3.385,40.615,40.615,38.584,6.035,6.005,66.6,80.6,14.0,33.5,0.50261,1.2994E+004,1.0000E+004
729,NONE,HOT,0.20,35000.0,-89.100,304.754,307.168,651.382,651.382,840.742,494.801,494.801,3.458,3.385,40.615,40.615,38.584,4.788,4.764,44.4,58.4,14.0,23.8,0.53607,1.2994E+004,1.0000E+004
730,NONE,HOT,0.20,35000.0,-89.100,304.754,307.168,651.382,651.382,793.297,446.030,446.030,3.458,3.385,40.615,40.615,38.584,3.985,3.965,22.2,36.2,14.0,17.8,0.80078,1.2994E+004,1.0000E+004
731,NONE,HOT,0.30,35000.0,-89.100,304.754,310.185,658.219,658.219,2200.000,1914.117,1914.117,3.458,3.512,42.140,42.140,40.033,21.026,20.921,215.4,236.5,21.0,220.2,1.02218,1.2931E+004,1.0000E+004
732,NONE,HOT,0.30,35000.0,-89.100,304.754,310.185,658.219,658.219,1939.929,1643.483,1643.484,3.458,3.512,42.140,42.140,40.033,19.022,18.927,193.9,214.9,21.0,178.5,0.92049,1.2931E+004,1.0000E+004
733,NONE,HOT,0.30,35000.0,-89.100,304.754,310.185,658.219,658.219,1703.757,1396.364,1396.364,3.458,3.512,42.140,42.140,40.033,16.848,16.764,172.4,193.4,21.0,142.2,0.82517,1.2931E+004,1.0000E+004
734,NONE,HOT,0.30,35000.0,-89.100,304.754,310.185,658.219,658.219,1493.290,1175.012,1175.012,3.458,3.512,42.140,42.140,40.033,14.548,14.475,150.8,171.8,21.0,111.2,0.73760,1.2931E+004,1.0000E+004
735,NONE,HOT,0.30,35000.0,-89.100,304.754,310.185,658.219,658.219,1310.656,982.479,982.479,3.458,3.512,42.140,42.140,40.033,12.223,12.162,129.3,150.3,21.0,85.4,0.66046,1.2931E+004,1.0000E+004
736,NONE,HOT,0.30,35000.0,-89.100,304.754,310.185,658.219,658.219,1157.638,821.323,821.323,3.458,3.512,42.140,42.140,40.033,10.008,9.958,107.7,128.7,21.0,64.4,0.59804,1.2931E+004,1.0000E+004
737,NONE,HOT,0.30,35000.0,-89.100,304.754,310.185,658.219,658.219,1032.958,690.537,690.537,3.458,3.512,42.140,42.140,40.033,8.046,8.005,86.2,107.2,21.0,47.8,0.55478,1.2931E+004,1.0000E+004
738,NONE,HOT,0.30,35000.0,-89.100,304.754,310.185,658.219,658.219,934.809,588.193,588.193,3.458,3.512,42.140,42.140,40.033,6.410,6.378,64.6,85.7,21.0,35.0,0.54156,1.2931E+004,1.0000E+004
739,NONE,HOT,0.30,35000.0,-89.100,304.754,310.185,658.219,658.219,856.852,507.478,507.478,3.458,3.512,42.140,42.140,40.033,5.081,5.056,43.1,64.1,21.0,25.0,0.57991,1.2931E+004,1.0000E+004
740,NONE,HOT,0.30,35000.0,-89.100,304.754,310.185,658.219,658.219,804.816,453.903,453.903,3.458,3.512,42.140,42.140,40.033,4.189,4.168,21.5,42.6,21.0,18.4,0.85272,1.2931E+004,1.0000E+004
741,NONE,HOT,0.40,35000.0,-89.100,304.754,314.411,667.776,667.776,2200.000,1909.573,1909.573,3.458,3.695,44.339,44.339,42.122,21.885,21.776,209.2,237.2,28.0,219.0,1.04683,1.2844E+004,1.0000E+004
742,NONE,HOT,0.40,35000.0,-89.100,304.754,314.411,667.776,667.776,1947.272,1646.428,1646.428,3.458,3.695,44.339,44.339,42.122,19.828,19.729,188.3,216.3,28.0,178.4,0.94761,1.2844E+004,1.0000E+004
743,NONE,HOT,0.40,35000.0,-89.100,304.754,314.411,667.776,667.776,1717.008,1405.372,1405.372,3.458,3.695,44.339,44.339,42.122,17.602,17.514,167.3,195.4,28.0,143.0,0.85447,1.2844E+004,1.0000E+004
744,NONE,HOT,0.40,35000.0,-89.100,304.754,314.411,667.776,667.776,1510.934,1188.530,1188.530,3.458,3.695,44.339,44.339,42.122,15.253,15.177,146.4,174.4,28.0,112.6,0.76879,1.2844E+004,1.0000E+004
745,NONE,HOT,0.40,35000.0,-89.100,304.754,314.411,667.776,667.776,1330.468,998.147,998.147,3.458,3.695,44.339,44.339,42.122,12.866,12.801,125.5,153.5,28.0,86.9,0.69259,1.2844E+004,1.0000E+004
746,NONE,HOT,0.40,35000.0,-89.100,304.754,314.411,667.776,667.776,1178.843,838.278,838.278,3.458,3.695,44.339,44.339,42.122,10.591,10.539,104.6,132.6,28.0,66.1,0.63184,1.2844E+004,1.0000E+004
747,NONE,HOT,0.40,35000.0,-89.100,304.754,314.411,667.776,667.776,1053.461,706.577,706.577,3.458,3.695,44.339,44.339,42.122,8.549,8.506,83.7,111.7,28.0,49.3,0.58938,1.2844E+004,1.0000E+004
748,NONE,HOT,0.40,35000.0,-89.100,304.754,314.411,667.776,667.776,954.192,602.895,602.895,3.458,3.695,44.339,44.339,42.122,6.836,6.802,62.8,90.8,28.0,36.3,0.57874,1.2844E+004,1.0000E+004
749,NONE,HOT,0.40,35000.0,-89.100,304.754,314.411,667.776,667.776,874.977,520.699,520.699,3.458,3.695,44.339,44.339,42.122,5.427,5.400,41.8,69.9,28.0,26.1,0.62412,1.2844E+004,1.0000E+004
750,NONE,HOT,0.40,35000.0,-89.100,304.754,314.411,667.776,667.776,818.295,462.252,462.252,3.458,3.695,44.339,44.339,42.122,4.434,4.412,20.9,48.9,28.0,18.9,0.90298,1.2844E+004,1.0000E+004
751,NONE,HOT,0.50,35000.0,-89.100,304.754,319.847,680.043,680.043,2200.000,1903.720,1903.720,3.458,3.939,47.273,47.273,44.909,23.012,22.897,203.0,238.0,35.0,217.3,1.07076,1.2734E+004,1.0000E+004
752,NONE,HOT,0.50,35000.0,-89.100,304.754,319.847,680.043,680.043,1954.644,1648.073,1648.073,3.458,3.939,47.273,47.273,44.909,20.870,20.766,182.7,217.7,35.0,177.9,0.97408,1.2734E+004,1.0000E+004
753,NONE,HOT,0.50,35000.0,-89.100,304.754,319.847,680.043,680.043,1730.319,1413.071,1413.071,3.458,3.939,47.273,47.273,44.909,18.559,18.466,162.4,197.4,35.0,143.4,0.88312,1.2734E+004,1.0000E+004
754,NONE,HOT,0.50,35000.0,-89.100,304.754,319.847,680.043,680.043,1528.558,1200.608,1200.608,3.458,3.939,47.273,47.273,44.909,16.125,16.044,142.1,177.1,35.0,113.5,0.79914,1.2734E+004,1.0000E+004
755,NONE,HOT,0.50,35000.0,-89.100,304.754,319.847,680.043,680.043,1350.842,1012.955,1012.955,3.458,3.939,47.273,47.273,44.909,13.648,13.580,121.8,156.8,35.0,88.2,0.72429,1.2734E+004,1.0000E+004
756,NONE,HOT,0.50,35000.0,-89.100,304.754,319.847,680.043,680.043,1199.716,853.415,853.415,3.458,3.939,47.273,47.273,44.909,11.278,11.222,101.5,136.5,35.0,67.4,0.66371,1.2734E+004,1.0000E+004
757,NONE,HOT,0.50,35000.0,-89.100,304.754,319.847,680.043,680.043,1074.763,721.951,721.951,3.458,3.939,47.273,47.273,44.909,9.134,9.088,81.2,116.2,35.0,50.6,0.62306,1.2734E+004,1.0000E+004
758,NONE,HOT,0.50,35000.0,-89.100,304.754,319.847,680.043,680.043,974.268,616.790,616.790,3.458,3.939,47.273,47.273,44.909,7.319,7.283,60.9,95.9,35.0,37.4,0.61395,1.2734E+004,1.0000E+004
759,NONE,HOT,0.50,35000.0,-89.100,304.754,319.847,680.043,680.043,894.333,533.672,533.672,3.458,3.939,47.273,47.273,44.909,5.824,5.795,40.6,75.6,35.0,27.1,0.66643,1.2734E+004,1.0000E+004
760,NONE,HOT,0.50,35000.0,-89.100,304.754,319.847,680.043,680.043,833.653,471.001,471.001,3.458,3.939,47.273,47.273,44.909,4.726,4.703,20.3,55.3,35.0,19.3,0.95113,1.2734E+004,1.0000E+004
761,NONE,HOT,0.60,35000.0,-89.100,304.754,326.496,694.996,694.996,2200.000,1896.602,1896.602,3.458,4.252,51.022,51.022,48.471,24.419,24.297,196.8,238.9,42.0,215.4,1.09437,1.2604E+004,1.0000E+004
762,NONE,HOT,0.60,35000.0,-89.100,304.754,326.496,694.996,694.996,1961.987,1648.373,1648.373,3.458,4.252,51.022,51.022,48.471,22.161,22.050,177.1,219.2,42.0,177.2,1.00017,1.2604E+004,1.0000E+004
763,NONE,HOT,0.60,35000.0,-89.100,304.754,326.496,694.996,694.996,1743.529,1419.311,1419.311,3.458,4.252,51.022,51.022,48.471,19.730,19.631,157.4,199.5,42.0,143.5,0.91125,1.2604E+004,1.0000E+004
764,NONE,HOT,0.60,35000.0,-89.100,304.754,326.496,694.996,694.996,1546.409,1211.541,1211.541,3.458,4.252,51.022,51.022,48.471,17.179,17.093,137.8,179.8,42.0,114.2,0.82916,1.2604E+004,1.0000E+004
765,NONE,HOT,0.60,35000.0,-89.100,304.754,326.496,694.996,694.996,1371.705,1026.857,1026.857,3.458,4.252,51.022,51.022,48.471,14.581,14.508,118.1,160.1,42.0,89.2,0.75571,1.2604E+004,1.0000E+004
766,NONE,HOT,0.60,35000.0,-89.100,304.754,326.496,694.996,694.996,1221.430,867.992,867.992,3.458,4.252,51.022,51.022,48.471,12.085,12.024,98.4,140.4,42.0,68.4,0.69536,1.2604E+004,1.0000E+004
767,NONE,HOT,0.60,35000.0,-89.100,304.754,326.496,694.996,694.996,1096.591,736.409,736.409,3.458,4.252,51.022,51.022,48.471,9.812,9.763,78.7,120.8,42.0,51.6,0.65553,1.2604E+004,1.0000E+004
768,NONE,HOT,0.60,35000.0,-89.100,304.754,326.496,694.996,694.996,995.441,630.345,630.345,3.458,4.252,51.022,51.022,48.471,7.874,7.835,59.0,101.1,42.0,38.3,0.64817,1.2604E+004,1.0000E+004
769,NONE,HOT,0.60,35000.0,-89.100,304.754,326.496,694.996,694.996,914.150,545.642,545.642,3.458,4.252,51.022,51.022,48.471,6.284,6.253,39.4,81.4,42.0,27.7,0.70449,1.2604E+004,1.0000E+004
770,NONE,HOT,0.60,35000.0,-89.100,304.754,326.496,694.996,694.996,850.917,480.205,480.205,3.458,4.252,51.022,51.022,48.471,5.070,5.045,19.7,61.7,42.0,19.6,0.99764,1.2604E+004,1.0000E+004
771,NONE,HOT,0.70,35000.0,-89.100,304.754,334.360,712.589,712.589,2200.000,1888.233,1888.233,3.458,4.640,55.679,55.679,52.895,26.118,25.988,190.5,239.6,49.1,213.1,1.11823,1.2455E+004,1.0000E+004
772,NONE,HOT,0.70,35000.0,-89.100,304.754,334.360,712.589,712.589,1968.915,1646.942,1646.942,3.458,4.640,55.679,55.679,52.895,23.706,23.587,171.5,220.5,49.1,175.9,1.02608,1.2455E+004,1.0000E+004
773,NONE,HOT,0.70,35000.0,-89.100,304.754,334.360,712.589,712.589,1756.707,1424.186,1424.186,3.458,4.640,55.679,55.679,52.895,21.126,21.020,152.4,201.5,49.1,143.2,0.93942,1.2455E+004,1.0000E+004
774,NONE,HOT,0.70,35000.0,-89.100,304.754,334.360,712.589,712.589,1564.284,1221.134,1221.134,3.458,4.640,55.679,55.679,52.895,18.423,18.331,133.4,182.4,49.1,114.6,0.85908,1.2455E+004,1.0000E+004
775,NONE,HOT,0.70,35000.0,-89.100,304.754,334.360,712.589,712.589,1392.926,1039.748,1039.748,3.458,4.640,55.679,55.679,52.895,15.679,15.601,114.3,163.4,49.1,90.0,0.78712,1.2455E+004,1.0000E+004
776,NONE,HOT,0.70,35000.0,-89.100,304.754,334.360,712.589,712.589,1243.846,881.899,881.899,3.458,4.640,55.679,55.679,52.895,13.021,12.956,95.3,144.3,49.1,69.3,0.72701,1.2455E+004,1.0000E+004
777,NONE,HOT,0.70,35000.0,-89.100,304.754,334.360,712.589,712.589,1119.183,750.243,750.243,3.458,4.640,55.679,55.679,52.895,10.598,10.545,76.2,125.3,49.1,52.4,0.68751,1.2455E+004,1.0000E+004
778,NONE,HOT,0.70,35000.0,-89.100,304.754,334.360,712.589,712.589,1017.312,643.189,643.189,3.458,4.640,55.679,55.679,52.895,8.513,8.471,57.2,106.2,49.1,38.9,0.68085,1.2455E+004,1.0000E+004
779,NONE,HOT,0.70,35000.0,-89.100,304.754,334.360,712.589,712.589,935.341,557.582,557.582,3.458,4.640,55.679,55.679,52.895,6.809,6.775,38.1,87.2,49.1,28.3,0.74147,1.2455E+004,1.0000E+004
780,NONE,HOT,0.70,35000.0,-89.100,304.754,334.360,712.589,712.589,870.114,489.927,489.927,3.458,4.640,55.679,55.679,52.895,5.472,5.445,19.1,68.1,49.1,19.9,1.04334,1.2455E+004,1.0000E+004
781,NONE,HOT,0.80,35000.0,-89.100,304.754,343.442,732.696,732.696,2200.000,1878.698,1878.699,3.458,5.112,61.349,61.349,58.281,28.126,27.985,184.1,240.1,56.1,210.4,1.14297,1.2289E+004,1.0000E+004
782,NONE,HOT,0.80,35000.0,-89.100,304.754,343.442,732.696,732.696,1975.794,1644.261,1644.261,3.458,5.112,61.349,61.349,58.281,25.522,25.395,165.7,221.7,56.1,174.4,1.05267,1.2289E+004,1.0000E+004
783,NONE,HOT,0.80,35000.0,-89.100,304.754,343.442,732.696,732.696,1769.794,1427.745,1427.745,3.458,5.112,61.349,61.349,58.281,22.757,22.644,147.3,203.3,56.1,142.6,0.96808,1.2289E+004,1.0000E+004
784,NONE,HOT,0.80,35000.0,-89.100,304.754,343.442,732.696,732.696,1582.333,1229.665,1229.665,3.458,5.112,61.349,61.349,58.281,19.871,19.772,128.9,184.9,56.1,114.6,0.88956,1.2289E+004,1.0000E+004
785,NONE,HOT,0.80,35000.0,-89.100,304.754,343.442,732.696,732.696,1414.726,1051.982,1051.982,3.458,5.112,61.349,61.349,58.281,16.953,16.869,110.4,166.5,56.1,90.5,0.81931,1.2289E+004,1.0000E+004
786,NONE,HOT,0.80,35000.0,-89.100,304.754,343.442,732.696,732.696,1267.394,895.715,895.715,3.458,5.112,61.349,61.349,58.281,14.109,14.039,92.0,148.1,56.1,69.9,0.75980,1.2289E+004,1.0000E+004
787,NONE,HOT,0.80,35000.0,-89.100,304.754,343.442,732.696,732.696,1142.973,764.034,764.034,3.458,5.112,61.349,61.349,58.281,11.504,11.447,73.6,129.7,56.1,53.0,0.72027,1.2289E+004,1.0000E+004
788,NONE,HOT,0.80,35000.0,-89.100,304.754,343.442,732.696,732.696,1040.351,655.936,655.936,3.458,5.112,61.349,61.349,58.281,9.248,9.202,55.2,111.3,56.1,39.4,0.71354,1.2289E+004,1.0000E+004
789,NONE,HOT,0.80,35000.0,-89.100,304.754,343.442,732.696,732.696,957.944,569.658,569.658,3.458,5.112,61.349,61.349,58.281,7.410,7.373,36.8,92.9,56.1,28.6,0.77813,1.2289E+004,1.0000E+004
790,NONE,HOT,0.80,35000.0,-89.100,304.754,343.442,732.696,732.696,891.143,500.194,500.194,3.458,5.112,61.349,61.349,58.281,5.939,5.909,18.4,74.5,56.1,20.0,1.08879,1.2289E+004,1.0000E+004
791,NONE,HOT,0.90,35000.0,-89.100,304.754,353.746,754.630,754.630,2200.000,1868.547,1868.547,3.458,5.678,68.135,68.135,64.728,30.482,30.329,177.4,240.5,63.1,207.5,1.16935,1.2109E+004,1.0000E+004
792,NONE,HOT,0.90,35000.0,-89.100,304.754,353.746,754.630,754.630,1982.555,1640.859,1640.859,3.458,5.678,68.135,68.135,64.728,27.652,27.514,159.7,222.8,63.1,172.6,1.08070,1.2109E+004,1.0000E+004
793,NONE,HOT,0.90,35000.0,-89.100,304.754,353.746,754.630,754.630,1782.328,1430.120,1430.120,3.458,5.678,68.135,68.135,64.728,24.663,24.540,142.0,205.0,63.1,141.6,0.99761,1.2109E+004,1.0000E+004
794,NONE,HOT,0.90,35000.0,-89.100,304.754,353.746,754.630,754.630,1600.119,1237.317,1237.317,3.458,5.678,68.135,68.135,64.728,21.566,21.458,124.2,187.3,63.1,114.4,0.92104,1.2109E+004,1.0000E+004
795,NONE,HOT,0.90,35000.0,-89.100,304.754,353.746,754.630,754.630,1436.334,1063.411,1063.411,3.458,5.678,68.135,68.135,64.728,18.437,18.345,106.5,169.5,63.1,90.7,0.85234,1.2109E+004,1.0000E+004
796,NONE,HOT,0.90,35000.0,-89.100,304.754,353.746,754.630,754.630,1291.366,909.370,909.370,3.458,5.678,68.135,68.135,64.728,15.384,15.307,88.7,151.8,63.1,70.4,0.79394,1.2109E+004,1.0000E+004
797,NONE,HOT,0.90,35000.0,-89.100,304.754,353.746,754.630,754.630,1167.330,777.816,777.816,3.458,5.678,68.135,68.135,64.728,12.566,12.503,71.0,134.0,63.1,53.5,0.75413,1.2109E+004,1.0000E+004
798,NONE,HOT,0.90,35000.0,-89.100,304.754,353.746,754.630,754.630,1064.431,669.158,669.158,3.458,5.678,68.135,68.135,64.728,10.117,10.067,53.2,116.3,63.1,39.8,0.74774,1.2109E+004,1.0000E+004
799,NONE,HOT,0.90,35000.0,-89.100,304.754,353.746,754.630,754.630,981.218,581.807,581.807,3.458,5.678,68.135,68.135,64.728,8.112,8.071,35.5,98.6,63.1,28.9,0.81441,1.2109E+004,1.0000E+004
800,NONE,HOT,0.90,35000.0,-89.100,304.754,353.746,754.630,754.630,914.000,511.705,511.705,3.458,5.678,68.135,68.135,64.728,6.503,6.471,17.7,80.8,63.1,20.2,1.13921,1.2109E+004,1.0000E+004
801,NONE,HOT,0.00,40000.0,-103.740,286.230,286.233,603.941,603.941,2200.000,1939.883,1939.883,2.720,2.584,31.010,31.010,29.459,16.442,16.360,238.1,238.1,0.0,227.4,0.95478,1.3461E+004,1.0000E+004
802,NONE,HOT,0.00,40000.0,-103.740,286.230,286.233,603.941,603.941,1908.155,1637.225,1637.225,2.720,2.584,31.010,31.010,29.459,14.841,14.766,214.3,214.3,0.0,180.6,0.84249,1.3461E+004,1.0000E+004
803,NONE,HOT,0.00,40000.0,-103.740,286.230,286.233,603.941,603.941,1645.250,1363.015,1363.015,2.720,2.584,31.010,31.010,29.459,13.057,12.992,190.5,190.5,0.0,140.4,0.73726,1.3461E+004,1.0000E+004
804,NONE,HOT,0.00,40000.0,-103.740,286.230,286.233,603.941,603.941,1413.492,1120.136,1120.136,2.720,2.584,31.010,31.010,29.459,11.132,11.077,166.7,166.7,0.0,106.7,0.64026,1.3461E+004,1.0000E+004
805,NONE,HOT,0.00,40000.0,-103.740,286.230,286.233,603.941,603.941,1216.075,912.965,912.965,2.720,2.584,31.010,31.010,29.459,9.169,9.123,142.9,142.9,0.0,79.2,0.55434,1.3461E+004,1.0000E+004
806,NONE,HOT,0.00,40000.0,-103.740,286.230,286.233,603.941,603.941,1055.395,744.785,744.785,2.720,2.584,31.010,31.010,29.459,7.315,7.278,119.1,119.1,0.0,57.6,0.48366,1.3461E+004,1.0000E+004
807,NONE,HOT,0.00,40000.0,-103.740,286.230,286.233,603.941,603.941,929.176,613.460,613.460,2.720,2.584,31.010,31.010,29.459,5.712,5.683,95.3,95.3,0.0,41.1,0.43110,1.3461E+004,1.0000E+004
808,NONE,HOT,0.00,40000.0,-103.740,286.230,286.233,603.941,603.941,831.292,512.376,512.376,2.720,2.584,31.010,31.010,29.459,4.397,4.375,71.4,71.4,0.0,28.5,0.39893,1.3461E+004,1.0000E+004
809,NONE,HOT,0.00,40000.0,-103.740,286.230,286.233,603.941,603.941,765.149,444.570,444.570,2.720,2.584,31.010,31.010,29.459,3.481,3.464,47.6,47.6,0.0,20.1,0.42245,1.3461E+004,1.0000E+004
810,NONE,HOT,0.00,40000.0,-103.740,286.230,286.233,603.941,603.941,717.655,396.192,396.192,2.720,2.584,31.010,31.010,29.459,2.897,2.883,23.8,23.8,0.0,14.2,0.59423,1.3461E+004,1.0000E+004
811,NONE,HOT,0.10,40000.0,-103.740,286.230,286.803,605.243,605.243,2200.000,1939.264,1939.264,2.720,2.603,31.241,31.241,29.679,16.541,16.458,231.5,238.2,6.8,227.2,0.98155,1.3448E+004,1.0000E+004
812,NONE,HOT,0.10,40000.0,-103.740,286.230,286.803,605.243,605.243,1915.970,1644.704,1644.704,2.720,2.603,31.241,31.241,29.679,14.973,14.898,208.3,215.1,6.8,181.6,0.87182,1.3448E+004,1.0000E+004
813,NONE,HOT,0.10,40000.0,-103.740,286.230,286.803,605.243,605.243,1659.251,1376.984,1376.984,2.720,2.603,31.241,31.241,29.679,13.233,13.167,185.2,192.0,6.8,142.4,0.76887,1.3448E+004,1.0000E+004
814,NONE,HOT,0.10,40000.0,-103.740,286.230,286.803,605.243,605.243,1431.823,1138.670,1138.670,2.720,2.603,31.241,31.241,29.679,11.353,11.297,162.0,168.8,6.8,109.2,0.67381,1.3448E+004,1.0000E+004
815,NONE,HOT,0.10,40000.0,-103.740,286.230,286.803,605.243,605.243,1236.800,933.976,933.976,2.720,2.603,31.241,31.241,29.679,9.428,9.380,138.9,145.7,6.8,81.9,0.58957,1.3448E+004,1.0000E+004
816,NONE,HOT,0.10,40000.0,-103.740,286.230,286.803,605.243,605.243,1075.620,765.166,765.166,2.720,2.603,31.241,31.241,29.679,7.592,7.554,115.7,122.5,6.8,60.1,0.51937,1.3448E+004,1.0000E+004
817,NONE,HOT,0.10,40000.0,-103.740,286.230,286.803,605.243,605.243,948.634,632.890,632.890,2.720,2.603,31.241,31.241,29.679,5.974,5.944,92.6,99.4,6.8,43.4,0.46901,1.3448E+004,1.0000E+004
818,NONE,HOT,0.10,40000.0,-103.740,286.230,286.803,605.243,605.243,849.463,530.325,530.325,2.720,2.603,31.241,31.241,29.679,4.636,4.612,69.4,76.2,6.8,30.7,0.44146,1.3448E+004,1.0000E+004
819,NONE,HOT,0.10,40000.0,-103.740,286.230,286.803,605.243,605.243,777.798,456.742,456.742,2.720,2.603,31.241,31.241,29.679,3.665,3.647,46.3,53.1,6.8,21.6,0.46560,1.3448E+004,1.0000E+004
820,NONE,HOT,0.10,40000.0,-103.740,286.230,286.803,605.243,605.243,726.317,404.253,404.253,2.720,2.603,31.241,31.241,29.679,3.005,2.990,23.1,29.9,6.8,15.1,0.65128,1.3448E+004,1.0000E+004
821,NONE,HOT,0.20,40000.0,-103.740,286.230,288.513,609.154,609.154,2200.000,1937.400,1937.400,2.720,2.662,31.942,31.942,30.345,16.838,16.754,225.0,238.6,13.6,226.7,1.00735,1.3408E+004,1.0000E+004
822,NONE,HOT,0.20,40000.0,-103.740,286.230,288.513,609.154,609.154,1923.605,1650.701,1650.701,2.720,2.662,31.942,31.942,30.345,15.278,15.201,202.5,216.1,13.6,182.3,0.90016,1.3408E+004,1.0000E+004
823,NONE,HOT,0.20,40000.0,-103.740,286.230,288.513,609.154,609.154,1672.917,1389.253,1389.253,2.720,2.662,31.942,31.942,30.345,13.551,13.483,180.0,193.6,13.6,143.9,0.79942,1.3408E+004,1.0000E+004
824,NONE,HOT,0.20,40000.0,-103.740,286.230,288.513,609.154,609.154,1449.907,1155.545,1155.545,2.720,2.662,31.942,31.942,30.345,11.688,11.629,157.5,171.1,13.6,111.3,0.70634,1.3408E+004,1.0000E+004
825,NONE,HOT,0.20,40000.0,-103.740,286.230,288.513,609.154,609.154,1257.266,953.281,953.281,2.720,2.662,31.942,31.942,30.345,9.773,9.724,135.0,148.6,13.6,84.2,0.62363,1.3408E+004,1.0000E+004
826,NONE,HOT,0.20,40000.0,-103.740,286.230,288.513,609.154,609.154,1095.963,784.214,784.214,2.720,2.662,31.942,31.942,30.345,7.927,7.887,112.5,126.1,13.6,62.3,0.55395,1.3408E+004,1.0000E+004
827,NONE,HOT,0.20,40000.0,-103.740,286.230,288.513,609.154,609.154,967.786,650.531,650.531,2.720,2.662,31.942,31.942,30.345,6.284,6.252,90.0,103.6,13.6,45.4,0.50468,1.3408E+004,1.0000E+004
828,NONE,HOT,0.20,40000.0,-103.740,286.230,288.513,609.154,609.154,867.091,546.232,546.232,2.720,2.662,31.942,31.942,30.345,4.912,4.887,67.5,81.1,13.6,32.4,0.48026,1.3408E+004,1.0000E+004
829,NONE,HOT,0.20,40000.0,-103.740,286.230,288.513,609.154,609.154,791.746,468.750,468.750,2.720,2.662,31.942,31.942,30.345,3.875,3.856,45.0,58.6,13.6,22.8,0.50728,1.3408E+004,1.0000E+004
830,NONE,HOT,0.20,40000.0,-103.740,286.230,288.513,609.154,609.154,739.446,415.347,415.347,2.720,2.662,31.942,31.942,30.345,3.163,3.147,22.5,36.1,13.6,16.2,0.72159,1.3408E+004,1.0000E+004
831,NONE,HOT,0.30,40000.0,-103.740,286.230,291.366,615.687,615.687,2200.000,1934.276,1934.276,2.720,2.761,33.134,33.134,31.477,17.338,17.252,218.8,239.1,20.4,225.8,1.03221,1.3342E+004,1.0000E+004
832,NONE,HOT,0.30,40000.0,-103.740,286.230,291.366,615.687,615.687,1931.083,1655.227,1655.227,2.720,2.761,33.134,33.134,31.477,15.759,15.680,196.9,217.3,20.4,182.6,0.92753,1.3342E+004,1.0000E+004
833,NONE,HOT,0.30,40000.0,-103.740,286.230,291.366,615.687,615.687,1686.347,1399.918,1399.918,2.720,2.761,33.134,33.134,31.477,14.016,13.946,175.0,195.4,20.4,145.1,0.82896,1.3342E+004,1.0000E+004
834,NONE,HOT,0.30,40000.0,-103.740,286.230,291.366,615.687,615.687,1467.777,1170.791,1170.791,2.720,2.761,33.134,33.134,31.477,12.141,12.081,153.1,173.5,20.4,113.0,0.73783,1.3342E+004,1.0000E+004
835,NONE,HOT,0.30,40000.0,-103.740,286.230,291.366,615.687,615.687,1277.222,970.611,970.611,2.720,2.761,33.134,33.134,31.477,10.206,10.155,131.3,151.6,20.4,86.1,0.65614,1.3342E+004,1.0000E+004
836,NONE,HOT,0.30,40000.0,-103.740,286.230,291.366,615.687,615.687,1116.635,802.148,802.148,2.720,2.761,33.134,33.134,31.477,8.326,8.285,109.4,129.8,20.4,64.3,0.58754,1.3342E+004,1.0000E+004
837,NONE,HOT,0.30,40000.0,-103.740,286.230,291.366,615.687,615.687,987.336,667.106,667.106,2.720,2.761,33.134,33.134,31.477,6.642,6.608,87.5,107.9,20.4,47.2,0.53890,1.3342E+004,1.0000E+004
838,NONE,HOT,0.30,40000.0,-103.740,286.230,291.366,615.687,615.687,885.392,561.340,561.340,2.720,2.761,33.134,33.134,31.477,5.223,5.197,65.6,86.0,20.4,34.0,0.51731,1.3342E+004,1.0000E+004
839,NONE,HOT,0.30,40000.0,-103.740,286.230,291.366,615.687,615.687,807.059,480.659,480.659,2.720,2.761,33.134,33.134,31.477,4.115,4.095,43.8,64.1,20.4,24.0,0.54751,1.3342E+004,1.0000E+004
840,NONE,HOT,0.30,40000.0,-103.740,286.230,291.366,615.687,615.687,753.972,426.356,426.356,2.720,2.761,33.134,33.134,31.477,3.333,3.316,21.9,42.2,20.4,17.3,0.78857,1.3342E+004,1.0000E+004
841,NONE,HOT,0.40,40000.0,-103.740,286.230,295.364,624.866,624.866,2200.000,1929.870,1929.870,2.720,2.904,34.851,34.851,33.108,18.048,17.958,212.7,239.8,27.2,224.6,1.05618,1.3252E+004,1.0000E+004
842,NONE,HOT,0.40,40000.0,-103.740,286.230,295.364,624.866,624.866,1938.536,1658.403,1658.403,2.720,2.904,34.851,34.851,33.108,16.425,16.343,191.4,218.6,27.2,182.6,0.95405,1.3252E+004,1.0000E+004
843,NONE,HOT,0.40,40000.0,-103.740,286.230,295.364,624.866,624.866,1699.820,1409.259,1409.259,2.720,2.904,34.851,34.851,33.108,14.641,14.567,170.1,197.3,27.2,145.9,0.85773,1.3252E+004,1.0000E+004
844,NONE,HOT,0.40,40000.0,-103.740,286.230,295.364,624.866,624.866,1485.680,1184.655,1184.655,2.720,2.904,34.851,34.851,33.108,12.725,12.661,148.9,176.0,27.2,114.4,0.76847,1.3252E+004,1.0000E+004
845,NONE,HOT,0.40,40000.0,-103.740,286.230,295.364,624.866,624.866,1297.473,986.797,986.797,2.720,2.904,34.851,34.851,33.108,10.742,10.688,127.6,154.8,27.2,87.8,0.68787,1.3252E+004,1.0000E+004
846,NONE,HOT,0.40,40000.0,-103.740,286.230,295.364,624.866,624.866,1138.181,819.505,819.505,2.720,2.904,34.851,34.851,33.108,8.806,8.762,106.3,133.5,27.2,66.0,0.62075,1.3252E+004,1.0000E+004
847,NONE,HOT,0.40,40000.0,-103.740,286.230,295.364,624.866,624.866,1007.461,682.784,682.784,2.720,2.904,34.851,34.851,33.108,7.055,7.020,85.1,112.2,27.2,48.6,0.57184,1.3252E+004,1.0000E+004
848,NONE,HOT,0.40,40000.0,-103.740,286.230,295.364,624.866,624.866,904.576,575.853,575.853,2.720,2.904,34.851,34.851,33.108,5.577,5.549,63.8,91.0,27.2,35.3,0.55286,1.3252E+004,1.0000E+004
849,NONE,HOT,0.40,40000.0,-103.740,286.230,295.364,624.866,624.866,823.843,492.567,492.567,2.720,2.904,34.851,34.851,33.108,4.387,4.365,42.5,69.7,27.2,24.9,0.58647,1.3252E+004,1.0000E+004
850,NONE,HOT,0.40,40000.0,-103.740,286.230,295.364,624.866,624.866,768.106,435.434,435.434,2.720,2.904,34.851,34.851,33.108,3.534,3.516,21.3,48.4,27.2,17.9,0.84124,1.3252E+004,1.0000E+004
851,NONE,HOT,0.50,40000.0,-103.740,286.230,300.510,636.265,636.265,2200.000,1924.534,1924.534,2.720,3.096,37.148,37.148,35.290,18.997,18.902,206.7,240.6,34.0,223.1,1.07953,1.3138E+004,1.0000E+004
852,NONE,HOT,0.50,40000.0,-103.740,286.230,300.510,636.265,636.265,1945.815,1660.441,1660.441,2.720,3.096,37.148,37.148,35.290,17.304,17.218,186.0,220.0,34.0,182.3,0.97987,1.3138E+004,1.0000E+004
853,NONE,HOT,0.50,40000.0,-103.740,286.230,300.510,636.265,636.265,1712.887,1417.183,1417.183,2.720,3.096,37.148,37.148,35.290,15.448,15.371,165.3,199.3,34.0,146.4,0.88560,1.3138E+004,1.0000E+004
854,NONE,HOT,0.50,40000.0,-103.740,286.230,300.510,636.265,636.265,1503.087,1196.985,1196.985,2.720,3.096,37.148,37.148,35.290,13.463,13.396,144.7,178.6,34.0,115.5,0.79806,1.3138E+004,1.0000E+004
855,NONE,HOT,0.50,40000.0,-103.740,286.230,300.510,636.265,636.265,1317.579,1001.796,1001.796,2.720,3.096,37.148,37.148,35.290,11.403,11.346,124.0,158.0,34.0,89.1,0.71871,1.3138E+004,1.0000E+004
856,NONE,HOT,0.50,40000.0,-103.740,286.230,300.510,636.265,636.265,1159.681,835.759,835.759,2.720,3.096,37.148,37.148,35.290,9.389,9.342,103.3,137.3,34.0,67.5,0.65288,1.3138E+004,1.0000E+004
857,NONE,HOT,0.50,40000.0,-103.740,286.230,300.510,636.265,636.265,1027.958,697.788,697.788,2.720,3.096,37.148,37.148,35.290,7.544,7.506,82.7,116.6,34.0,49.9,0.60370,1.3138E+004,1.0000E+004
858,NONE,HOT,0.50,40000.0,-103.740,286.230,300.510,636.265,636.265,924.183,589.737,589.737,2.720,3.096,37.148,37.148,35.290,5.986,5.956,62.0,96.0,34.0,36.4,0.58670,1.3138E+004,1.0000E+004
859,NONE,HOT,0.50,40000.0,-103.740,286.230,300.510,636.265,636.265,841.511,504.287,504.287,2.720,3.096,37.148,37.148,35.290,4.706,4.682,41.3,75.3,34.0,25.8,0.62349,1.3138E+004,1.0000E+004
860,NONE,HOT,0.50,40000.0,-103.740,286.230,300.510,636.265,636.265,782.700,443.880,443.880,2.720,3.096,37.148,37.148,35.290,3.775,3.756,20.7,54.6,34.0,18.3,0.88603,1.3138E+004,1.0000E+004
861,NONE,HOT,0.60,40000.0,-103.740,286.230,306.737,650.406,650.406,2200.000,1917.819,1917.819,2.720,3.346,40.149,40.149,38.142,20.209,20.108,200.7,241.4,40.7,221.2,1.10252,1.3004E+004,1.0000E+004
862,NONE,HOT,0.60,40000.0,-103.740,286.230,306.737,650.406,650.406,1952.742,1660.696,1660.696,2.720,3.346,40.149,40.149,38.142,18.414,18.322,180.6,221.4,40.7,181.5,1.00499,1.3004E+004,1.0000E+004
863,NONE,HOT,0.60,40000.0,-103.740,286.230,306.737,650.406,650.406,1725.857,1423.544,1423.544,2.720,3.346,40.149,40.149,38.142,16.456,16.374,160.5,201.3,40.7,146.6,0.91289,1.3004E+004,1.0000E+004
864,NONE,HOT,0.60,40000.0,-103.740,286.230,306.737,650.406,650.406,1520.484,1207.795,1207.795,2.720,3.346,40.149,40.149,38.142,14.367,14.295,140.5,181.2,40.7,116.2,0.82698,1.3004E+004,1.0000E+004
865,NONE,HOT,0.60,40000.0,-103.740,286.230,306.737,650.406,650.406,1338.132,1015.715,1015.715,2.720,3.346,40.149,40.149,38.142,12.203,12.142,120.4,161.1,40.7,90.2,0.74911,1.3004E+004,1.0000E+004
866,NONE,HOT,0.60,40000.0,-103.740,286.230,306.737,650.406,650.406,1181.007,850.261,850.261,2.720,3.346,40.149,40.149,38.142,10.079,10.028,100.3,141.1,40.7,68.6,0.68335,1.3004E+004,1.0000E+004
867,NONE,HOT,0.60,40000.0,-103.740,286.230,306.737,650.406,650.406,1049.947,712.752,712.752,2.720,3.346,40.149,40.149,38.142,8.124,8.084,80.3,121.0,40.7,51.0,0.63574,1.3004E+004,1.0000E+004
868,NONE,HOT,0.60,40000.0,-103.740,286.230,306.737,650.406,650.406,944.758,603.024,603.024,2.720,3.346,40.149,40.149,38.142,6.455,6.422,60.2,100.9,40.7,37.3,0.61906,1.3004E+004,1.0000E+004
869,NONE,HOT,0.60,40000.0,-103.740,286.230,306.737,650.406,650.406,861.326,516.584,516.584,2.720,3.346,40.149,40.149,38.142,5.082,5.057,40.1,80.9,40.7,26.5,0.66113,1.3004E+004,1.0000E+004
870,NONE,HOT,0.60,40000.0,-103.740,286.230,306.737,650.406,650.406,799.164,452.603,452.603,2.720,3.346,40.149,40.149,38.142,4.061,4.041,20.1,60.8,40.7,18.6,0.92837,1.3004E+004,1.0000E+004
871,NONE,HOT,0.70,40000.0,-103.740,286.230,314.105,667.085,667.085,2200.000,1909.890,1909.890,2.720,3.659,43.902,43.902,41.707,21.686,21.578,194.6,242.1,47.5,219.1,1.12580,1.2850E+004,1.0000E+004
872,NONE,HOT,0.70,40000.0,-103.740,286.230,314.105,667.085,667.085,1959.442,1659.468,1659.468,2.720,3.659,43.902,43.902,41.707,19.758,19.659,175.1,222.6,47.5,180.4,1.03013,1.2850E+004,1.0000E+004
873,NONE,HOT,0.70,40000.0,-103.740,286.230,314.105,667.085,667.085,1738.640,1428.430,1428.430,2.720,3.659,43.902,43.902,41.707,17.669,17.580,155.7,203.2,47.5,146.3,0.94010,1.2850E+004,1.0000E+004
874,NONE,HOT,0.70,40000.0,-103.740,286.230,314.105,667.085,667.085,1537.926,1217.342,1217.342,2.720,3.659,43.902,43.902,41.707,15.445,15.368,136.2,183.7,47.5,116.6,0.85585,1.2850E+004,1.0000E+004
875,NONE,HOT,0.70,40000.0,-103.740,286.230,314.105,667.085,667.085,1359.095,1028.727,1028.727,2.720,3.659,43.902,43.902,41.707,13.149,13.083,116.7,164.3,47.5,91.0,0.77961,1.2850E+004,1.0000E+004
876,NONE,HOT,0.70,40000.0,-103.740,286.230,314.105,667.085,667.085,1203.137,864.244,864.244,2.720,3.659,43.902,43.902,41.707,10.890,10.836,97.3,144.8,47.5,69.5,0.71401,1.2850E+004,1.0000E+004
877,NONE,HOT,0.70,40000.0,-103.740,286.230,314.105,667.085,667.085,1072.531,726.948,726.948,2.720,3.659,43.902,43.902,41.707,8.792,8.748,77.8,125.4,47.5,51.9,0.66714,1.2850E+004,1.0000E+004
878,NONE,HOT,0.70,40000.0,-103.740,286.230,314.105,667.085,667.085,966.081,615.666,615.666,2.720,3.659,43.902,43.902,41.707,6.988,6.953,58.4,105.9,47.5,37.9,0.65009,1.2850E+004,1.0000E+004
879,NONE,HOT,0.70,40000.0,-103.740,286.230,314.105,667.085,667.085,882.186,528.546,528.546,2.720,3.659,43.902,43.902,41.707,5.507,5.479,38.9,86.4,47.5,27.1,0.69688,1.2850E+004,1.0000E+004
880,NONE,HOT,0.70,40000.0,-103.740,286.230,314.105,667.085,667.085,817.648,461.984,461.984,2.720,3.659,43.902,43.902,41.707,4.395,4.373,19.5,67.0,47.5,18.9,0.97092,1.2850E+004,1.0000E+004
881,NONE,HOT,0.80,40000.0,-103.740,286.230,322.614,686.272,686.272,2200.000,1900.780,1900.780,2.720,4.042,48.508,48.508,46.083,23.448,23.330,188.3,242.6,54.3,216.5,1.15001,1.2680E+004,1.0000E+004
882,NONE,HOT,0.80,40000.0,-103.740,286.230,322.614,686.272,686.272,1966.162,1657.035,1657.035,2.720,4.042,48.508,48.508,46.083,21.353,21.246,169.5,223.8,54.3,178.9,1.05603,1.2680E+004,1.0000E+004
883,NONE,HOT,0.80,40000.0,-103.740,286.230,322.614,686.272,686.272,1751.026,1431.645,1431.645,2.720,4.042,48.508,48.508,46.083,19.096,19.000,150.6,205.0,54.3,145.7,0.96750,1.2680E+004,1.0000E+004
884,NONE,HOT,0.80,40000.0,-103.740,286.230,322.614,686.272,686.272,1555.500,1225.743,1225.743,2.720,4.042,48.508,48.508,46.083,16.710,16.627,131.8,186.1,54.3,116.7,0.88522,1.2680E+004,1.0000E+004
885,NONE,HOT,0.80,40000.0,-103.740,286.230,322.614,686.272,686.272,1380.166,1040.544,1040.544,2.720,4.042,48.508,48.508,46.083,14.254,14.183,113.0,167.3,54.3,91.5,0.81028,1.2680E+004,1.0000E+004
886,NONE,HOT,0.80,40000.0,-103.740,286.230,322.614,686.272,686.272,1226.262,877.949,877.949,2.720,4.042,48.508,48.508,46.083,11.832,11.773,94.1,148.5,54.3,70.2,0.74558,1.2680E+004,1.0000E+004
887,NONE,HOT,0.80,40000.0,-103.740,286.230,322.614,686.272,686.272,1095.902,740.616,740.616,2.720,4.042,48.508,48.508,46.083,9.570,9.522,75.3,129.6,54.3,52.6,0.69858,1.2680E+004,1.0000E+004
888,NONE,HOT,0.80,40000.0,-103.740,286.230,322.614,686.272,686.272,989.008,628.607,628.607,2.720,4.042,48.508,48.508,46.083,7.606,7.568,56.5,110.8,54.3,38.5,0.68204,1.2680E+004,1.0000E+004
889,NONE,HOT,0.80,40000.0,-103.740,286.230,322.614,686.272,686.272,903.824,539.931,539.931,2.720,4.042,48.508,48.508,46.083,6.001,5.971,37.7,92.0,54.3,27.5,0.73012,1.2680E+004,1.0000E+004
890,NONE,HOT,0.80,40000.0,-103.740,286.230,322.614,686.272,686.272,837.991,471.888,471.888,2.720,4.042,48.508,48.508,46.083,4.783,4.759,18.8,73.2,54.3,19.1,1.01333,1.2680E+004,1.0000E+004
891,NONE,HOT,0.90,40000.0,-103.740,286.230,332.267,707.918,707.918,2200.000,1890.480,1890.480,2.720,4.507,54.078,54.078,51.374,25.504,25.377,181.7,242.8,61.1,213.7,1.17583,1.2494E+004,1.0000E+004
892,NONE,HOT,0.90,40000.0,-103.740,286.230,332.267,707.918,707.918,1972.895,1653.410,1653.410,2.720,4.507,54.078,54.078,51.374,23.210,23.094,163.5,224.7,61.1,177.2,1.08337,1.2494E+004,1.0000E+004
893,NONE,HOT,0.90,40000.0,-103.740,286.230,332.267,707.918,707.918,1763.548,1433.772,1433.772,2.720,4.507,54.078,54.078,51.374,20.752,20.648,145.4,206.5,61.1,144.8,0.99623,1.2494E+004,1.0000E+004
894,NONE,HOT,0.90,40000.0,-103.740,286.230,332.267,707.918,707.918,1573.099,1232.917,1232.917,2.720,4.507,54.078,54.078,51.374,18.171,18.080,127.2,188.3,61.1,116.5,0.91555,1.2494E+004,1.0000E+004
895,NONE,HOT,0.90,40000.0,-103.740,286.230,332.267,707.918,707.918,1401.758,1051.647,1051.647,2.720,4.507,54.078,54.078,51.374,15.529,15.452,109.0,170.1,61.1,91.8,0.84219,1.2494E+004,1.0000E+004
896,NONE,HOT,0.90,40000.0,-103.740,286.230,332.267,707.918,707.918,1250.375,891.405,891.405,2.720,4.507,54.078,54.078,51.374,12.917,12.852,90.9,152.0,61.1,70.7,0.77862,1.2494E+004,1.0000E+004
897,NONE,HOT,0.90,40000.0,-103.740,286.230,332.267,707.918,707.918,1120.637,754.413,754.413,2.720,4.507,54.078,54.078,51.374,10.468,10.416,72.7,133.8,61.1,53.2,0.73162,1.2494E+004,1.0000E+004
898,NONE,HOT,0.90,40000.0,-103.740,286.230,332.267,707.918,707.918,1013.402,641.758,641.758,2.720,4.507,54.078,54.078,51.374,8.327,8.286,54.5,115.6,61.1,39.0,0.71524,1.2494E+004,1.0000E+004
899,NONE,HOT,0.90,40000.0,-103.740,286.230,332.267,707.918,707.918,927.158,551.747,551.747,2.720,4.507,54.078,54.078,51.374,6.572,6.539,36.3,97.5,61.1,27.8,0.76448,1.2494E+004,1.0000E+004
900,NONE,HOT,0.90,40000.0,-103.740,286.230,332.267,707.918,707.918,860.179,482.340,482.340,2.720,4.507,54.078,54.078,51.374,5.231,5.205,18.2,79.3,61.1,19.2,1.05636,1.2494E+004,1.0000E+004
